Condensate_ID,Times (s),x_position (um),y_position (um),Length_of_major_axis (um),Length_of_minor_axis (um),Aspect_ratio,Area (um^2),Angle (degrees)
5,1.406,6.434,12.312,2.9212836481612,2.12220411629913,1.37653283476595,19.4764927264165,34.9822658454697
5,1.558,6.436,12.29,3.08043196546639,2.80195408587117,1.09938702457668,27.115805403867,0.654453720426103
5,1.71,6.456,12.265,2.67918284550882,2.00044229734688,1.33929523938887,16.837525063194,82.1881638191088
5,1.786,6.482,12.24,2.66843141509892,1.99188645665143,1.33965036319632,16.6982322162931,-88.8893658841484
5,1.862,6.355,12.262,2.63537519610442,1.99697031130721,1.31968671801601,16.5334670841397,90
5,1.938,6.293,12.26,2.4509993895169,2.19864563076174,1.11477691321622,16.9296629877512,50.0990504228117
5,2.014,6.325,12.276,2.61228068404562,1.98981299191137,1.31282723284278,16.3298416708045,87.1160555510429
5,2.166,6.301,12.211,2.73677479488202,2.35609230382065,1.16157367453052,20.2572848390539,-83.4082445096084
5,2.318,6.24,12.196,2.32563963663402,2.03122219544675,1.14494595512359,14.8405407861387,77.2029853770006
5,2.47,6.252,12.282,3.07695880767556,2.63537519610442,1.16756005453185,25.4749892263829,9.03960636152732e-16
5,2.622,6.202,12.318,2.2990214008853,1.63484760468259,1.40626037209852,11.8078319068644,-88.582277159979
5,2.698,6.245,12.253,3.12516080050059,1.81638570334454,1.72053809647708,17.8332425258211,0
5,2.774,6.191,12.206,2.67700942560625,1.78675009410715,1.49825621077914,15.0266989834111,-89.1729046272159
5,2.85,6.033,12.222,2.62858031487723,2.51575019916348,1.04484949091975,20.7748855367042,16.6367901101534
5,2.926,6.141,12.333,2.7238738220119,2.53283938326172,1.07542303709135,21.6742714910333,-15.2313055563411
5,3.002,6.199,12.486,2.61827110322168,1.78110838993617,1.47002345169769,14.6505805552735,78.8567228881285
5,NaN,6.142,12.516,NaN,NaN,NaN,NaN,NaN
5,3.23,6.207,12.428,2.29837455713912,2.14026307302682,1.07387478955505,15.4538907088451,-28.0294101829703
5,3.306,6.197,12.434,2.39576866929011,2.30886631896266,1.03763853697969,17.37774988665,-32.8666057837334
5,3.382,6.064,12.485,2.18623181290179,2.16114440214503,1.01160839170759,14.8432796131127,62.1434384886038
5,3.458,6.079,12.441,2.59725072130691,2.11695214483234,1.22688211334726,17.2732790396693,-27.3707800656286
5,3.534,6.073,12.423,2.26030576437586,1.90631262568287,1.18569521804756,13.5366496724062,72.9705798767853
5,3.61,6.133,12.407,2.54416570152915,2.39844773489633,1.06075511444868,19.1701506264566,-14.0085656930915
5,3.686,6.09,12.422,2.40908308379403,1.9904435088804,1.21032477085929,15.0643884925481,82.9200706170472
5,3.762,6.083,12.465,2.69077900160848,2.42612701527609,1.10908414302549,20.5088560277095,-30.5916758918319
5,3.838,6.101,12.496,2.58511901794388,1.85072894776121,1.39681125162658,15.030493263267,78.753200370305
5,NaN,5.961,12.53,NaN,NaN,NaN,NaN,NaN
5,4.066,6.062,12.544,2.60410151815578,2.23285710216626,1.16626429681924,18.2670624506421,-15.4871460360828
5,4.142,6.032,12.551,2.47318089396042,2.33938105302316,1.05719454757674,18.1763519612748,-88.3824924711077
5,4.218,5.933,12.612,2.70555576423209,1.85891562964849,1.45544839210572,15.8003257684326,-1.10881755409579
5,4.294,5.974,12.605,2.73621975032752,2.36476414446155,1.15707934625783,20.3277203687165,-6.25749783656778
5,4.37,5.916,12.552,2.46046669094091,2.07139683933869,1.18782970226334,16.0114503134545,6.04737853850606
5,4.446,5.854,12.531,2.44153198036194,2.00879373145592,1.21542194309437,15.4080484150227,-15.1282185817646
5,4.522,5.793,12.509,2.48214960602029,2.366735398063,1.04876515053256,18.4555729835686,-61.6992442339936
5,4.598,5.866,12.436,2.40111257688957,2.14347172528439,1.1201979240342,16.1688880590276,-7.97833230770151
5,4.674,5.918,12.407,2.37422787250067,2.24586302173325,1.05715613531423,16.7515707662905,-78.1667628111019
5,NaN,5.842,12.483,NaN,NaN,NaN,NaN,NaN
5,4.902,5.822,12.526,2.40780028981209,2.02184381964767,1.1908933155043,15.2938892136437,-0.755072048063713
5,4.978,5.808,12.548,2.40590585799329,2.22526380570877,1.0811778144331,16.8193809181406,14.7773329930033
5,5.054,5.801,12.569,2.42776025849223,1.90934479273936,1.27151485039488,14.5626372562466,9.67879526051816
5,NaN,5.749,12.551,NaN,NaN,NaN,NaN,NaN
5,5.282,5.805,12.519,2.3741052417565,1.93757270884542,1.22529865894488,14.4513309954132,3.95810451200697
5,5.358,5.893,12.535,2.43966182226515,2.22607728291834,1.09594659672678,17.0615993918953,-40.7865154892597
5,5.434,5.88,12.568,2.37154986670317,2.0057380599941,1.18238264208346,14.9436383702955,7.56654157424352
5,5.51,5.881,12.595,2.37379686859119,2.04683300084138,1.15974135047432,15.2642628420311,0
5,5.586,5.927,12.633,2.37154986670317,2.0057380599941,1.18238264208346,14.9436383702955,7.56654157424352
5,5.662,5.883,12.659,2.38320364173379,1.994315908226,1.19499806018883,14.931552997721,6.938764901604
5,5.738,5.858,12.687,2.41541678701655,1.72136072650843,1.40320198423251,13.0621252301249,5.3921489337813
5,NaN,5.896,12.67,NaN,NaN,NaN,NaN,NaN
5,5.966,5.973,12.646,2.63292199944459,1.84636892869311,1.42599994970031,15.2723669055007,-0.205527691647306
5,6.042,5.981,12.658,2.73147775193655,1.89394753690144,1.44221405224631,16.2523244954896,-10.1938625112306
37,40.014,2.053,39.971,2.14856563524624,1.92521046991858,1.11601597270407,12.9950128344269,-22.4430460198534
37,40.09,2.02,39.94,2.44603638993711,1.91032265488585,1.28043102230982,14.6797788356283,-58.0689071360059
37,40.166,1.959,39.936,2.36063595465093,1.69580675676091,1.39204301742486,12.5763684255737,85.0670965284578
37,40.242,1.994,39.969,2.32586785981213,2.19225317887333,1.06094856297915,16.0186391646296,-7.89620176442865
37,40.318,2.002,39.963,2.17342848999192,2.07821565569531,1.04581470360676,14.1901125616545,22.1756981205543
37,40.394,2.001,40.024,2.40265447787683,2.1878528183176,1.09817920920494,16.514266753974,-23.7818851057325
37,NaN,1.98,40.031,NaN,NaN,NaN,NaN,NaN
37,40.622,1.962,39.953,2.16081078168771,1.90360879498556,1.13511283798418,12.9224337253079,85.8928505582118
37,40.698,1.869,39.943,2.21582758631904,1.74418449265134,1.27040894793805,12.1416653462507,7.54476221282748
37,40.774,1.85,39.974,2.2799374477016,1.90118185464843,1.19922112770386,13.617471192211,90
37,40.85,1.939,39.972,2.11846630098312,1.90341365925246,1.11298260926377,12.6678996442764,32.3611388822236
37,40.926,1.873,39.983,2.64502806685639,1.54294562192211,1.71427173406239,12.821262086911,81.8229327587732
37,NaN,1.7,40.013,NaN,NaN,NaN,NaN,NaN
37,NaN,1.61,39.963,NaN,NaN,NaN,NaN,NaN
37,NaN,1.599,39.942,NaN,NaN,NaN,NaN,NaN
37,NaN,1.613,39.983,NaN,NaN,NaN,NaN,NaN
40,42.37,16.391,67.659,3.20375184744429,1.93829425017565,1.65287176967788,19.5087053667738,25.5419937616767
40,42.446,16.36,67.444,2.77017353868212,1.59676920363949,1.73486157696937,13.8962941061486,1.57404804978138
40,42.522,16.339,67.335,2.41449705640178,1.61708771429945,1.49311446438623,12.2662025139398,-6.40732451353731
40,42.598,16.523,67.293,2.41923861473947,2.00355352202468,1.20747391479451,15.2275322180245,36.0699529646605
40,42.674,16.448,67.154,2.64589224708687,2.03689385179303,1.29898386445506,16.9313046327637,9.43472212658791
40,42.75,16.491,66.952,3.16122573740241,2.58040781130231,1.22508764837716,25.6267616563223,-17.0084060844353
40,NaN,16.653,66.678,NaN,NaN,NaN,NaN,NaN
40,42.978,16.659,66.45,3.03059176738376,2.36473035204966,1.2815802718297,22.5143253416461,-7.38453971256157
40,43.054,16.552,66.33,2.81034212890602,2.26002785885529,1.24349888780993,19.9536733853594,0.268493142685536
40,43.13,16.573,66.126,2.89406530722427,2.23354034434401,1.2957300344061,20.3072914270701,-8.39226937426
40,43.206,16.504,66.007,3.07470345200409,2.16140896891062,1.42254589308648,20.8780559648245,25.3499715172749
40,43.282,16.41,65.937,2.70144687412468,2.39563787181268,1.12765243274461,20.3314088605038,12.7200260334332
40,43.358,16.498,65.777,2.94732920089521,1.9820342871624,1.48702230833493,18.3522654661008,15.2413544438228
40,43.434,16.527,65.568,2.75739166464254,2.43558498318048,1.13212705928324,21.0985018771069,38.4574700318839
40,43.51,16.547,65.402,2.4509993895169,2.19864563076174,1.11477691321622,16.9296629877512,39.9009495771883
40,43.586,16.482,65.366,2.62917236585654,2.22070676803495,1.1839349542682,18.3425684234542,14.226429407289
40,43.662,16.507,65.293,2.56158198673225,2.53178202506855,1.01177035043643,20.3743820448086,-43.6084896230717
40,43.738,16.529,65.114,2.51523959214484,2.20351949437644,1.14146464261557,17.4118986399261,13.8120798868538
40,43.814,16.494,65.027,2.99299787349715,2.18119881389357,1.3721802223771,20.5093328703229,0.223777948861998
40,43.89,16.461,64.953,2.72424007765494,2.27128247762476,1.1994281224341,19.4386634590675,7.79372168515529
40,43.966,16.486,64.836,2.26327636896797,1.91444160150483,1.18221227912564,13.6122395958298,16.1358260668686
40,44.042,16.403,64.774,2.11438981618373,1.79182094444821,1.18002293852796,11.9022629261928,17.4272277830518
40,44.118,16.31,64.647,2.19548778177992,1.68159769929591,1.3055963282414,11.5985313775071,-12.2786748390744
40,44.194,16.39,64.439,2.08840059373039,1.85083592648652,1.12835533601017,12.1431567649777,38.2177462800224
40,44.27,16.326,64.257,2.24994014654552,1.60135829680322,1.4050198203844,11.3190336755704,4.69398825754439
40,44.346,16.288,64.011,2.35831920172346,1.96072772445567,1.20277750567237,14.5267930486628,-3.70023735251851
40,44.422,16.229,63.763,1.96368853080669,1.6273935262511,1.20664639445278,10.0395688017153,70.9942448649918
40,44.498,16.135,63.576,2.24010771497994,1.61207423540844,1.38958099185326,11.3449820084247,0
40,44.574,16.272,63.347,1.81123007226557,1.29787529908983,1.39553474323439,7.38510135498858,-2.65046325826285
40,44.65,16.302,63.182,2.33916834253551,1.91470935656379,1.22168324634579,14.070651608491,8.88147597759186
40,44.726,16.28,63.046,2.26030576437586,1.90631262568287,1.18569521804756,13.5366496724062,17.0294201232147
40,44.802,16.342,62.838,2.46963710773955,2.00756127247526,1.23016773714436,15.5758524311213,-14.8629167493019
40,44.878,16.365,62.672,1.92591671646369,1.5658580612279,1.2299433544784,9.47413934227281,-8.53551064565955
40,44.954,16.341,62.601,1.99697031130721,1.34522206017615,1.48449120069122,8.4394755956031,0
40,45.03,16.404,62.469,1.99697031130721,1.34522206017615,1.48449120069122,8.4394755956031,0
40,45.106,16.479,62.288,2.25474471291765,1.71164957626815,1.31729341342963,12.1244516742091,0
40,45.182,16.403,62.116,2.29338294519981,1.020159464659,2.24806319467555,7.35012143569498,0
40,45.258,16.43,61.95,2.36958468583477,1.57731699881463,1.50228818152315,11.7419733640944,3.84576054908413
40,45.334,16.341,61.833,2.09983380094539,1.33196328871486,1.57649525233643,8.78672531599264,-2.19003022753183
40,45.41,16.309,61.748,2.02626216572271,1.4179581261825,1.4290000024034,9.0262823379721,-10.4748507351974
40,45.486,16.393,61.706,1.70928916967397,1.55190752614225,1.10141174063569,8.333573168503,45
40,45.562,16.355,61.654,1.91772857093877,1.62035868140676,1.18352102713076,9.76221057962435,0
40,45.638,16.292,61.596,1.90403962886212,1.12097527695219,1.69855630896606,6.70535677003537,1.85764455271438
40,45.714,16.23,61.563,1.88169883145446,1.53989168339589,1.2219683057868,9.10311776976795,19.6048839962283
40,45.79,16.215,61.469,1.86261258327103,1.70408774514149,1.09302621803455,9.97158874062054,59.9686664038115
40,45.866,16.22,61.372,1.97266550745459,1.90844063408659,1.03365306325011,11.8272010242046,45
40,45.942,16.307,61.305,1.72905382906889,1.5075960513064,1.14689463903185,8.18923583069411,-50.3921489337813
40,46.018,16.314,61.232,2.10829447087016,1.66571441302137,1.26569984289565,11.0326968763829,0
40,46.094,16.31,61.209,2.02776648362564,1.45640271410839,1.39231166214012,9.27789157206768,-9.63804942673393
40,46.17,16.299,61.231,2.0570262239357,1.36887032336228,1.50271810910703,8.84610335570204,-6.16124831877628
40,46.246,16.213,61.273,1.98344576543231,1.63872304115197,1.21036057687821,10.2111760198755,-12.491578503655
40,46.322,16.156,61.302,1.98344576543231,1.63872304115197,1.21036057687821,10.2111760198755,-12.491578503655
40,46.398,16.149,61.286,1.91772857093877,1.62035868140676,1.18352102713076,9.76221057962435,90
40,46.474,16.117,61.206,1.8839791933379,1.3762831522509,1.36888923638763,8.14580047785591,-3.4905287034149
40,46.55,16.021,61.138,1.92066286652082,1.28077196246431,1.4996134540807,7.72810162536345,1.86233422850551
40,46.626,15.946,61.073,1.96073500454383,1.50080216246026,1.30645800864892,9.24468721380468,17.7419898975159
40,46.702,15.905,61.001,1.5865799095929,1.5865799095929,1,7.90812952655316,0
40,46.778,15.902,60.945,1.70928916967397,1.55190752614225,1.10141174063569,8.333573168503,-45
40,46.854,15.891,60.881,1.79009314598916,1.39683467717167,1.28153544241454,7.85543990374599,-80.3549768904056
40,46.93,15.859,60.805,1.8314907912732,1.82149622393986,1.00548700963635,10.480521357601,45.0000000000015
40,47.006,15.752,60.786,2.59977249114696,1.51621689112811,1.71464419527251,12.3835894996087,-2.13532720480467
40,47.082,15.745,60.799,1.69294291788822,1.45330180741606,1.16489424925318,7.72943948400826,-69.0899150599321
40,47.158,15.772,60.668,1.86143540426318,1.62314904208524,1.1468049797028,9.49196749606702,-79.1296104727641
40,47.234,15.74,60.559,1.7217517608316,1.35224758855024,1.27325186261009,7.31436492463308,12.8205029121526
40,47.31,15.747,60.573,1.63674159894847,1.34433858169072,1.21750697424008,6.91255589358016,0
40,47.386,15.796,60.524,1.87385935415827,1.64658126950971,1.13803028666556,9.69326385442845,-7.71671224761145
40,47.462,15.822,60.483,1.63674159894847,1.34433858169072,1.21750697424008,6.91255589358016,0
40,47.538,15.762,60.389,1.63674159894847,1.34433858169072,1.21750697424008,6.91255589358016,0
40,47.614,15.716,60.237,2.01527395811404,1.4692791075795,1.37160730573105,9.30225560445309,-84.3980993885362
40,47.69,15.651,60.178,1.60093839148586,1.54213220358481,1.03813303928441,7.75614819591277,45
40,47.766,15.615,60.058,2.20828818511738,1.61125908876326,1.37053575090296,11.1781775034925,-77.0138213207694
40,47.842,15.604,59.925,2.10552040405529,1.59729596037621,1.31817800600922,10.5656135164628,24.1165597455207
40,47.918,15.605,59.87,2.32424106286027,1.610297335085,1.44336142910997,11.7580991105567,9.79313413487069
40,47.994,15.593,59.795,1.98344576543231,1.63872304115197,1.21036057687821,10.2111760198755,12.491578503655
40,48.07,15.522,59.636,1.86143540426318,1.62314904208524,1.1468049797028,9.49196749606702,-79.1296104727641
40,48.146,15.568,59.409,2.02776648362564,1.45640271410839,1.39231166214012,9.27789157206768,-9.63804942673393
40,48.222,15.658,59.119,1.8020271970721,1.5687395314782,1.14871026127204,8.8810037750873,16.110633405797
40,48.298,15.655,58.803,1.75514481833646,1.40411585466917,1.25,7.74222471131078,90
40,48.374,15.637,58.464,1.80673085859458,1.25975915772273,1.43418751712876,7.15040859064176,-17.2341887044085
40,48.45,15.637,58.113,2.38261881524401,1.82724431958823,1.30394101637209,13.6773216443076,-22.6779349153109
40,48.526,15.681,57.769,1.84279321408805,1.52980744408692,1.20459161132396,8.8565228388697,9.7452652539877
40,NaN,15.668,57.196,NaN,NaN,NaN,NaN,NaN
40,48.754,15.611,56.615,2.35390878487105,1.70332096301029,1.38195257147013,12.5960969241461,0
40,48.83,15.659,56.241,2.75074633361171,1.98114231687849,1.38846478124086,17.1204860453814,12.7687171953182
40,48.906,15.79,55.81,1.8020271970721,1.5687395314782,1.14871026127204,8.8810037750873,16.110633405797
40,48.982,15.917,55.326,1.71425531749871,1.58254633226178,1.08322599000858,8.52279047249394,22.3574743612081
40,49.058,16.064,54.975,2.28259985912844,1.85022492496369,1.23368776862264,13.2679609914457,36.7878709845174
40,49.134,16.128,54.716,2.18705924044415,1.85372052161812,1.17982145363264,12.7366342422207,45
40,49.21,16.19,54.32,2.42857174262302,2.06443659330677,1.17638475819351,15.750790636917,-80.1005618227375
40,49.286,16.299,53.848,2.06915443458505,1.63456530470973,1.26587443684454,10.6253942955016,-20.5045434507851
40,49.362,16.307,53.465,2.2284550636943,1.64366689589186,1.3557826523513,11.5071443777339,5.26769090781276
40,49.438,16.166,52.996,2.03221605827896,1.86480793043477,1.08977231655442,11.9056705001219,-60.9453959009228
40,49.514,16.117,52.537,2.28822107853212,1.7406904280722,1.31454797569394,12.5132290940348,-8.43383533977278
40,49.59,16.137,52.211,2.29241809644276,2.10073461859617,1.0912459270913,15.1291626949753,50.3611870627095
40,49.666,16.033,51.858,2.31690278822033,2.02952707215339,1.1415973800054,14.7724501699134,-47.2569942290006
40,49.742,16.015,51.521,1.98344576543231,1.63872304115197,1.21036057687821,10.2111760198755,-12.491578503655
40,49.818,15.982,51.152,1.97775467759232,1.35540328338324,1.4591632629483,8.42152663202985,0
40,49.894,15.989,50.695,1.97775467759232,1.35540328338324,1.4591632629483,8.42152663202985,0
40,49.97,16.038,50.343,1.92591671646369,1.5658580612279,1.2299433544784,9.47413934227281,-8.53551064565955
40,50.046,15.946,50.066,1.95129191589286,1.68773226362366,1.15616200386152,10.3460761513982,-55.4056608779906
40,50.122,16.027,49.721,2.06196880014501,1.54118759907807,1.33790902637581,9.98360680080945,4.96723457580258
40,50.198,16.117,49.379,1.98502292505828,1.20445118359348,1.64807254299503,7.51111830113302,-3.21173521827828
40,50.274,16.047,49.08,1.8110026962214,1.63426827352011,1.10814284629084,9.29805946393101,-14.3630653326522
40,50.35,16.059,48.807,1.97203733301551,1.31744510005548,1.49686490384493,8.16201768866096,-5.11252369227566
40,50.426,16.177,48.468,1.84723518704912,1.22778173585051,1.50453059620528,7.12513724179392,-6.08572910429374
40,50.502,16.304,48.14,1.99697031130721,1.34522206017615,1.48449120069122,8.4394755956031,0
40,50.578,16.266,47.926,1.51661846077237,1.49693111579394,1.01315180422847,7.13227412423764,-56.30993247402
40,50.654,16.285,47.695,1.99697031130721,1.34522206017615,1.48449120069122,8.4394755956031,0
40,50.73,16.307,47.42,2.1927694030694,1.52393339770982,1.43888795032953,10.4980544804199,-3.18558400791552
40,50.806,16.398,47.155,2.03182917124382,1.52205086562483,1.33492856062318,9.71552403216225,-6.18324857660742
40,50.882,16.554,46.842,2.00500245892671,1.29550111003133,1.54766556616708,8.16023323150987,4.44792848483165
40,50.958,16.652,46.63,2.23930353167541,1.78950047913797,1.25135676563446,12.5890992294055,-4.52648638921886
40,51.034,16.8,46.37,1.99697031130721,1.34522206017615,1.48449120069122,8.4394755956031,0
40,51.11,16.8,46.016,1.76660087796737,1.31509239395245,1.34332833654214,7.29868432808643,-4.23202283198134
40,51.186,16.902,45.657,1.95914230718012,1.44112847635849,1.35945013877636,8.86989657143648,2.36671916528774
40,51.262,17.033,45.212,2.22548478533074,1.63968993655483,1.35725952554587,11.4640014804809,-2.91528123220188
40,51.338,17.12,44.805,2.37011861664802,1.53752861462682,1.54151187438113,11.4483569355806,0.462955893200035
40,51.414,17.203,44.417,2.25939571026664,1.99527108705003,1.13237530726069,14.1626356282787,15.0568665754912
40,51.49,17.154,43.99,2.07526744088681,1.60638586269887,1.2918860213325,10.4730654719124,-23.9763697738197
40,51.566,17.257,43.632,2.17164557365606,1.56111487036491,1.39108634148648,10.6505903377413,-4.71557041724911
40,51.642,17.345,43.28,2.32744109160409,1.78240282068067,1.30578849214078,13.0327009832423,-3.24596978873533
40,51.718,17.271,42.983,2.26807591442498,1.54288879161009,1.47001904917471,10.9936544819302,2.66270534509323
40,51.794,17.311,42.713,2.14464599900236,1.78137453827931,1.20392761483722,12.0021964194964,31.9831350164187
40,51.87,17.402,42.415,2.23623392891532,1.74636872994786,1.28050502197327,12.2688272523564,-39.9122445784784
40,51.946,17.347,42.271,2.19460139358341,1.72682650280846,1.27088702311099,11.9056806402553,-0.480624193012379
40,52.022,17.264,42.094,2.11635973642699,1.96153726730757,1.07892914995795,13.0417516835585,11.6983697665565
40,52.098,17.3,41.819,2.30722118981194,1.82784668712046,1.26226187681346,13.2488709628606,3.03740154407133
40,52.174,17.376,41.552,2.23903294075574,2.14292848151248,1.0448472546202,15.0736363149579,-35.7228839888841
40,52.25,17.322,41.309,2.14509595300981,2.00429953957829,1.07024719142586,13.5070100477066,1.10399418695428e-14
40,52.326,17.178,41.102,2.28288151308095,2.17974179768842,1.04731740039206,15.6328548663411,76.9623222080256
40,52.402,17.102,40.944,2.30124211879277,2.18688101934703,1.05229415703644,15.8101992082147,-32.1778099329755
40,52.478,17.007,40.788,2.42428249514885,2.04122574449057,1.18766016041694,15.5461958795663,-14.8249317537878
40,52.554,16.923,40.603,1.93459803088011,1.31186170906923,1.47469662198824,7.97312678402633,7.20249820514168
40,52.63,16.901,40.452,2.07535468544953,1.70863859778558,1.21462472411616,11.1401853149065,-11.1703239799971
40,52.706,16.905,40.192,2.38372244802276,1.68729252199969,1.41274996299853,12.6356020835284,3.0791889755579
40,52.782,16.962,39.881,2.45393011015132,2.27282770229844,1.07968153840686,17.5217942512657,0
40,52.858,16.975,39.599,2.37260812890231,1.95811065400639,1.2116823551559,14.5953030572959,0
40,52.934,16.991,39.277,2.41930017429283,1.60202039104792,1.51015566831225,12.1760849395832,0
40,53.01,16.99,39,2.60698708284866,1.377138263411,1.89304672748798,11.2788883407038,1.29567979332313
40,53.086,16.933,38.684,2.41930017429283,1.60202039104792,1.51015566831225,12.1760849395832,0
40,53.162,16.919,38.343,2.54956566033316,1.56081611932421,1.63348239985954,12.5016637957195,-3.06862797463099
40,53.238,16.921,38.009,2.41930017429283,1.60202039104792,1.51015566831225,12.1760849395832,0
40,53.314,16.887,37.655,2.61342351642256,1.96769719109106,1.32816346349178,16.1554080963316,2.4225930812621e-15
40,53.39,16.861,37.32,2.22010209975427,1.97823615162724,1.12226343549939,13.7975175282542,-13.5704343851615
40,53.466,16.943,37.09,2.30185084949771,1.70167603653966,1.3526962830002,12.3056323422423,0
40,53.542,17.025,36.754,2.53130585535082,2.17735544722061,1.16255977340862,17.3150531351929,0
40,53.618,16.888,36.362,2.36223751880248,2.16795150182971,1.08961732622192,16.0887757460645,-8.13010235415598
40,53.694,16.846,36.013,2.35373351251027,1.96935248717763,1.19518142528335,14.5623216501011,15.0125805490752
40,53.77,16.908,35.737,2.53130585535082,2.17735544722061,1.16255977340862,17.3150531351929,0
40,53.846,16.949,35.515,2.79908431455384,1.9225212868237,1.45594451085551,16.9058499654546,-3.13995548648296
40,53.922,16.931,35.171,2.32846272606341,1.85747068168877,1.25356634105602,13.5875492241879,0
40,53.998,16.975,34.804,2.64976201779716,2.0084962217368,1.31927657573876,16.7196723452515,9.1804137726832
40,54.074,17.116,34.497,2.70950130712892,1.70543288737298,1.58874695521006,14.5168995313255,-4.46702990605179e-16
40,54.15,17.157,34.203,2.66808868554017,1.33215252174874,2.00284024687934,11.1661661323311,2.26441211846627
40,54.226,17.226,33.927,2.75571055785529,1.63909270043336,1.68124143138867,14.1901500893997,1.84244534741699
40,54.302,17.244,33.606,2.32215792617891,2.01438259338963,1.15278891596823,14.6954735263726,-3.79151193183906
40,54.378,17.086,33.272,2.80931656544163,1.31173449533293,2.14168078634586,11.577012236033,2.59652399353261
40,54.606,17.241,32.354,2.47685679559877,1.97023922424737,1.25713505503116,15.3309734423852,6.25420706206935
40,54.834,17.558,31.382,2.33754925526918,2.12308315298084,1.10101634596234,15.5911319708726,28.8856212824508
40,54.91,17.569,31.01,2.57415826544693,1.93144047050328,1.33276603900516,15.6194754456794,0.877821400809224
40,54.986,17.613,30.728,2.54012906330045,2.12209977402387,1.19698851787912,16.9344640087897,-19.5042367050186
40,55.062,17.658,30.425,2.52019883379403,2.17095805693596,1.16086942616984,17.1884261243042,-17.5266448612496
40,55.138,17.586,30.099,2.6689686627845,2.31968582358359,1.15057333870382,19.4501303270088,6.17924511540302
40,55.214,17.72,29.829,3.0621929379318,2.02582950849797,1.51157485123328,19.4888097531299,2.50493752927722
40,55.29,17.768,29.53,2.16301584531313,1.70639871842945,1.26759110983389,11.5955162770338,3.36425604688434
40,55.366,17.766,29.241,2.2549556457629,1.32243140216035,1.70515887786631,9.36830518268547,-5.90572614797685
40,55.442,17.9,28.979,2.90972547529343,1.75304749653142,1.65980983461693,16.0249090005066,11.797823940026
40,55.518,17.895,28.69,1.994731253134,1.51982557316198,1.31247380512488,9.52418916812415,-24.9724331460484
40,55.594,17.986,28.312,2.1365094915081,1.57889765311303,1.35316528420677,10.5976281869175,-14.4619209007713
40,55.67,18.097,28.01,3.13159193666669,2.04878698835769,1.52851026215125,20.156347921233,4.54337351081249
40,55.746,18.187,27.672,2.64236485935738,1.67885904802032,1.57390512471742,13.9366018614378,0.738022444017505
40,55.822,18.314,27.378,2.6269347766572,1.9425154978106,1.35233658604938,16.0311122490486,-5.75134228976595
40,55.898,18.347,27.255,2.57338605941345,1.61393542676452,1.59447894676453,13.0479105686061,-4.21081116662822
40,NaN,18.682,26.363,NaN,NaN,NaN,NaN,NaN
40,56.43,19.027,25.429,2.29326950600452,1.84400476600627,1.24363534643746,13.2851666956002,41.7282179496053
40,56.506,19.033,25.126,2.20221716018544,1.92575688113405,1.14355928401958,13.3232897690456,-75.4432672131713
40,56.582,18.978,24.964,1.97775467759232,1.35540328338324,1.4591632629483,8.42152663202985,90
40,56.658,19.008,24.793,1.8110026962214,1.63426827352011,1.10814284629084,9.29805946393101,-75.6369346673479
40,56.734,19.032,24.633,1.62302297961044,1.46089803693588,1.11097622049969,7.4489395011931,-72.5039899007207
40,56.81,19.027,24.533,1.77251897208639,1.53303029030879,1.1562191453695,8.53672911932895,-57.1945281270435
40,56.886,19.128,24.326,2.14615918656022,1.45700765839093,1.47299101291641,9.82366714535156,-78.9168270889588
40,56.962,19.142,24.156,1.9211850775233,1.71284006438676,1.12163716710535,10.337984821445,-80.8957577647096
40,57.038,19.235,23.867,2.62172556588851,2.25859387973746,1.16077776948252,18.6026685770231,-40.8842645809729
40,57.114,19.247,23.609,2.63591928321071,2.1718027380271,1.21370105905899,17.9846651485718,-5.23266921430033
40,NaN,19.215,23.296,NaN,NaN,NaN,NaN,NaN
40,57.342,19.275,22.951,2.31118537802504,2.0046644927893,1.15290383320415,14.5554739726351,-64.06751161249
40,57.418,19.313,22.741,3.16778147199698,2.47031621707411,1.28233845128902,24.5842880855503,-46.1653816552732
40,57.494,19.307,22.501,2.49235032872355,2.0611765634167,1.20918817580194,16.1389083668696,53.4839484785935
40,57.57,19.272,22.233,2.79221304542969,1.78051817614955,1.5682024945502,15.6186983026939,-54.9993762781658
40,57.646,19.246,22.065,2.97920294113861,2.21649213909582,1.34410715408805,20.7451297820895,-68.6397123831803
40,57.722,19.411,21.873,2.64098439792677,2.29398372090432,1.15126553595841,19.0329470712959,-71.381007443027
40,57.798,19.521,21.613,2.30185969746302,2.26489264178762,1.01632176951497,16.3785836302968,-24.2283095860209
40,57.874,19.421,21.273,2.0296114221629,1.90354685322999,1.06622614448339,12.1374189229771,-3.38607998305679
40,57.95,19.449,20.963,2.2137893833351,2.01918357718245,1.09637846125125,14.043067338443,-43.7976454884958
40,58.026,19.531,20.897,2.11953899409595,1.55795324027123,1.3604638055292,10.3739870706572,-77.4473593281857
40,58.102,19.55,20.762,2.05804980853837,1.59821194176969,1.28772020453026,10.3333258674337,-62.4393825988935
40,58.178,19.592,20.579,2.36557729653946,1.5862334429522,1.49131725033914,11.788379759882,-71.4391020336019
40,58.254,19.598,20.508,2.24800164301475,1.53496394096989,1.46453058799174,10.840384201188,-76.7533066501316
40,58.33,19.483,20.394,2.29690247826013,1.53580175708676,1.49557224274642,11.0822409704612,-73.0783421743115
40,58.406,19.445,20.267,2.36426896895758,1.69693173983523,1.39326109203847,12.6040793235531,90
40,58.482,19.395,20.082,2.0647431398651,1.77801345256191,1.16126407080331,11.53322984334,61.6910143342899
40,58.558,19.41,19.88,2.85611873759148,1.83784529041297,1.5540583053918,16.4905477290514,-6.23217083310016
40,58.634,19.401,19.678,2.24688885363417,1.79137295845739,1.25428311453861,12.6449604858818,-9.03023596809958
40,58.71,19.379,19.428,2.85808466983959,2.18065070939284,1.31065679502398,19.5799270877559,2.11079575494895
40,58.786,19.375,19.275,2.10852656839563,1.8930214174335,1.1138418979191,12.5396229474815,-12.8790608609878
40,58.862,19.344,19.171,2.62287518707554,1.8989069390197,1.38125525436732,15.647003467698,-49.3894680735799
40,58.938,19.391,18.983,2.90179693968025,2.43614174369572,1.19114454123597,22.208511150049,-9.41932959393958
40,59.014,19.379,18.776,1.91624521743261,1.62495701719563,1.17925901864142,9.78234182439682,0
40,59.09,19.394,18.662,2.19639802846261,1.79037380656449,1.22678181528875,12.3539156954705,-6.96853651345553
40,59.166,19.426,18.602,1.82234220966859,1.72824136414069,1.0544489024973,9.89428014356527,-51.1323868639463
40,59.242,19.392,18.452,1.81960671423979,1.5392612620477,1.18212986911601,8.79913018401825,-30.0431770042326
40,59.318,19.284,18.362,2.30741579482054,1.94288833077511,1.1876214182109,14.0839207847114,-87.5498532261855
40,59.394,19.256,18.4,2.29495379650092,2.02217397717445,1.13489433768088,14.5794901369237,-51.3043033966829
40,59.47,19.293,18.392,2.31302796277718,2.2683416134127,1.01970000863197,16.4831122396407,8.54774070643322e-14
40,59.546,19.302,18.225,2.55572812891717,1.94034440183391,1.31715180382494,15.5791352477522,-75.6688050886443
40,59.622,19.326,18.011,3.05067016640941,1.85719957180869,1.64261838776887,17.7993319488473,-32.6663925371334
40,59.698,19.272,17.935,2.75283708199378,2.13507553860643,1.28933943189221,18.4647583083234,-44.4093427853533
40,59.774,19.183,17.878,2.73959966714621,1.98959937821938,1.37696045602812,17.123897280328,-47.9105408721097
40,59.85,19.172,17.821,2.55613348887226,2.01615791406774,1.26782404842242,16.1904137656213,-52.7589316371919
79,101.65,17.602,65.126,3.11690501441181,2.899155005126,1.07510809491069,28.3886588675312,50.8089918918676
79,101.726,17.484,65,3.01697844582854,2.6151558435771,1.15365149393996,24.786753899309,51.5976757847672
79,NaN,17.512,64.994,NaN,NaN,NaN,NaN,NaN
79,101.954,17.507,64.953,3.01597724264344,2.51852433488279,1.1975176101619,23.8629474255927,-45
79,102.03,17.461,64.849,2.53788254196356,2.44154850685151,1.03945612173656,19.466449519315,-15.3188432551824
79,102.106,17.436,64.977,3.00933596681228,2.65888072419893,1.13180555239797,25.1373449022433,53.2508865478423
79,102.182,17.396,64.921,3.0402676937792,2.31552380237686,1.31299349661549,22.116222323294,1.65541722515742
79,102.258,17.413,64.886,3.3300110276665,2.25327670048595,1.47785268757642,23.5727402342438,64.6428723101433
79,102.334,17.478,64.97,3.38465004596739,2.270413235547,1.49076388076638,24.1417392157971,47.5293733339758
79,102.41,17.515,64.995,3.07127323163626,2.83451498598444,1.08352689854261,27.3493547608486,-47.0119970559868
79,NaN,17.494,64.919,NaN,NaN,NaN,NaN,NaN
79,102.638,17.444,64.842,3.03518146070955,2.18612129036233,1.38838657950515,20.84533060195,9.36047433735855
79,NaN,17.478,64.848,NaN,NaN,NaN,NaN,NaN
79,103.018,17.587,64.807,2.80279661777644,2.70719267496569,1.03531479074055,23.837495479741,-18.9705174299543
79,103.094,17.556,64.782,2.89100401617802,2.19649518191197,1.31618955506267,19.9493533441706,6.00278656348366
79,103.17,17.478,64.735,2.68677067715999,2.1537726823681,1.24747179642275,18.1794331229587,9.46192044251473
79,103.246,17.421,64.598,2.82349949339353,2.42020626758102,1.16663589017791,21.467919995665,7.96905966120533
79,103.322,17.458,64.711,2.86462159870969,2.65373820375799,1.07946654069081,23.8822484181872,0.528282339597304
79,103.398,17.456,64.763,3.05443965874549,2.42661344556688,1.25872526764639,23.2853099017632,79.1604519768938
79,103.474,17.429,64.743,3.19870105744801,2.4210592002563,1.32119902607478,24.3292620183734,60.2996035904734
79,NaN,17.549,64.849,NaN,NaN,NaN,NaN,NaN
79,103.854,17.567,64.808,2.90538226077664,2.43460353306423,1.19336977101971,22.2219108611185,86.3075498925344
79,103.93,17.551,64.592,2.6462183414919,2.48596536477719,1.06446307699426,20.6666755577571,90
79,104.006,17.586,64.668,3.07127323163626,2.83451498598444,1.08352689854261,27.3493547608486,-47.0119970559868
79,104.082,17.472,64.674,2.86102652525119,2.1582252161616,1.32563854032784,19.398516536615,4.81644593100297
79,104.158,17.443,64.555,3.15826112494413,2.90360695228079,1.08770270110536,28.8095009220386,-45
79,104.234,17.495,64.716,2.93055546257773,2.38506708083348,1.22870986989331,21.9583860437031,85.8110924684609
79,104.31,17.473,64.752,2.94556024680342,2.81959819786224,1.04467375849392,26.0918580417138,54.4688002368758
79,NaN,17.483,64.692,NaN,NaN,NaN,NaN,NaN
79,104.538,17.432,64.623,3.02187220422239,2.6423516693625,1.14362983521851,25.0851431576862,-50.6805773704547
79,105.146,17.463,64.602,3.11987616266072,2.45266241788704,1.27203651831893,24.0394764496926,60.1192661165071
79,105.754,17.53,64.535,2.81006268378192,2.16610683585263,1.29728720544655,19.122547720682,-78.1935244055924
79,NaN,17.44,64.521,NaN,NaN,NaN,NaN,NaN
79,105.982,17.428,64.429,2.73595864892618,2.23437135902534,1.22448698506395,19.2050197307054,88.340716073761
79,106.058,17.45,64.338,3.0156711689895,2.06245249926235,1.46217727199442,19.5396964071816,-87.8176784390886
79,NaN,17.528,64.485,NaN,NaN,NaN,NaN,NaN
79,106.286,17.601,64.598,2.88137832578383,2.38892793681453,1.20613865382057,21.6248551420185,-86.5632710058186
79,106.362,17.535,64.5,2.62475497493038,2.26088049904612,1.16094370137554,18.6430192562978,88.6031001593998
79,106.438,17.563,64.426,2.68294048101605,2.45325484073648,1.09362485970296,20.6777640536747,73.3393921640302
79,106.514,17.55,64.419,2.58437275669103,2.27332185712519,1.13682659962597,18.4572057914416,27.8269512999693
79,106.59,17.502,64.42,2.69525712564785,2.32196130624762,1.16076745912855,19.6609751307849,-82.8699730158525
79,106.666,17.489,64.415,2.86534080699404,2.24356044536437,1.27714000882588,20.1959335103667,-81.1817734636958
79,106.742,17.504,64.438,2.80503763822059,2.00621643682224,1.3981729920744,17.679352291477,-78.7394719402215
79,NaN,17.579,64.484,NaN,NaN,NaN,NaN,NaN
79,106.97,17.605,64.439,2.71044751836264,2.2341703255308,1.21317855106624,19.0242329166551,-78.0111489360333
79,107.198,17.512,64.526,2.69884698182379,2.18812690842482,1.23340514274221,18.5524231542088,-77.5491088920306
79,107.426,17.435,64.51,2.99532900740861,2.1247823126002,1.40971100410897,19.9944216991279,85.272443008577
79,107.502,17.531,64.502,2.72252521048448,2.10728039628631,1.29196153263819,18.0237066251113,-77.7752348195905
79,107.578,17.549,64.61,2.96561902841843,2.3861671265987,1.24283793677339,22.2313630294905,82.1231681130898
79,107.654,17.547,64.552,2.67314652302491,2.51394007282581,1.06332945320377,21.1119115568001,-67.1890277404634
79,107.73,17.488,64.603,2.96841322105265,2.52228640242764,1.17687397362791,23.5216957726675,-77.0977338000264
79,107.806,17.461,64.596,2.72221635825503,2.49862233668539,1.08948692176756,21.3684553740158,10.1432364343597
79,NaN,17.569,64.515,NaN,NaN,NaN,NaN,NaN
79,108.946,17.623,64.565,2.69884698182379,2.18812690842482,1.23340514274221,18.5524231542088,-77.5491088920306
79,109.022,17.614,64.632,2.93428539942572,2.41908921438189,1.2129711388819,22.2999613576893,85.0444102473392
79,109.098,17.565,64.574,2.67157785366729,2.43652211141193,1.09647182808415,20.4497528834536,89.8101019970216
79,109.174,17.578,64.501,2.67048265639129,2.19772077483368,1.21511462555719,18.4379294125833,-76.3030414621481
79,NaN,17.549,64.482,NaN,NaN,NaN,NaN,NaN
79,109.402,17.53,64.492,2.70207896478396,2.38457202621256,1.13315049203009,20.2422299517298,68.5566382911956
79,109.478,17.574,64.513,2.71579612809259,2.41059778202109,1.12660691399774,20.5670398783072,76.0004955660385
79,109.554,17.556,64.443,2.61751830770009,2.20236958504519,1.18850093348269,18.1104733449878,-81.3868484970064
79,109.63,17.548,64.439,2.65370479803243,2.13532711503586,1.24276265652528,17.8019221409528,79.1107704774227
79,109.706,17.618,64.509,2.60984261968511,2.21524863758227,1.1781262723328,18.1629618133299,-87.1352873550496
79,NaN,17.651,64.38,NaN,NaN,NaN,NaN,NaN
79,109.934,17.614,64.27,2.41228839778792,2.17757538837962,1.10778639888236,16.5025972258482,67.367678124578
79,110.01,17.519,64.309,2.83730181231411,2.08954375223533,1.35785709644933,18.6254544155244,-83.5374788713044
79,110.086,17.455,64.287,2.87587568400611,2.27815411270913,1.26237099938168,20.582734943318,89.725466127383
79,110.162,17.513,64.346,3.10292539377355,2.65210352790508,1.169986526214,25.8530436560224,46.7168151812253
79,110.238,17.628,64.393,2.95587598124063,2.42464803062499,1.21909487228903,22.5156653555794,-89.2062030844471
79,110.314,17.614,64.368,2.68122872916455,2.25908884078519,1.18686289833233,19.0290473672279,-83.5153732719856
79,110.39,17.61,64.366,2.69973916083848,2.42094071966301,1.11516120114427,20.5331620242826,81.8851084646151
79,110.466,17.667,64.443,2.77902320650802,2.37027106362197,1.17244953505927,20.6937911055536,63.5868419731071
79,110.542,17.595,64.4,2.82809452675866,2.45216443304739,1.15330541812161,21.7867968065854,41.190588150584
79,110.618,17.479,64.317,2.74399011280587,1.87903535511227,1.46031851148533,16.1982227377747,50.9274897037481
79,110.694,17.458,64.356,3.04099208048931,2.25343917261437,1.34948931280059,21.5283626906516,87.1103833880607
79,110.77,17.54,64.255,2.3849907884153,2.32378071522517,1.02634072689781,17.4113209820606,-23.9499670183725
79,110.846,17.535,64.257,2.62692692725188,2.28888487959595,1.14768853194382,18.8895588373857,-80.3930564751827
79,110.922,17.542,64.291,2.39006524502444,2.07841227544542,1.14994761783354,15.6059901372527,-55.6853111346716
79,110.998,17.548,64.33,2.7301345585117,2.41533174696,1.13033522701298,20.7162295576283,78.1586569836759
79,111.074,17.532,64.368,2.93804983153019,2.43144191221577,1.20835699046281,22.4425875872301,-70.26061335812
79,111.15,17.518,64.363,2.6332119434716,2.3781936807044,1.10723191506071,19.673557987777,77.2190177319949
79,111.226,17.452,64.286,2.68884929441867,2.09421914504184,1.28393883743477,17.6904328609275,83.5919989031706
79,111.302,17.514,64.215,3.12430076687057,2.25623872021035,1.38473856462284,22.1456155456199,-63.9776436975253
79,NaN,17.524,64.228,NaN,NaN,NaN,NaN,NaN
79,111.53,17.443,64.249,2.95941868708975,2.36752431815144,1.25000561320547,22.0115554476723,28.9483473489284
79,NaN,17.44,64.352,NaN,NaN,NaN,NaN,NaN
79,111.758,17.385,64.225,2.42658473337594,2.12220821075305,1.14342443926126,16.1783163790426,59.1454470930765
79,111.834,17.372,64.182,2.45448890232757,2.23304309710535,1.09916772565172,17.2190049325065,67.708669804116
79,111.91,17.441,64.283,2.66970725151438,2.05559124560048,1.29875395082961,17.2405165303613,-86.3570204367599
79,111.986,17.471,64.267,2.63444045467248,1.9675740622227,1.33892822905809,16.2843095111751,-89.2800407196509
79,112.062,17.396,64.297,3.0156711689895,2.06245249926235,1.46217727199442,19.5396964071816,-87.8176784390886
79,NaN,17.353,64.436,NaN,NaN,NaN,NaN,NaN
79,112.29,17.424,64.346,2.71593812720664,2.09238680424246,1.29800958489123,17.8530210501378,67.9835044126724
79,112.366,17.467,64.195,2.66970725151438,2.05559124560048,1.29875395082961,17.2405165303613,-86.3570204367599
79,112.442,17.468,64.161,2.66970725151438,2.05559124560048,1.29875395082961,17.2405165303613,86.3570204367599
79,112.518,17.463,64.139,3.19106009772028,2.15452565505447,1.48109635651547,21.5991433058704,-62.8413875340173
79,112.594,17.469,64.114,2.73524745538886,2.01339605120884,1.35852429716777,17.3011793374811,-77.7547899550915
79,112.67,17.433,64.13,3.0149830199628,2.04183356775292,1.47660566834585,19.3399382286563,-80.3132156740001
79,112.746,17.395,64.287,2.96601208476246,2.35297823834709,1.26053528095781,21.9250554036858,-80.4317181329917
79,112.822,17.39,64.231,2.6294217991865,2.1564581445326,1.21932429147908,17.8135782153914,-88.7260270729315
79,112.898,17.363,64.28,2.45720274567105,2.10617378200375,1.16666666666667,16.2586718937526,90
79,112.974,17.354,64.255,2.45957071430762,2.21292069375914,1.11145904200005,17.0991702353618,86.1317418297742
79,113.05,17.344,64.124,2.69636386696487,2.39345297938324,1.12655811089286,20.2746455922581,-82.2368973530834
79,113.126,17.294,64.114,2.64249602881961,2.39864303518811,1.10166289441746,19.9126856254179,90
79,113.202,17.285,64.173,2.95808595317665,2.36278845252739,1.25194701625213,21.9576319653284,-37.147166997579
79,113.278,17.326,64.252,2.537686223554,2.08372630981795,1.21785966400535,16.6122504502699,-88.1641499508146
79,113.354,17.336,64.177,2.64311788067686,1.92942359064718,1.3699002611398,16.0211611803184,-86.2363564862881
79,113.43,17.347,64.194,2.59114302911981,2.22189096233738,1.16618820322037,18.0868943391868,68.9662050156452
79,113.506,17.33,64.285,3.00236241976572,2.40347633392917,1.24917494604888,22.6700688071582,-40.6532102431179
79,113.582,17.348,64.391,2.94593775036561,2.33434227263286,1.26199905853693,21.6041892561664,-87.1846586211824
79,113.658,17.409,64.388,3.0156711689895,2.06245249926235,1.46217727199442,19.5396964071816,-87.8176784390886
79,113.734,17.409,64.23,2.42857174262302,2.06443659330677,1.17638475819351,15.750790636917,-80.1005618227375
79,113.81,17.271,64.228,2.33921653359715,2.09224982065618,1.11803882619692,15.3756624764985,-86.6331883369163
79,113.886,17.26,64.301,2.98236448706854,2.87939757382793,1.03575988053075,26.9781538088246,-37.1037982355713
79,113.962,17.358,64.267,2.43728958814607,2.27215383995091,1.0726780666395,17.3978162072569,60.23277245973
79,NaN,17.344,64.363,NaN,NaN,NaN,NaN,NaN
79,114.19,17.393,64.363,3.03193060853213,2.15129139053243,1.40935375927003,20.4912461030532,87.7324714067428
79,114.266,17.415,64.285,2.66970725151438,2.05559124560048,1.29875395082961,17.2405165303613,-86.3570204367599
79,114.342,17.405,64.318,2.80385608861379,2.33543973568957,1.20056880328189,20.5718930097034,71.5800854920224
79,114.418,17.451,64.225,2.59381400794452,2.22459121056691,1.16597332382857,18.1275420411763,84.6120620559551
79,114.494,17.424,64.178,2.65079636775575,1.9587279827483,1.35332541889579,16.3117428878499,-77.3084661053738
79,114.57,17.359,64.219,3.15921979446378,2.53501519707507,1.24623307903989,25.1599794335067,-81.7740503130852
79,114.646,17.389,64.164,2.70857644965852,2.32553594916712,1.16471063396315,19.7885525337136,67.5
79,114.798,17.384,64.131,2.73458643563097,2.4008373847781,1.13901360124135,20.6254899126167,90
79,114.95,17.361,64.156,2.90662319173395,2.18307063741443,1.33143799468462,19.9345481221981,-87.2165816754691
79,115.026,17.335,64.174,2.56689646230071,2.2405214423894,1.14566922401923,18.0678854594467,51.0152980482689
79,115.102,17.384,64.237,2.95066084310717,2.86005662763328,1.03167916837677,26.5120797892968,-66.3452300778086
79,115.178,17.398,64.195,2.8344332212189,2.38900697823679,1.18644828041099,21.2732341619082,36.8090295902032
79,115.254,17.267,64.121,2.45720274567105,2.10617378200375,1.16666666666667,16.2586718937526,90
79,115.33,17.277,64.125,2.75247104550127,2.42390425224703,1.13555271127135,20.9598462409211,64.1524911717188
79,115.406,17.317,64.192,2.75776633088602,2.5372043183631,1.08693111978669,21.9817760850831,58.2126284709477
79,NaN,17.316,64.213,NaN,NaN,NaN,NaN,NaN
79,115.786,17.394,64.194,2.45490962203334,2.11202365677718,1.16234949080986,16.2886150321786,69.8557060943865
79,115.862,17.406,64.194,3.16391586450005,2.14216762313742,1.47696932318778,21.2925781492991,-57.2161227573795
79,115.938,17.361,64.288,2.57306367212969,2.26163436087557,1.13770099917192,18.2819619062951,64.9027855461326
79,116.014,17.366,64.236,2.64326002084015,2.44634246101953,1.08049468255502,20.3145409714451,72.1403080223385
79,116.09,17.382,64.193,2.59756943279331,2.16990555568274,1.19708870553862,17.707525239211,-84.5472236184062
79,116.166,17.346,64.152,2.93405418586794,2.1768465405392,1.34784613027484,20.06530736709,23.274078849489
79,NaN,17.285,64.157,NaN,NaN,NaN,NaN,NaN
79,116.546,17.327,64.243,2.8132641385782,2.12477118586187,1.32403157445731,18.7790038554381,24.651301470114
79,116.622,17.335,64.22,2.34318654603551,2.06038694354843,1.13725557879921,15.1672039584794,70.9357154262393
79,116.698,17.336,64.248,2.48559026380689,2.25090282890216,1.10426369005862,17.5766521843565,84.0866856670408
79,116.774,17.431,64.296,2.81975677209438,2.25180781062024,1.25221910981724,19.9477006497537,79.3407869213049
79,116.85,17.385,64.278,2.42367865120551,2.06818068416599,1.17188922116971,15.7475642090314,50.3363081884734
79,116.926,17.3,64.218,2.4665622372647,2.13772881985465,1.15382372841491,16.5651191164116,-62.5753463284988
79,117.002,17.288,64.248,2.53757214159743,2.19645972959203,1.15530100889614,17.5102164961824,40.3156908892028
79,117.078,17.355,64.18,2.70375873367587,2.12473786409167,1.27251402602162,18.0477541105734,86.381538987016
79,117.154,17.343,64.222,2.85449630637362,2.41878637366289,1.18013576455324,21.69086500047,30.1139520584943
79,NaN,17.347,64.336,NaN,NaN,NaN,NaN,NaN
79,117.382,17.367,64.208,2.96939028309451,2.09703780816802,1.41599272627735,19.5624577216572,29.7028982388864
79,117.534,17.333,64.056,2.62465076346257,2.05409526675322,1.27776486609172,16.9372141555031,52.3294995775664
79,117.686,17.406,64.192,2.60245016899532,2.34337233569059,1.11055769045271,19.1590333688714,39.7662958933602
79,117.762,17.374,64.22,2.92476755270326,2.16581314847815,1.35042469141828,19.9004187329246,27.5090199433929
79,117.838,17.324,64.107,2.56520344745034,2.0564145378904,1.24741553815404,16.5722834600795,58.931115171433
79,117.914,17.352,64.077,2.45720274567105,2.10617378200375,1.16666666666667,16.2586718937526,90
79,117.99,17.319,64.116,2.45720274567105,2.10617378200375,1.16666666666667,16.2586718937526,90
79,118.066,17.345,64.07,2.8499719895098,2.29138721457032,1.24377581029849,20.515823297036,32.4005995154229
79,118.142,17.422,64.134,2.59356234366776,2.23879246533525,1.15846483487221,18.241493856801,-77.6528769406981
79,118.218,17.433,64.272,2.86170542036725,2.21352656745259,1.29282632630003,19.9002960673,40.4029856400823
79,118.294,17.419,64.215,2.97912752502047,2.23082082079878,1.33544007535027,20.878709707411,22.516410857336
79,118.37,17.478,64.237,2.43728958814607,2.27215383995091,1.0726780666395,17.3978162072569,60.23277245973
79,118.446,17.448,64.173,2.47458197574003,2.07750455069832,1.19113191588834,16.150787452161,61.3810156565995
79,118.522,17.415,64.13,2.68781215135646,2.07664839133705,1.29430295594042,17.5352416704638,-78.8591676890596
79,118.598,17.43,64.202,2.43728958814607,2.27215383995091,1.0726780666395,17.3978162072569,60.23277245973
79,118.674,17.393,64.145,3.08181656075898,2.54377238600172,1.21151427608779,24.6283266912264,-59.0714831149933
79,118.75,17.421,64.093,2.45912889161672,2.1637169907183,1.13652982444823,16.7159714357257,57.2469682734502
79,118.826,17.377,64.142,2.65079636775575,1.9587279827483,1.35332541889579,16.3117428878499,-77.3084661053738
79,118.902,17.313,64.144,2.52581571653999,2.2511611386273,1.12200573881627,17.8631529563169,55.0137144380849
79,NaN,17.363,64.227,NaN,NaN,NaN,NaN,NaN
79,119.13,17.386,64.279,2.65036162053823,2.12286230798174,1.2484849396841,17.675708581396,81.7442789631427
79,119.206,17.301,64.168,2.3686836543568,2.2654474643881,1.04556988921241,16.8581894927441,85.0357509732922
79,119.282,17.357,64.175,2.58846946527036,2.34702793070811,1.10287118078284,19.0858355221391,21.9974569973729
79,119.358,17.389,64.221,2.96268982401641,2.23213521148034,1.32728958746705,20.7757426455273,24.767408301585
79,119.434,17.336,64.212,2.91169982876175,2.45202478860596,1.18746753388946,22.4295897394189,44.9545632581522
79,119.51,17.373,64.253,2.93353986916487,2.3970845328834,1.22379491791897,22.0915006168288,22.5233805740669
79,119.586,17.344,64.237,2.69991390240932,2.28908114210318,1.17947496606812,19.4160541898435,32.4476588647637
79,119.662,17.343,64.187,2.97655073510862,2.09265748521286,1.42237836633158,19.5686701742728,31.2925535827303
79,119.738,17.36,64.185,2.43728958814607,2.27215383995091,1.0726780666395,17.3978162072569,60.23277245973
79,119.814,17.341,64.21,2.64249602881961,2.39864303518811,1.10166289441746,19.9126856254179,90
79,119.89,17.372,64.253,2.43728958814607,2.27215383995091,1.0726780666395,17.3978162072569,60.23277245973
79,119.966,17.378,64.24,2.46500239552741,2.16922333877529,1.13635251449909,16.7985380241305,-79.9684636669559
79,120.042,17.297,64.185,2.37379686859119,2.04683300084138,1.15974135047432,15.2642628420311,90
79,120.118,17.257,64.118,2.49077623717644,1.89318334252547,1.31565505634219,14.8141678498104,-36.0074114409385
79,120.194,17.353,64.212,2.45912889161672,2.1637169907183,1.13652982444823,16.7159714357257,57.2469682734502
79,120.27,17.424,64.288,2.45720274567105,2.10617378200375,1.16666666666667,16.2586718937526,90
79,120.346,17.387,64.188,2.93654618533026,2.23857119396837,1.31179485970449,20.6517861542083,32.5160679646672
79,120.422,17.426,64.089,2.88095334756385,2.46352309183093,1.16944442579699,22.2968101408991,34.7166924111825
79,120.498,17.404,64.126,2.92627000675455,2.37899701545794,1.23004358044193,21.8704725007302,41.1458097866802
79,120.574,17.341,64.121,2.83612352741844,2.4175216778501,1.1731532971984,21.5399847953071,34.3740631994002
79,120.65,17.368,64.107,2.30574534674783,2.11671562481097,1.08930331487195,15.3328797317916,-38.8223200674582
79,120.726,17.355,64.185,3.32259359718574,2.4639308785926,1.34849302228949,25.7190911010319,-58.7566569985177
79,120.802,17.414,64.109,2.48214960602029,2.36537918031479,1.04936647226681,18.4449973291654,-45
79,120.878,17.395,64.124,2.9499913711196,2.33258194702924,1.26468927485128,21.6176025779875,-76.4941519470977
79,120.954,17.39,64.248,2.78109532759978,2.4694222939541,1.12621293425946,21.5755121084146,-15.9886922698649
79,121.03,17.369,64.254,2.57545475346623,2.24849220985675,1.1454141322688,18.19261732469,81.1600015567916
79,121.106,17.298,64.167,2.92276933839686,2.2463786404133,1.30110271074297,20.6265871643039,20.842072054238
79,121.182,17.399,64.232,2.8580170716738,2.43337915584332,1.17450544639161,21.8486433225005,54.3120735935086
79,121.258,17.409,64.329,2.85123385670481,2.40069916640497,1.18766811627403,21.5040595348164,83.2587946266708
79,121.334,17.397,64.22,2.43728958814607,2.27215383995091,1.0726780666395,17.3978162072569,60.23277245973
79,121.41,17.458,64.261,2.44009785759055,2.2633379854748,1.07809698474118,17.3502816251568,-64.6128370486684
79,121.486,17.449,64.227,2.38963257999729,2.21726857042576,1.07773709142435,16.6455942604124,56.5007972141603
79,121.562,17.399,64.225,2.45720274567105,2.10617378200375,1.16666666666667,16.2586718937526,90
79,121.638,17.379,64.32,3.15481770890572,2.592590122769,1.2168594183859,25.6955551374961,46.2663405440601
79,121.714,17.347,64.242,2.5012687067701,2.31143859703085,1.08212639089054,18.1632091283386,35.8621766059738
79,NaN,17.365,64.22,NaN,NaN,NaN,NaN,NaN
79,121.942,17.464,64.269,2.77226961239168,2.25824514498456,1.22762119894235,19.6678289443922,68.2334110319953
79,122.018,17.394,64.253,2.50669841036763,2.160131477053,1.16043788861752,17.0110900563967,77.0722289055983
79,122.094,17.324,64.237,2.96099653718556,2.26900789655336,1.30497409977433,21.1068672892614,20.679433121568
79,122.246,17.363,64.319,3.06686105927347,2.66753986095404,1.14969643159395,25.7012882059718,39.9287720957515
79,122.398,17.302,64.363,3.1125214805746,2.45592254077669,1.26735327718856,24.0146850430562,35.938235701499
79,122.474,17.319,64.282,2.77049442985642,2.3944201339453,1.15706278550685,20.8404700317766,17.4669380314583
79,NaN,17.39,64.241,NaN,NaN,NaN,NaN,NaN
79,122.702,17.386,64.255,3.16511072696018,2.43601522126415,1.29929841953847,24.2224896006201,-83.6482797113897
79,122.778,17.356,64.217,2.5752990802922,2.15631423745483,1.19430602254517,17.4457480385389,88.3025382289409
79,122.854,17.371,64.259,2.35709107604761,2.307640422159,1.02142909849116,17.0881234981721,-69.1681683511067
79,122.93,17.317,64.312,2.91825786868126,2.50710367679602,1.16399568780924,22.9850700527261,52.5849801682154
79,123.006,17.365,64.378,2.69942633421622,2.34070513125956,1.15325347826432,19.8503450449189,75.1512033127962
79,123.082,17.453,64.452,2.9769394623626,2.2403265031541,1.3287971454926,20.9522753307305,37.7701475744517
79,NaN,17.413,64.395,NaN,NaN,NaN,NaN,NaN
79,123.31,17.373,64.358,2.70926776880502,2.2013506311714,1.23072977582101,18.736610365371,73.4003032858901
79,NaN,17.249,64.437,NaN,NaN,NaN,NaN,NaN
79,123.842,17.292,64.391,2.94473703558451,1.9768782517861,1.48958947417422,18.2884253853015,26.5280677410824
79,123.918,17.357,64.544,2.77428359956007,2.15531411948617,1.28718295606093,18.785004403345,71.5999993678407
79,NaN,17.38,64.685,NaN,NaN,NaN,NaN,NaN
79,124.146,17.331,64.564,2.71044751836264,2.2341703255308,1.21317855106624,19.0242329166551,78.0111489360333
79,124.222,17.408,64.472,3.01718988454118,2.44290769065704,1.23508141387433,23.1557884094824,33.3324203866105
79,124.298,17.396,64.593,3.21022065615355,2.37697350729044,1.35054961542796,23.9722665975497,36.4203901317186
79,NaN,17.339,64.877,NaN,NaN,NaN,NaN,NaN
79,129.694,17.452,65.015,3.19768816776633,3.02359384459381,1.0575786074852,30.3745208070797,-48.5687265137839
79,NaN,17.483,65.038,NaN,NaN,NaN,NaN,NaN
79,129.922,17.582,65.007,3.12716923400474,2.33422424032406,1.33970386391437,22.9321002785153,65.4972339550986
79,129.998,17.568,64.93,3.14182681359816,2.34551483237927,1.33950413368783,23.1510289561238,81.646948367087
79,130.074,17.531,64.912,3.14468675512496,2.6444106027434,1.18918247864479,26.1249912695381,-69.3308606457158
79,130.15,17.501,64.96,2.85150536401954,2.69871904491969,1.0566143850311,24.1758492795504,38.2780395075577
79,130.226,17.477,64.982,3.37079375104459,2.41794366873434,1.39407455791102,25.6052034910456,58.232336018494
79,130.302,17.498,64.986,3.20988248930967,2.74518187306892,1.16927862623588,27.6828072479232,-44.2645688412454
79,130.378,17.518,64.979,2.96651776642772,2.68433352470656,1.10512264557438,25.0168890056455,-40.5916804890988
79,130.454,17.401,65.031,3.21503570150226,2.40675330303137,1.3358393223987,24.3090087044503,61.5847278644685
79,130.53,17.452,65.057,2.63726300031253,2.41935581115495,1.09006826864939,20.0448614456982,40.5478387404579
79,130.606,17.533,64.957,2.87135733287132,2.59663907442916,1.10579762938465,23.4233335840451,-41.0480333760176
79,130.682,17.449,64.917,3.00809385191892,2.2342976270042,1.3463263871216,21.1145718272404,80.3458537740089
79,NaN,17.542,65.026,NaN,NaN,NaN,NaN,NaN
79,130.91,17.589,65.032,3.11735830284155,2.42061826136638,1.28783557184349,23.7062521857187,80.3935674004402
79,130.986,17.585,64.937,3.22341497174678,2.05796078928974,1.56631505737253,20.8402626101098,-65.1993335858354
79,131.062,17.569,64.888,2.85680171600241,2.46612379867208,1.15841780430516,22.1332324433458,79.0267691085883
79,NaN,17.511,64.902,NaN,NaN,NaN,NaN,NaN
79,131.29,17.612,64.936,2.98737122133725,2.47911133077367,1.20501696888496,23.2667163839459,72.4994795148207
79,131.366,17.625,65.022,2.91017686244001,2.45256166411102,1.18658662288716,22.4227663619664,87.9155029679806
79,131.442,17.551,65.086,2.99558789751499,2.81764336148247,1.06315367603475,26.5166076189567,51.5756355327062
79,131.518,17.612,64.999,2.92519938056322,2.52839102341949,1.15694105597918,23.2353696085263,21.2422972500834
79,131.594,17.608,64.98,2.98135547358601,2.56581879366324,1.16195090664587,24.0319834122302,81.6398459077672
79,131.67,17.548,65.014,2.94818050522044,2.56678896180516,1.14858702803017,23.7735537181514,86.4294359913639
79,131.746,17.539,65.037,2.93962248746528,2.37635446010846,1.23703030705744,21.9458625456885,84.3996856862104
79,131.822,17.611,65.006,2.88482297293748,2.75236774226462,1.04812410370857,24.9445400142943,79.9983594543414
79,131.898,17.644,64.998,2.94590112561098,2.53374027201744,1.16266894367407,23.4493135253495,89.3547501263899
79,NaN,17.624,65.007,NaN,NaN,NaN,NaN,NaN
79,132.126,17.602,64.955,3.06370699128463,2.7581269746182,1.11079258477892,26.5467497610472,43.1707177691522
79,132.202,17.546,64.969,2.98135547358601,2.56581879366324,1.16195090664587,24.0319834122302,-81.6398459077672
79,132.278,17.654,65.053,3.10612813663799,2.57524070048849,1.20615060799901,25.1296863390037,57.1567100085893
79,132.354,17.677,65.019,2.58907459606883,2.07439325336346,1.2481117511691,16.8727366244567,-70.2372779878934
79,132.43,17.568,65.048,2.55487332469057,2.00337087358853,1.27528724629712,16.0797984183188,90
79,132.506,17.514,64.955,3.08613252938046,2.66046780010576,1.15999619663045,25.7942231066456,59.5257096154237
79,132.582,17.496,64.685,2.88722536120315,2.43375925995034,1.18632331829816,22.0753792558438,87.4438392319211
79,132.658,17.552,64.94,3.16191499590289,2.70943981339018,1.16699953262536,26.914081994639,72.4219294950659
79,132.734,17.559,65.264,2.98620035058183,2.60568553990147,1.14603251422838,24.4450436838365,57.9738646178893
79,NaN,17.507,65.184,NaN,NaN,NaN,NaN,NaN
79,132.962,17.464,65.045,2.37379686859119,2.04683300084138,1.15974135047432,15.2642628420311,90
79,133.038,17.47,64.942,3.26770730592375,2.30434264289459,1.41806485072855,23.6559328389523,62.9053492503036
79,133.114,17.446,65.035,2.97007525525584,2.23906608159748,1.32647949949598,20.8922030150064,75.9718351465595
79,133.19,17.459,65.022,2.70314319076943,2.32921248941858,1.16053953988723,19.7800795825473,39.087206184586
79,133.266,17.593,65.112,3.24620382090486,2.30910766751013,1.4058260974921,23.5488574452383,57.7911683680516
79,133.342,17.557,65.162,3.02436970843219,2.56222315842367,1.18036935951076,24.3445473826902,63.0899237902721
79,NaN,17.495,64.969,NaN,NaN,NaN,NaN,NaN
79,133.57,17.481,65.117,2.56872189651083,2.14328677982898,1.19849658976378,17.2960624875786,-60.873111144008
79,133.646,17.515,65.341,2.9074767445029,2.80852197453457,1.03523375315044,25.6533418590392,29.8764447299195
79,133.722,17.585,65.362,2.72083103739574,2.05605127158253,1.32332839895648,17.574597450513,-75.1553395108586
79,133.798,17.514,65.268,2.81332583559123,2.03489731177982,1.38253946246091,17.9850812949612,88.9123708541589
79,133.874,17.504,65.224,2.36136623589079,2.0923118330358,1.12859192334855,15.5217124316169,-89.116086472072
79,133.95,17.514,65.22,2.8864123110761,2.32114921081151,1.24352725694311,21.0480225363233,86.8378244723662
79,134.026,17.595,65.155,2.30135440694175,2.04513925205999,1.12528005348471,14.786189291715,-14.8855099403366
79,134.102,17.634,65.174,2.96651776642772,2.68433352470656,1.10512264557438,25.0168890056455,-40.5916804890988
79,134.178,17.623,65.353,2.42857174262302,2.06443659330677,1.17638475819351,15.750790636917,80.1005618227375
79,134.254,17.643,65.376,2.72692860086268,2.05041461312006,1.32994009280552,17.5656946103002,-90
79,134.33,17.641,65.325,2.63699753986816,2.2195666842112,1.18806862556837,18.3877163100702,-87.3856577891416
79,NaN,17.628,65.273,NaN,NaN,NaN,NaN,NaN
79,134.558,17.622,65.307,2.50695167315327,2.07194315723092,1.20995195471662,16.3182533441621,88.5043782746918
79,134.634,17.635,65.398,2.5999162537294,2.22218789240452,1.16998038852429,18.1505591597217,73.1829618205508
79,134.71,17.553,65.131,2.17983093201879,2.0023546644478,1.08863378237738,13.7124067579705,-32.8011568360603
79,134.786,17.549,65.068,2.47166104812908,2.02397912963958,1.22118899939903,15.716101177165,87.9197247518272
79,134.862,17.668,65.338,2.53908458969231,2.11819740565972,1.19870064183253,16.896372447356,-61.0150804156534
79,134.938,17.659,65.291,2.38079426522607,2.24030757431836,1.06270866220253,16.7563486300266,59.0362434679264
79,135.014,17.64,65.233,2.70664754117876,2.32648234924779,1.16340772671406,19.7825075610485,-61.8359507291292
79,135.09,17.643,65.282,2.74633908477808,2.28027675199389,1.20438849467577,19.6739512026835,-87.2091479607621
79,135.166,17.652,65.271,2.54402117580317,2.13477960186177,1.19170202562573,17.0617525516415,-79.3581802501972
79,135.242,17.658,65.176,2.33524717221763,1.98325170145301,1.17748401300084,14.5499185813531,73.4654132781311
79,135.318,17.631,65.193,2.37379686859119,2.04683300084138,1.15974135047432,15.2642628420311,90
79,135.394,17.647,65.314,2.62746267748988,2.19701026411347,1.19592644622901,18.1350398513456,-66.6109107574474
79,135.47,17.658,65.321,2.69186678308311,2.13537068548176,1.26060866217979,18.0582937172702,75.6507587450326
79,135.546,17.649,65.167,2.37379686859119,2.04683300084138,1.15974135047432,15.2642628420311,90
79,135.622,17.708,65.134,2.45753840792447,2.17506669123434,1.12986807155317,16.7927864182617,-56.2018908392815
79,135.698,17.712,65.353,3.0204711848631,2.63808830940984,1.14494695802614,25.0330576195041,49.866801129168
79,135.774,17.627,65.325,2.41431249253161,2.32210168368303,1.03971006502279,17.6126452466123,-53.130102354156
79,135.85,17.565,65.241,2.68562750176932,2.01925725380619,1.33000760388854,17.0367715529825,-84.8344475778301
79,135.926,17.576,65.171,2.40970390498837,2.37969564168907,1.01261012659501,18.0150291566846,42.3764305491919
79,136.002,17.55,65.112,2.98713194959874,2.53583112146361,1.17796959123786,23.7971313191858,15.1029444833573
79,136.078,17.554,65.142,2.35373351251027,1.96935248717763,1.19518142528335,14.5623216501011,-15.0125805490752
79,136.154,17.647,65.198,2.19510500478896,2.05950657200153,1.06584025252983,14.2026163176911,-44.3563355292376
79,136.23,17.653,65.221,2.63495583321026,2.08879561068192,1.26147135686007,17.2909621021711,83.6230244313203
79,136.306,17.67,65.129,2.37154986670317,2.0057380599941,1.18238264208346,14.9436383702955,82.4334584257565
79,136.382,17.65,65.177,2.92708421458041,2.15149742976762,1.36048696785873,19.7845383939691,-24.3549164565227
79,136.458,17.65,65.187,2.40175111165382,2.2556257312872,1.06478263585122,17.0194261715956,11.4943584010404
79,136.534,17.617,65.259,3.15482893541766,2.93014010841088,1.07668193966623,29.0411677427606,-38.5517420311753
79,136.61,17.663,65.273,2.4509993895169,2.19864563076174,1.11477691321622,16.9296629877512,-50.0990504228117
79,136.686,17.644,65.307,2.55547667372051,2.19717190188107,1.1630754387186,17.6394821119983,87.6933523569375
79,136.762,17.569,65.168,2.0604696140208,1.96051600936,1.05098331469042,12.6907263658005,54.4623222080256
79,136.838,17.66,65.074,2.38929301630913,2.10231709931478,1.13650458205752,15.7803818903689,48.8305615930329
79,136.914,17.588,65.314,2.51703528709639,2.04087490759598,1.23331188880229,16.1382174476435,81.0939414623505
79,136.99,17.58,65.385,2.90276358174448,2.59670380993997,1.1178647216648,23.6801229846775,18.3050886576698
79,NaN,17.618,65.253,NaN,NaN,NaN,NaN,NaN
79,138.434,17.503,65.185,2.39332477272874,2.11561743439434,1.13126538561255,15.9070133700756,-12.0221116346839
79,NaN,17.422,65.414,NaN,NaN,NaN,NaN,NaN
79,138.662,17.384,65.467,3.0922755198056,2.3699465579183,1.30478702546009,23.0232488602847,11.1853632525786
79,138.738,17.577,65.133,3.01548436022751,2.01836390868692,1.4940241188663,19.1208161105585,-5.00809650823322
79,138.814,17.675,65.31,3.05686718739107,2.76810775477639,1.10431654335581,26.5833332045896,-66.6240018454913
79,NaN,17.536,65.375,NaN,NaN,NaN,NaN,NaN
79,139.042,17.594,65.012,2.27758056108988,2.05595268778545,1.10779813884879,14.7108150876498,16.2519944777813
79,139.27,17.6,65.032,3.13428576629761,2.77396815241256,1.12989248401128,27.3142911158262,8.06378791297989
79,139.498,17.596,65.393,3.0263229488947,2.48091178967015,1.21984302767051,23.5872041967528,17.4190081749521
79,NaN,17.63,65.433,NaN,NaN,NaN,NaN,NaN
79,139.726,17.564,65.026,2.22943014051769,2.06824365980613,1.07793399000516,14.4858986580267,-9.55648686683665
79,139.802,17.404,65.049,2.67876537855078,2.4689289220199,1.08499088599084,20.7774926430997,65.6157351454323
79,NaN,17.412,65.135,NaN,NaN,NaN,NaN,NaN
79,140.03,17.47,65.153,2.72164706093312,2.28691958630097,1.19009303048355,19.5538632031448,17.2558024071402
79,140.106,17.486,65.054,2.10617378200375,2.10617378200375,1,13.9360044803594,0
79,140.182,17.485,64.957,2.84758657299872,2.36038277400303,1.20640880977513,21.1158829371312,7.1219075364468
79,140.334,17.337,65.033,2.70743493331843,2.37581398632682,1.1395820333158,20.2078605184563,33.1810540740362
79,140.486,17.394,65.081,3.07795873110024,2.37081913755081,1.29826804683209,22.925092122557,3.47159887307957
79,140.562,17.504,65.178,2.33557128074516,2.18651774812216,1.06816936782288,16.0433850125694,76.5422114215814
79,140.638,17.535,65.047,2.83404653631767,2.29037676745316,1.23737132536018,20.3921858113926,9.5197686697102
79,140.714,17.514,65.169,2.67894201664477,1.9632994118104,1.36451017126036,16.5234116621687,79.4168806664391
79,140.79,17.429,65.236,2.3867129416664,2.18745487511875,1.0910912809284,16.4017113082774,54.6674042689131
79,NaN,17.373,65.079,NaN,NaN,NaN,NaN,NaN
79,141.17,17.394,65.146,3.21943936185927,2.39572655327225,1.34382588758385,24.2307785608729,37.3424428691139
79,141.246,17.447,65.061,3.10821330123425,2.39780748986963,1.2962730804562,23.4139668835439,58.9256460193458
79,141.322,17.376,65.094,2.93391211596176,2.3456762413313,1.25077453753661,21.6204656005937,-0.680165066126764
79,141.398,17.342,65.193,2.8749558471153,2.35350117828838,1.22156550149091,21.2566818292478,55.9590808969443
79,NaN,17.394,65.254,NaN,NaN,NaN,NaN,NaN
79,141.626,17.399,65.33,3.12487898578474,2.86219307126659,1.09177784586066,28.0984266272378,50.3893117599735
79,141.702,17.393,65.169,2.94938170395691,2.49047560000603,1.18426444489148,23.076138969079,-10.9604481071461
79,141.778,17.428,65.04,3.38061569477346,2.4010909126084,1.40794989353442,25.5008278915191,54.837307039589
79,141.854,17.477,65.134,2.86950078200838,2.57172864432457,1.11578676402775,23.1836260082157,88.5379207785471
79,141.93,17.425,65.074,3.12223065104829,2.3898673597617,1.30644516244601,23.441675695487,7.54890683781904
79,NaN,17.387,64.991,NaN,NaN,NaN,NaN,NaN
79,142.462,17.399,65.166,3.04669787861594,2.66998597426042,1.14109134204717,25.5557271602197,-6.50584765158858
79,NaN,17.418,65.128,NaN,NaN,NaN,NaN,NaN
79,142.69,17.367,65.078,3.14522080714748,2.40754396989291,1.30640222836196,23.7889481819533,64.6615203909918
79,NaN,17.399,65.249,NaN,NaN,NaN,NaN,NaN
79,142.918,17.471,65.075,3.01332742394182,2.18584925695459,1.37856140552899,20.6926639620015,19.9934431224821
79,142.994,17.444,64.91,2.83633179337605,2.39998761307599,1.18181101349136,21.3853275255979,62.8011394896778
79,143.07,17.379,65.025,3.07284563201108,2.89742103604258,1.06054508260494,27.9706285011824,-67.9855109655396
79,143.146,17.401,65.106,2.97558078544082,2.62942482951853,1.13164702486881,24.5800282651566,-8.90698462668631
79,143.222,17.424,65.06,3.15432105560927,2.29910748722003,1.37197633131252,22.7832168299659,25.9774956329452
79,143.298,17.417,65.025,3.03328115823999,2.349557454557,1.29100105739355,22.3897172737986,-0.892889772582107
79,143.45,17.422,65.135,2.96375262765213,2.28531574120869,1.29686790066244,21.2783542924937,13.0539100814228
79,143.602,17.334,64.966,2.94723034904786,2.28465220394967,1.29001269600368,21.1535883890572,5.44581500574357
79,143.678,17.3,64.851,2.96781518970482,2.1430719913048,1.38484157403312,19.9812883120852,9.02355319659531
79,143.754,17.295,64.893,3.13282232763555,2.32317224877575,1.34851056751666,22.8647811702136,47.2436778012634
79,143.83,17.377,64.843,2.65263400203387,2.1386500949654,1.24033099583632,17.822430928465,14.7373291193757
79,143.906,17.354,64.994,3.24293537326246,2.3688506319369,1.36899107505603,24.1338074678829,51.1094093636419
79,143.982,17.346,64.874,2.62242951725114,2.24700241911182,1.16707908053242,18.5121660525844,9.93312508535987
79,144.058,17.353,64.793,3.0322940135958,2.52795485660372,1.19950481143862,24.0818859578049,26.1265973063627
79,NaN,17.287,64.83,NaN,NaN,NaN,NaN,NaN
79,144.286,17.417,64.796,3.08557249539096,2.13232935706369,1.44704310577983,20.6699731954649,16.6583558978773
79,144.362,17.438,64.826,3.01492541220712,2.23077508630065,1.35151474064866,21.1291599429715,-3.83106635602011
79,144.438,17.42,64.734,3.07083824163145,2.24517738151135,1.36774860949486,21.6599510780199,21.1188172465001
79,144.514,17.488,64.761,3.11973115670608,2.31071844500786,1.35011306264769,22.6471769811891,54.5665927256148
79,NaN,17.462,64.767,NaN,NaN,NaN,NaN,NaN
79,144.742,17.445,64.731,3.00473299466155,2.3255605299477,1.29204678010644,21.9524707171105,35.8803830721722
79,144.818,17.451,64.625,2.8175222510232,2.20404255965042,1.27834294246572,19.5090985971815,39.9920290140136
79,144.894,17.397,64.642,3.04805666176962,2.29759865323015,1.32662711021545,22.0012358554502,52.1603525376408
79,144.97,17.301,64.718,2.75785529760005,2.30733712443337,1.19525459387619,19.990902539212,38.1549751912673
79,145.046,17.249,64.67,2.87677004140801,2.79096264455671,1.03074473139892,25.2237145971449,52.7941659535529
79,145.122,17.27,64.751,3.07667565029849,2.63963644673792,1.16556795315532,25.5138326951924,38.0285994365033
79,145.198,17.356,64.658,3.09036923618037,2.33150057928901,1.3254850818535,22.6357960500517,-5.62596453629143
79,145.274,17.37,64.608,3.12223065104829,2.3898673597617,1.30644516244601,23.441675695487,82.451093162181
79,145.35,17.424,64.784,3.048028433364,2.39688840178055,1.27166055420008,22.9517973438285,18.737000210402
79,145.426,17.463,64.537,3.10990087653207,2.04539124252287,1.52044303890546,19.9835578286126,-5.42766900859527
79,145.502,17.421,64.54,2.99182993469686,2.51750788361706,1.18840936076765,23.6623358995891,43.0848754585631
79,145.578,17.385,64.695,2.88021179985099,2.29142168005924,1.25695406695136,20.7338196135395,14.6570470399668
79,145.654,17.316,64.468,3.0496603707925,2.44981785729651,1.24485188223664,23.4711919401183,29.4979346739925
79,145.73,17.361,64.488,3.17487697753006,2.25074427312206,1.41058982819319,22.4493064312709,39.7523973996668
79,145.806,17.372,64.489,3.06369170348364,2.28720477810136,1.33949165060194,22.0140517369646,26.565051177078
79,145.882,17.367,64.248,2.84312284224809,2.18039753090487,1.30394701055646,19.4751664788621,18.7364827944443
79,145.958,17.419,64.477,2.74711756101976,2.31981889413756,1.18419483864108,20.0207894855992,79.8007360231498
79,146.034,17.33,64.633,3.25901155690828,2.64355654736044,1.23281325688393,27.0660187230683,51.8090254347837
79,146.11,17.261,64.399,2.98406415711945,2.68901351614703,1.10972449160285,25.2087327470281,28.3343870001845
79,146.186,17.239,64.458,2.66685444395687,2.32944910428565,1.14484340484215,19.5165213692062,82.4148066184093
79,NaN,17.343,64.657,NaN,NaN,NaN,NaN,NaN
79,146.414,17.475,64.626,3.1761392998618,2.36323065289087,1.34398193251959,23.5806365968503,61.4432790332998
79,146.49,17.339,64.512,3.13482496642236,2.32999560965384,1.34542097565931,22.9465961499542,45.1422896730753
79,146.566,17.135,64.619,3.19198816236826,2.81597566938402,1.13352831740428,28.2383972108265,56.5031927679972
79,NaN,17.207,64.758,NaN,NaN,NaN,NaN,NaN
79,146.794,17.426,64.86,2.84541000732034,2.17104256784083,1.31061916954958,19.4072082489008,19.1067333375831
79,146.87,17.405,64.712,3.0149020362546,2.87790710821339,1.04760227585186,27.2583679530905,-42.7910671568499
79,146.946,17.319,64.602,3.32039294345935,2.68329642948899,1.23743053766582,27.9903292872925,61.1152931197918
79,NaN,17.303,64.604,NaN,NaN,NaN,NaN,NaN
79,147.63,17.384,64.664,3.23661711985081,2.53858076927476,1.27497110157952,25.8126257920076,39.9752637081195
79,147.706,17.41,64.592,2.93517358849043,2.04284614161108,1.43680599762428,18.8373289692432,26.9796864535862
79,147.782,17.35,64.392,3.20944936592151,2.23520042634045,1.43586647895202,22.537039854564,45.3286420616815
79,147.858,17.384,64.415,3.11875802804557,2.34533861803571,1.32976876092102,22.9793165747317,41.5009246358196
79,NaN,17.371,64.445,NaN,NaN,NaN,NaN,NaN
79,148.086,17.186,64.554,3.1792629294831,2.34459980208831,1.35599385731047,23.4177433965994,41.7071493207072
79,148.618,17.158,64.484,3.3212437398455,2.21443262085973,1.4998170224552,23.1053787474684,34.2987721388021
79,149.15,17.226,64.368,2.99182993469686,2.51750788361706,1.18840936076765,23.6623358995891,43.0848754585631
79,149.226,17.142,64.261,3.05714074382159,2.42062037622575,1.26295753512094,23.2483422560481,10.434437395999
79,NaN,17.145,64.239,NaN,NaN,NaN,NaN,NaN
79,149.454,17.17,64.377,3.21022065615355,2.37697350729044,1.35054961542796,23.9722665975497,36.4203901317186
79,149.606,17.122,64.323,3.18329643733918,2.4101148735558,1.32080693425316,24.1026446980616,42.4246942202461
79,149.758,17.136,64.156,3.01230476485022,2.43623378219026,1.23645964803183,23.0551388722607,12.0788706883664
79,149.834,17.173,64.299,3.07503074859081,2.27139327597586,1.35380815868167,21.9427811354099,54.792442028318
79,149.91,17.268,64.295,3.00722341700554,2.16255556659157,1.3905878135401,20.430680989515,22.6090811393145
79,149.986,17.341,64.259,2.80710937188367,2.30440622358914,1.21814866803804,20.3220841941715,23.4054582103006
79,150.062,17.245,64.269,2.99118898784459,2.16081028362671,1.38429042591567,20.3053445894974,24.7365148082542
79,150.138,17.234,64.059,2.65511008647216,2.41169845031617,1.10092954868552,20.1166384045845,32.3080688681244
79,150.214,17.23,64.206,2.92564467931843,2.45641375661942,1.19102275479224,22.577350403464,31.7728861213839
79,150.29,17.191,64.164,2.85623756152987,2.37159046066001,1.2043553087724,21.2806012264158,25.0575725652998
79,150.366,17.169,64.099,2.95243085656131,2.21457308641899,1.33318284895056,20.5409074560707,34.4285953021821
79,150.442,17.169,64.218,2.96498593857614,2.16560931682343,1.36912319112353,20.1721701132571,32.0722289055983
79,150.518,17.202,64.371,3.07373535851656,2.62352265379146,1.17160618151113,25.3338482241543,35.649027586371
79,150.594,17.235,64.309,3.02541584137078,2.57346631812752,1.17561897743122,24.4598301970478,25.0324101086135
79,150.67,17.304,64.159,3.01146071309493,2.34673719973005,1.28325434711707,22.2019710593122,19.5231358151742
79,150.746,17.149,64.321,3.16023520649431,2.41138264338328,1.31054903922687,23.9406209380161,43.5644279327415
79,150.822,17.184,64.342,3.13428576629761,2.77396815241256,1.12989248401128,27.3142911158262,-8.06378791297988
79,150.898,17.247,64.308,3.14165532725442,2.514583292224,1.24937413565482,24.8184374370298,36.5362434679265
79,150.974,17.237,64.176,2.97435899889756,2.3149864609506,1.28482781608848,21.6317529279588,-9.42568542072459
79,NaN,17.373,64.046,NaN,NaN,NaN,NaN,NaN
79,151.202,17.319,64.159,2.94281736485505,2.35078846592857,1.2518426934227,21.7333529962723,24.3591186392827
79,NaN,17.265,64.184,NaN,NaN,NaN,NaN,NaN
79,151.43,17.26,64.145,2.89663999834362,2.28338155649703,1.26857466729625,20.778915877625,22.7886846877227
79,151.506,17.282,64.171,3.00358076818173,2.35872864423319,1.27338970318825,22.2570278231558,10.0363549286686
79,151.582,17.161,64.284,2.84043280038641,2.24980402923358,1.26252454146152,20.0760876003291,35.7076712503813
79,151.658,17.179,64.257,2.95543172729908,2.36437583371421,1.24998390067977,21.952668319524,-7.02817856489061
79,151.734,17.354,64.21,2.94837723078498,2.27639970672339,1.2951931166029,21.0853804886021,28.676775753689
79,151.81,17.369,64.181,2.9505163190373,2.34549999791308,1.25794769629611,21.7411909605241,15.6380432896281
79,151.886,17.349,64.206,2.85724541794496,2.29378311800423,1.24564759218866,20.5896881879845,30.6551394053139
79,151.962,17.277,64.281,2.86848416512426,2.42889308549542,1.18098412081369,21.8882342551578,40.227317378724
79,152.038,17.277,64.061,2.95402320464478,2.39823143535633,1.23175068139572,22.2563973588324,17.1003124532427
79,152.114,17.302,64.087,2.85623756152987,2.37159046066001,1.2043553087724,21.2806012264158,25.0575725652998
79,NaN,17.298,64.351,NaN,NaN,NaN,NaN,NaN
79,152.342,17.327,64.337,3.09249938616426,2.5759533566681,1.20052615788211,25.0263485994407,41.3597280332415
79,152.418,17.366,64.385,3.07658230287145,2.5799369774135,1.19250289049923,24.9360412345189,24.1109127764919
79,152.494,17.412,64.394,3.07190907042837,2.49802624390299,1.22973450656336,24.1076693181404,44.1094943350687
79,152.57,17.365,64.281,2.83342841638603,2.3744795544621,1.1932839813514,21.136377271851,28.7324664210325
79,152.646,17.226,64.27,2.96099653718556,2.26900789655336,1.30497409977433,21.1068672892614,20.679433121568
79,152.722,17.267,64.205,2.89663999834362,2.28338155649703,1.26857466729625,20.778915877625,22.7886846877227
79,152.798,17.238,64.233,2.85444807261036,2.36391215380912,1.2075102147983,21.1984131946331,23.3582629585521
79,152.874,17.194,64.149,2.99118898784459,2.16081028362671,1.38429042591567,20.3053445894974,24.7365148082542
79,152.95,17.237,64.235,3.01288538867594,2.378921107955,1.26649235176441,22.5171034833394,16.2135580074652
79,153.026,17.233,64.387,3.03787478402909,2.51840699846309,1.20626840136762,24.0350848296807,38.6209435938484
79,153.102,17.169,64.254,2.85622629753072,2.22121917132071,1.28588224629469,19.931220753987,38.0482357165178
79,153.178,17.155,64.194,3.04749613760305,2.20897601233013,1.37959675460143,21.1487175165741,29.030462172564
79,153.254,17.298,64.143,2.95402320464478,2.39823143535633,1.23175068139572,22.2563973588324,17.1003124532427
79,153.33,17.256,64.141,2.48214960602029,2.36537918031479,1.04936647226681,18.4449973291654,45
79,153.406,17.238,64.123,2.85724541794496,2.29378311800423,1.24564759218866,20.5896881879845,30.6551394053139
79,153.482,17.252,64.202,2.94281736485505,2.35078846592857,1.2518426934227,21.7333529962723,24.3591186392827
79,153.558,17.273,64.216,2.78546668739553,2.39851696808962,1.16132873957282,20.9889463185225,12.5293383763117
79,153.634,17.326,64.235,2.50605425906248,2.29839926252925,1.09034766061695,18.0953011857186,49.7501206576686
79,153.71,17.228,64.329,3.03342941480458,2.53495606396596,1.19663983842732,24.1576231950007,35.5891822613758
79,153.786,17.04,64.225,3.07795873110024,2.37081913755081,1.29826804683209,22.925092122557,-3.47159887307957
79,153.862,17.033,64.242,3.15926067300563,2.45720274567105,1.28571428571429,24.388007840629,0
79,NaN,17.097,64.42,NaN,NaN,NaN,NaN,NaN
79,154.09,17.134,64.24,3.00867814626808,2.40706370517878,1.24993706639128,22.751665219298,5.86738597040428
79,154.166,17.229,64.146,2.88814465803161,2.36490463822377,1.22125205868801,21.457664351953,16.7404695710314
79,154.242,17.105,64.33,3.21022065615355,2.37697350729044,1.35054961542796,23.9722665975497,36.4203901317186
79,154.318,17.085,64.237,3.00358076818173,2.35872864423319,1.27338970318825,22.2570278231558,10.0363549286686
79,154.394,17.293,64.198,2.88814465803161,2.36490463822377,1.22125205868801,21.457664351953,16.7404695710314
79,154.47,17.346,64.208,2.96099653718556,2.26900789655336,1.30497409977433,21.1068672892614,20.679433121568
79,154.546,17.329,64.221,3.07559597480207,2.28006590055911,1.34890661451842,22.0306117102314,18.7152614916604
79,154.622,17.313,64.307,3.06389430186275,2.53988389981189,1.20631273818841,24.4476723652037,31.4769054133866
79,154.698,17.292,64.344,3.00990459742247,2.60849886303336,1.15388380653627,24.6656891947178,36.2913687537497
79,154.774,17.305,64.35,3.08661563411815,2.59136191873772,1.19111715418805,25.1281488863841,38.5010376643313
79,154.85,17.41,64.238,3.04648000492131,2.22708274295082,1.36792403181429,21.3149617407343,25.3907770356351
79,154.926,17.385,64.227,2.94281736485505,2.35078846592857,1.2518426934227,21.7333529962723,24.3591186392827
79,155.002,17.306,64.271,2.98184372494603,2.32433005879592,1.28288308868265,21.7737158076272,-3.78380624771032e-16
79,155.078,17.304,64.19,2.88814465803161,2.36490463822377,1.22125205868801,21.457664351953,16.7404695710314
79,155.154,17.233,64.249,2.94281736485505,2.35078846592857,1.2518426934227,21.7333529962723,24.3591186392827
79,155.306,17.24,64.284,2.96268982401641,2.23213521148034,1.32728958746705,20.7757426455273,24.767408301585
79,155.458,17.293,64.404,3.07373535851656,2.62352265379146,1.17160618151113,25.3338482241543,35.649027586371
79,155.534,17.336,64.388,3.0496603707925,2.44981785729651,1.24485188223664,23.4711919401183,29.4979346739925
79,155.61,17.306,64.326,2.87874546503746,2.43786752573554,1.18084573285782,22.0476975070171,60.7113843468686
79,NaN,17.238,64.413,NaN,NaN,NaN,NaN,NaN
79,155.838,17.216,64.252,2.9505163190373,2.34549999791308,1.25794769629611,21.7411909605241,15.6380432896281
79,155.914,17.238,64.155,2.73729241708529,2.39009917528067,1.14526311100202,20.5535568719346,22.03276092357
79,155.99,17.34,64.169,2.81863188037869,2.30435761596573,1.22317467603545,20.405071039497,33.5321980720334
79,156.066,17.353,64.271,2.95402320464478,2.39823143535633,1.23175068139572,22.2563973588324,17.1003124532427
79,156.142,17.227,64.33,3.11016248452355,2.51935564347018,1.23450712192408,24.6162803846105,37.7608437288392
79,156.218,17.115,64.204,2.56063055417336,2.24365966755194,1.14127404936029,18.0490262705277,52.7311722616299
79,156.294,17.15,64.162,2.85724541794496,2.29378311800423,1.24564759218866,20.5896881879845,30.6551394053139
79,156.37,17.178,64.259,2.45720274567105,1.75514481833646,1.4,13.5488932447939,90
79,NaN,17.122,64.275,NaN,NaN,NaN,NaN,NaN
79,156.598,17.229,64.178,2.88814465803161,2.36490463822377,1.22125205868801,21.457664351953,16.7404695710314
79,156.674,17.263,64.229,3.01288538867594,2.378921107955,1.26649235176441,22.5171034833394,16.2135580074652
79,156.75,17.212,64.212,2.92433043443125,2.35472092334893,1.2419010700734,21.632950654776,27.0868305601138
79,156.826,17.242,64.14,2.91245420734684,2.45619521876676,1.18575843853697,22.4735592875429,35.3325957310868
79,156.902,17.329,64.048,3.00867814626808,2.40706370517878,1.24993706639128,22.751665219298,5.86738597040428
79,156.978,17.357,64.129,2.85724541794496,2.29378311800423,1.24564759218866,20.5896881879845,30.6551394053139
79,157.054,17.263,64.345,3.0930814655703,2.43230663068407,1.27166592671763,23.6352148786504,46.7008453467669
79,NaN,17.184,64.442,NaN,NaN,NaN,NaN,NaN
79,157.434,17.268,64.241,2.95625283526783,2.37334163307862,1.24560779369681,22.0420358788251,11.8968734360917
79,157.51,17.309,64.196,2.48214960602029,2.36537918031479,1.04936647226681,18.4449973291654,45
79,157.586,17.196,64.372,3.10933800805975,2.67729924824785,1.1613711131076,26.1525911473583,-24.1540170532276
79,157.662,17.175,64.245,2.69969201646929,2.26843082751899,1.1901143220761,19.2393163416541,38.505160398396
79,157.738,17.117,64.357,2.85849478251106,2.23903190545113,1.27666549795552,20.1070130002571,76.5098846408886
79,157.814,17.236,64.457,3.00990459742247,2.60849886303336,1.15388380653627,24.6656891947178,36.2913687537497
79,157.89,17.347,64.411,3.11584510476288,2.50108048737309,1.24579961360439,24.4823668112519,40.2940220026115
79,157.966,17.31,64.477,3.06266169859179,2.46673699268689,1.2415842092901,23.7340442000584,38.8792953147324
79,158.042,17.288,64.603,3.06668005688254,2.70717845865243,1.13279567775855,26.0816598852913,41.2615602209621
79,158.118,17.272,64.569,3.09041180485499,2.48087218247057,1.24569569794499,24.0863291145678,34.8600876029198
79,158.194,17.271,64.736,3.22822992712906,2.52645229605764,1.27777196987511,25.6227320155806,53.9623833366142
89,122.246,24.082,47.322,2.92851421677777,2.33505683316344,1.25415115177746,21.4829869561602,79.017389303431
89,122.322,24.141,47.262,2.54437226797531,2.04756353469796,1.2426340989466,16.3669559153903,86.0416290994532
89,122.398,24.284,47.309,2.22953158650341,1.86646920908823,1.19451827849468,13.0732730509524,-72.1022593602778
89,NaN,24.251,47.256,NaN,NaN,NaN,NaN,NaN
89,122.626,24.258,47.143,2.40542358291481,1.87246724271924,1.28462785785326,14.1499747867451,71.4376471705744
89,122.702,24.241,47.137,2.87183397634087,2.33211449865369,1.23142923642847,21.0406460642688,41.9738391990651
89,122.778,24.249,47.237,2.52812914731571,2.22528956733166,1.13608996529256,17.6740329489496,45
89,122.854,24.253,47.253,2.77209744831147,2.19175407963331,1.26478489264419,19.0875500736714,33.3781878796007
89,122.93,24.263,47.233,2.35373351251027,1.96935248717763,1.19518142528335,14.5623216501011,-15.0125805490752
89,123.006,24.285,47.233,2.81235315869236,2.23678011955971,1.2573221364494,19.7625518640406,24.602097325236
89,123.082,24.281,47.258,2.31827602780516,1.89215440956959,1.22520446327237,13.780709927678,-85.3225620205524
89,123.158,24.302,47.288,2.28000345944646,1.45700320620168,1.56485823074493,10.4362839319616,-89.4331632364486
89,123.234,24.319,47.392,2.78853641609683,2.17730490655348,1.28072848580077,19.0741610122817,83.100876508305
89,123.31,24.342,47.529,2.22648658726966,1.510692917214,1.4738181147865,10.5668647555551,-83.8626369523699
89,123.386,24.355,47.558,2.34930447942277,2.06395773445843,1.13825222299875,15.2331591363227,-20.2231160104207
89,123.462,24.369,47.584,2.4491828267571,2.24993676830372,1.08855629245243,17.3117667197968,89.4637526910672
89,123.538,24.421,47.552,2.23277296488151,1.36049321063471,1.64114965618965,9.54312948312288,-80.8344642076993
89,123.614,24.373,47.528,2.0076016859575,1.30438608987049,1.53911614172214,8.22685008172033,-74.8717814182354
89,NaN,24.336,47.733,NaN,NaN,NaN,NaN,NaN
89,124.146,24.391,47.967,1.68049486181593,1.14006329135673,1.47403646320028,6.01888469830223,-75.2807551626642
89,124.222,24.474,48.006,1.80673085859458,1.25975915772273,1.43418751712876,7.15040859064176,-72.7658112955915
89,124.298,24.424,48.058,1.63674159894847,1.34433858169072,1.21750697424008,6.91255589358016,90
89,NaN,24.393,48.194,NaN,NaN,NaN,NaN,NaN
89,124.526,24.481,48.282,1.48685429221377,1.42356708425277,1.04445677949502,6.64961071379774,0
89,124.602,24.517,48.317,2.3841263522795,2.11365349171361,1.12796461748638,15.831167073059,-61.579447788003
89,124.678,24.556,48.33,1.63252488560577,1.24243356544506,1.31397358459241,6.37210404809682,-72.7457385061658
89,124.754,24.571,48.4,2.22548478533074,1.63968993655483,1.35725952554587,11.4640014804809,-87.0847187677981
89,124.83,24.595,48.533,2.42589068271076,1.69236772449509,1.43343000909245,12.8978057948302,-77.6735854117064
89,124.906,24.674,48.596,2.66245934465741,1.61675876616717,1.64678825337021,13.5231567471742,-82.6557517622231
89,124.982,24.711,48.671,1.60093839148586,1.58235820639112,1.011742085338,7.95846472777024,90
89,125.058,24.711,48.742,1.60033214616027,1.34887980952191,1.18641567237001,6.78161695310352,19.7003303317397
89,125.134,24.77,48.823,1.60093839148586,1.54213220358481,1.03813303928441,7.75614819591277,45
89,125.21,24.779,48.812,1.58678719188452,1.37970206212076,1.15009409310112,6.87786856712891,14.9908196844246
89,125.286,24.686,48.847,1.72905382906889,1.5075960513064,1.14689463903185,8.18923583069411,50.3921489337813
89,125.362,24.629,48.955,1.72397804969326,1.24155840707481,1.38855976478389,6.72432599210328,63.7218279717803
89,125.438,24.691,48.939,1.6539365051036,1.55768359793659,1.06179233529486,8.09371583432663,20.3006473225022
89,125.514,24.77,48.967,1.60093839148586,1.54213220358481,1.03813303928441,7.75614819591277,45
89,125.59,24.835,49.006,1.71425531749871,1.58254633226178,1.08322599000858,8.52279047249394,22.3574743612081
89,125.666,24.805,49.038,1.72905382906889,1.5075960513064,1.14689463903185,8.18923583069411,39.6078510662187
89,125.742,24.775,49.039,1.62302297961044,1.46089803693588,1.11097622049969,7.4489395011931,72.5039899007207
89,125.818,24.833,49.006,1.71425531749871,1.58254633226178,1.08322599000858,8.52279047249394,22.3574743612081
89,125.894,24.819,49.052,1.7405983250092,1.43504652804076,1.21292117781408,7.84719448385517,27.3072846354505
89,125.97,24.735,49.075,1.60093839148586,1.54213220358481,1.03813303928441,7.75614819591277,45
89,126.046,24.72,49.004,1.72905382906889,1.5075960513064,1.14689463903185,8.18923583069411,50.3921489337813
89,126.122,24.751,48.999,2.03121770289876,1.62969068532972,1.24638234800232,10.3994777227233,82.8093027044547
89,126.198,24.787,49.035,1.7217517608316,1.35224758855024,1.27325186261009,7.31436492463308,12.8205029121526
89,126.274,24.803,49.02,1.78990353557578,1.64022329103218,1.09125601700815,9.22321798719471,45
89,126.35,24.757,49.002,1.60093839148586,1.54213220358481,1.03813303928441,7.75614819591277,45
89,126.426,24.759,49.051,1.62302297961044,1.46089803693588,1.11097622049969,7.4489395011931,72.5039899007207
89,126.502,24.786,49.065,1.62302297961044,1.46089803693588,1.11097622049969,7.4489395011931,72.5039899007207
89,126.578,24.789,49.063,1.60093839148586,1.54213220358481,1.03813303928441,7.75614819591277,45
89,126.654,24.742,49.108,1.84840242240469,1.47934161515354,1.24947639103146,8.59042946418263,45
89,126.73,24.718,49.088,1.7217517608316,1.35224758855024,1.27325186261009,7.31436492463308,77.1794970878474
89,126.806,24.827,49.077,1.60093839148586,1.54213220358481,1.03813303928441,7.75614819591277,45
89,126.882,24.846,49.098,2.22010209975427,1.61291009234439,1.37645744191936,11.2494937736904,45
89,126.958,24.808,49.156,1.84840242240469,1.47934161515354,1.24947639103146,8.59042946418263,45
89,127.034,24.788,49.108,1.96894203011382,1.65508459772938,1.18963225977392,10.2377141562666,45
89,127.11,24.734,49.103,2.22548478533074,1.63968993655483,1.35725952554587,11.4640014804809,87.0847187677981
89,127.186,24.832,49.174,1.7217517608316,1.35224758855024,1.27325186261009,7.31436492463308,77.1794970878474
89,127.262,24.924,49.143,2.09926726160827,1.63057686401777,1.28743839553545,10.7537238921695,49.3377009043296
89,127.338,24.889,49.159,1.97266550745459,1.90844063408659,1.03365306325011,11.8272010242046,45
89,127.414,24.782,49.274,1.71425531749871,1.58254633226178,1.08322599000858,8.52279047249394,67.6425256387919
89,127.49,24.74,49.291,2.07526744088681,1.60638586269887,1.2918860213325,10.4730654719124,66.0236302261803
89,127.566,24.754,49.29,2.11314855382902,1.53714506305501,1.37472292278598,10.2045711051042,66.8044925566968
89,127.642,24.763,49.438,1.89690897387109,1.61118742110097,1.17733601257567,9.60157384464637,83.8676131360538
89,127.718,24.816,49.488,2.2319405155074,1.70766142029023,1.30701583404517,11.9738621894829,55.8541572527759
89,127.794,24.812,49.495,2.12937401430956,1.705968194425,1.24819092247337,11.4122887793366,63.583832141277
89,127.87,24.831,49.403,1.97203733301551,1.31744510005548,1.49686490384493,8.16201768866096,5.11252369227566
89,127.946,24.866,49.402,2.12446434787172,1.65350458466033,1.2848251934591,11.0358229248495,56.2164954610627
89,128.022,24.825,49.533,2.40934980508483,1.67500838777516,1.43841059105684,12.6784661984119,62.1059065953226
89,128.098,24.796,49.616,2.31133558477054,1.64568336576183,1.404483774253,11.9497593057918,-81.4387925714335
89,128.174,24.757,49.617,1.96368853080669,1.6273935262511,1.20664639445278,10.0395688017153,-70.9942448649918
89,128.25,24.75,49.522,1.78081373728438,1.55416058253156,1.14583638093796,8.69489335848039,-72.7695918643141
89,128.326,24.73,49.54,2.30687758999839,1.60703253866211,1.43548903615786,11.6465982074377,78.3397854821275
89,128.402,24.778,49.675,2.38077010565811,1.51903745719289,1.56728861055057,11.3615037560335,79.9956414968506
89,128.478,24.8,49.748,2.28872667780252,1.89802098323976,1.20584898587152,13.6472395232537,-77.0956424078739
89,128.554,24.857,49.714,1.81827077396619,1.60829715235853,1.13055648410478,9.18702131135845,-28.5253924417047
89,128.63,24.902,49.682,2.45557066321594,1.90854273848397,1.28662073617827,14.7232673615706,-67.5782015066417
89,128.706,24.761,49.717,2.41597586213859,1.68889640776798,1.43050565506946,12.8187440350629,89.7654001416632
89,128.782,24.716,49.827,2.13603497719892,1.66414849205546,1.28356032373085,11.1673546458147,-85.2596035998027
89,128.858,24.703,49.934,2.11408880292802,1.79646368290508,1.17680575624513,11.9314037098539,84.0666373786895
89,128.934,24.749,49.975,2.07535468544953,1.70863859778558,1.21462472411616,11.1401853149065,-78.8296760200029
89,129.01,24.698,50.019,2.07535468544953,1.70863859778558,1.21462472411616,11.1401853149065,-78.8296760200029
89,NaN,24.641,50.103,NaN,NaN,NaN,NaN,NaN
89,129.238,24.698,50.239,1.83623828118345,1.33973858695759,1.37059445705252,7.72856699376817,-84.595284825219
89,129.314,24.725,50.364,1.97511200545608,1.68526050159063,1.17199210661609,10.4570369739967,-81.094279917361
89,129.39,24.745,50.391,2.13603497719892,1.66414849205546,1.28356032373085,11.1673546458147,85.2596035998027
89,129.466,24.663,50.515,1.9615161555871,1.61450531275106,1.21493323069018,9.94904145834118,68.2856553129308
89,129.542,24.669,50.562,2.18665168950229,1.70996932718336,1.27876661571709,11.7467520821004,-73.4923153899371
89,129.618,24.766,50.528,1.88061835183576,1.64462158802724,1.14349608780923,9.71664932355716,69.5756426332109
89,129.694,24.711,50.595,2.00119485497172,1.55907805215178,1.28357579802354,9.80182869552468,-70.4280067927145
89,NaN,24.678,50.667,NaN,NaN,NaN,NaN,NaN
89,129.922,24.672,50.768,2.32172058893758,1.3630108451889,1.70337646038011,9.94166527518123,90
89,129.998,24.692,50.919,2.13603497719892,1.66414849205546,1.28356032373085,11.1673546458147,-85.2596035998027
89,130.074,24.722,50.99,2.45218291868014,1.49204515868507,1.64350449073622,11.4943575767998,90
89,130.15,24.673,51.054,2.2486050655461,1.58363342500623,1.41990250397579,11.1871050696208,84.0271676524732
89,130.226,24.666,51.225,2.40056828450035,1.3766806421474,1.74373649995968,10.3823853134001,-86.2026783157043
89,130.606,24.69,51.627,1.89690897387109,1.61118742110097,1.17733601257567,9.60157384464637,-83.8676131360538
89,130.986,24.811,52.027,1.96074108438621,1.88860976970422,1.03819281030897,11.6335524863155,90
89,131.062,24.887,52.205,2.05986878018349,1.8977106135285,1.08544936488155,12.2805951568,-74.565239931207
89,131.138,24.881,52.348,2.220988602856,1.81710216901814,1.22226952381885,12.6787240446687,-59.2809382420635
89,131.214,24.911,52.442,2.30446209718675,1.79327286963308,1.28505936615116,12.9827238717827,-56.9699316447457
89,131.29,24.909,52.437,1.98678928881774,1.80209973096629,1.10248575851705,11.2481345954736,-45
89,131.366,24.874,52.431,2.20228398300555,1.80245941004614,1.2218216791629,12.4706383969182,-50.8272365785751
89,NaN,24.908,52.552,NaN,NaN,NaN,NaN,NaN
89,131.594,24.937,52.714,2.23723185131125,1.64517567083569,1.35987414047694,11.5630697366112,-50.4229001990813
89,131.67,24.931,52.85,2.06598150745612,1.5881130536319,1.30090329698592,10.3076038255963,-35.7579772742761
89,131.746,24.969,52.975,1.96368853080669,1.6273935262511,1.20664639445278,10.0395688017153,-19.0057551350082
89,NaN,25.089,53.226,NaN,NaN,NaN,NaN,NaN
89,131.974,25.233,53.471,2.66451370717083,2.04368759133226,1.30377740632748,17.1073341942498,-64.41336357371
89,132.05,25.193,53.544,2.45080423331391,1.6242860821411,1.5088501097561,12.5060746744315,10.5540274596214
89,132.126,25.168,53.68,2.20204770172812,1.97178388554291,1.11677943910259,13.6406764663202,22.347348391018
89,132.202,25.266,53.868,2.39847970665233,1.33574391218773,1.79561342916698,10.064892124704,6.6925915438485
89,132.278,25.331,53.988,2.36426896895758,1.69693173983523,1.39326109203847,12.6040793235531,0
89,132.354,25.331,54.172,2.39317893951567,1.77427211402975,1.34882294581085,13.3396757077606,-23.4846973540012
89,132.43,25.357,54.426,2.10885378480245,1.82887563991574,1.15308757948113,12.116592925871,-76.2883246464453
89,132.506,25.449,54.633,2.67582818238376,2.31496446116765,1.15588305015883,19.4604296482095,-56.3641897761096
89,132.582,25.497,54.715,2.61342351642256,1.92636706942571,1.35665915281747,15.8160748975051,-1.72319221656287e-15
89,132.658,25.501,54.821,2.24768206529898,2.15584227893043,1.04260041992224,15.2230522402541,45
89,132.734,25.527,54.998,2.57351411460391,1.96349430394618,1.31068071317127,15.8747199646581,4.24017093968317
89,132.81,25.596,55.147,2.61331132246288,1.74253015572856,1.499722293971,14.30610227126,1.63245154281191
89,132.886,25.712,55.287,2.62913295021294,2.21683125631914,1.18598695445065,18.310283010454,4.43464727412937
89,132.962,25.739,55.46,2.07535468544953,1.70863859778558,1.21462472411616,11.1401853149065,-78.8296760200029
89,133.038,25.763,55.63,2.17052328217764,1.68469256455899,1.28837945144361,11.4877501246553,-81.7442498122396
89,133.114,25.828,55.772,2.020867894648,1.68496887474028,1.19935028174303,10.6974355816197,90
89,133.19,25.835,55.979,1.91772857093877,1.62035868140676,1.18352102713076,9.76221057962435,90
89,133.266,25.905,56.234,1.63674159894847,1.34433858169072,1.21750697424008,6.91255589358016,0
89,133.342,25.969,56.453,2.11711702113727,1.79632348440018,1.17858338964165,11.9475617609199,-75.2407915276995
89,133.418,26.031,56.591,2.46544060775042,1.97306385003677,1.24954932791682,15.2821886743295,-38.710630097925
89,133.494,26.097,56.778,1.98344576543231,1.63872304115197,1.21036057687821,10.2111760198755,-12.491578503655
89,133.57,26.148,57.013,2.32011613279713,1.81003806698135,1.2818051593061,13.1931136997598,-90
89,133.646,26.201,57.248,2.64282698217929,1.84010511408751,1.43623696382685,15.2778146599841,83.0757315856068
89,133.722,26.167,57.474,2.09695967106074,1.80114567865085,1.16423657226409,11.8655750693692,-42.9164779579394
89,133.798,26.152,57.607,1.90919952327991,1.81572154939397,1.05148254913709,10.8905656625143,-56.4770432688141
89,133.874,26.163,57.728,1.97511200545608,1.68526050159063,1.17199210661609,10.4570369739967,8.90572008263903
89,133.95,26.163,57.962,2.18526920609956,1.53591691990206,1.42277826214643,10.5444162869993,-9.61932225845422
89,134.026,26.223,58.161,1.99876787627027,1.49852396974528,1.33382442765332,9.40970325633696,-34.0134299043273
89,134.102,26.266,58.349,2.26030576437586,1.90631262568287,1.18569521804756,13.5366496724062,-72.9705798767853
89,134.178,26.282,58.521,2.20003699585478,1.34199614802529,1.6393765355378,9.27536750223813,-6.34314270281713
89,134.254,26.341,58.65,2.26568471060885,1.37092863227083,1.65266422866661,9.75807593886191,-2.00125532582213
89,134.33,26.411,58.824,1.69448281470227,1.54635086200096,1.09579452913398,8.23180515244108,6.04737853850607
89,134.406,26.387,58.961,2.23193349855226,1.62985806530942,1.36940359780871,11.4282809668979,-6.15631685689202
89,134.482,26.426,59.164,1.96850152843602,1.60802265186653,1.22417524787419,9.94438182837752,-3.50825087236146
89,134.558,26.526,59.303,1.78990353557578,1.64335050700965,1.08917940995607,9.2408027848323,3.11564540224997e-15
89,134.634,26.499,59.361,2.54476937004398,2.17472769130084,1.17015540852464,17.3861405417154,-49.8138671823036
89,134.71,26.5,59.445,2.33374868684127,2.1213305007314,1.10013441377316,15.5529328032864,90
89,134.786,26.5,59.54,1.98471856567782,1.87632385434451,1.057769724071,11.6992118390929,30.9637565320735
89,134.862,26.518,59.714,1.98344576543231,1.63872304115197,1.21036057687821,10.2111760198755,12.491578503655
89,134.938,26.577,59.92,1.91772857093877,1.62035868140676,1.18352102713076,9.76221057962435,0
89,135.014,26.624,60.172,2.020867894648,1.68496887474028,1.19935028174303,10.6974355816197,0
89,135.09,26.672,60.4,2.29015315661495,1.96814054018335,1.16361261294968,14.1602365066357,-31.0513644845261
89,135.166,26.709,60.552,1.89189101937488,1.67217714679289,1.13139389747276,9.93867003236822,45
89,135.242,26.792,60.658,2.06178715527223,1.92557574231551,1.07073801874598,12.4725228600584,-8.13010235415597
89,135.318,26.904,60.79,2.25825704068569,2.09152205794348,1.07971944742775,14.8383528696722,84.4354053551944
89,135.394,27.019,60.934,2.43666040478333,1.97579296952585,1.23325694663651,15.124684170548,9.52214010844844
89,135.47,27.036,61.028,2.22618550859967,2.21985445408992,1.00285201333722,15.5251471330113,44.999999999998
89,135.546,27.013,61.098,2.41377751369496,2.3791418919106,1.0145580311549,18.0412844521822,-44.9999999999999
89,NaN,27.063,61.294,NaN,NaN,NaN,NaN,NaN
89,135.926,27.133,61.617,2.18206982282176,1.6868417035321,1.29358304235228,11.5635942737555,-7.35177591188079
89,136.002,27.12,61.783,2.29397976704956,1.93263146219457,1.18697217339341,13.9279917585654,82.2054098134336
89,136.078,27.081,61.844,2.29320509298625,1.90292747350055,1.20509327072133,13.7092913642502,-71.9921828744934
89,136.154,27.095,61.913,2.57938249392756,1.94797685615261,1.32413405517662,15.7851754514307,-81.3510512391096
89,136.23,27.038,61.956,2.45886911675537,1.85747068168877,1.32377277390986,14.3485247952554,90
89,NaN,26.981,62.109,NaN,NaN,NaN,NaN,NaN
89,136.458,27.058,62.2,1.97825746664292,1.72553234054207,1.14646212079772,10.7239749212194,23.9291643427102
89,136.534,27.135,62.275,2.70358304683799,2.3528327517945,1.14907574487646,19.9839182378518,53.7431249076521
89,136.61,27.16,62.468,1.94022942568251,1.87571732328332,1.03439329668624,11.4332670861357,44.5907722691557
89,136.686,27.215,62.564,1.91772857093877,1.69942507043403,1.12845726728569,10.2385635922701,0
89,136.762,27.204,62.697,1.9946560917541,1.60639765768088,1.24169509474618,10.0663253412826,16.173721749721
89,136.838,27.216,62.747,2.10387881503673,1.44178829485996,1.45921479771833,9.52954331921805,4.33973641266514
89,136.914,27.246,62.806,1.81123007226557,1.29787529908983,1.39553474323439,7.38510135498858,2.65046325826285
89,136.99,27.228,62.956,2.01862390073452,1.70212272326951,1.18594498101586,10.794341490202,4.70098956197546
89,137.066,27.293,63.04,1.90706601353411,1.66210355570435,1.14738098416855,9.95803567416619,-7.24410161401623
89,137.142,27.497,63.169,2.40321644311339,2.06432976876663,1.1641630515987,15.5855393113488,-60.6247676111406
89,137.218,27.549,63.372,2.40017459437676,1.80581707085162,1.32913495675663,13.6165304430643,28.9914433351831
89,137.294,27.45,63.479,1.81123007226557,1.29787529908983,1.39553474323439,7.38510135498858,2.65046325826285
89,137.37,27.559,63.457,2.09712067077351,1.5504993764196,1.35254531711981,10.2151533252522,2.1390921652889
89,137.446,27.543,63.53,2.26807591442498,1.54288879161009,1.4700190491747,10.9936544819302,2.66270534509323
89,137.522,27.62,63.629,1.87315664780226,1.64116562760699,1.14135746952825,9.65775943170548,20.4571916100125
89,137.598,27.697,63.694,2.20032956495966,1.89827666523062,1.15911953471353,13.1219118546896,6.27121991196714
89,137.674,27.617,63.834,2.02859443947291,1.87778218404,1.0803140304103,11.9671385100662,24.6181973995294
89,137.75,27.63,64.016,2.29241809644276,2.10073461859617,1.0912459270913,15.1291626949753,50.3611870627094
89,137.826,27.69,64.127,2.14196235813949,1.8747953900108,1.14250460052985,12.6158229100617,20.5234102491014
89,137.902,27.743,64.215,2.41431249253161,2.32210168368303,1.03971006502279,17.6126452466123,-53.130102354156
89,137.978,27.707,64.305,2.3308246902332,1.94606378833506,1.19771237931893,14.2500554444015,-62.8256711984857
89,138.054,27.825,64.352,2.70807484860878,2.19030769222542,1.23639014656306,18.6344107722912,55.3968928394382
89,138.13,27.862,64.49,2.42107734784863,2.05734686001192,1.17679589908072,15.6482600624172,46.5610652310578
89,138.206,27.779,64.644,2.2268000916791,1.86835845025559,1.19184843324603,13.0704729852981,-3.50367666340453
89,138.282,27.849,64.843,2.54881030127038,1.80608546719269,1.41123459967382,14.4619109979434,-3.93037437990527
89,138.358,27.958,65.094,2.50075341922369,1.78055678362074,1.40447833072666,13.9886747412881,5.54686150577892
89,138.434,28.006,65.321,2.20960842178419,1.58557687411898,1.39356751340862,11.0065824735856,20.3847818522908
89,138.51,28.012,65.516,2.40409893800619,2.13291738305641,1.12714114344231,16.1092841850979,-4.88681617256821
89,138.586,28.051,65.677,2.26264495651625,2.034509617071,1.1121328390542,14.4619225599281,73.6627301755241
89,138.662,28.02,65.901,2.34256339008965,2.0347450677087,1.15128102643717,14.9744620279488,81.8285587282791
89,138.738,28.018,66.168,2.66664553493022,1.79209493546056,1.48800461524931,15.0133004510506,0.0300923101050645
89,138.814,28.032,66.353,2.13728341396206,1.66571441302137,1.2831031521696,11.18439590435,0
89,138.89,28.069,66.373,2.27289083040328,2.04817820019044,1.10971341760787,14.6250105708524,5.47129045345034
89,138.966,28.1,66.499,1.99356906618497,1.84459558365493,1.08076213770113,11.5526688136623,-26.2357795882962
89,139.042,28.105,66.647,2.1564647939267,1.94747682105947,1.10731217471104,13.1936373448928,-17.8880388589473
89,139.118,28.159,66.68,2.167046882667,1.83840106478154,1.1787672038389,12.5157950457946,-82.4330768456487
89,139.194,28.213,66.77,2.09000016391658,1.92141249644509,1.08774152753945,12.6158583406452,54.2755051688677
89,139.27,28.21,66.884,2.6301909376631,1.91420390988813,1.37403905826147,15.81704494632,-87.2541342312612
89,139.346,28.204,66.973,1.91623965837518,1.37803157544279,1.39056295408867,8.29581131461311,8.80628892146192
89,139.422,28.249,67.114,2.22010209975427,1.61291009234439,1.37645744191936,11.2494937736904,45
89,139.498,28.257,67.263,2.13736861408783,1.70421476556315,1.25416623378542,11.4433616726455,48.3372345235588
89,139.574,28.321,67.261,1.96368853080669,1.6273935262511,1.20664639445278,10.0395688017153,19.0057551350083
89,139.65,28.33,67.32,1.62302297961044,1.46089803693588,1.11097622049969,7.4489395011931,72.5039899007207
89,139.726,28.299,67.411,1.60093839148586,1.54213220358481,1.03813303928441,7.75614819591277,45
89,139.802,28.264,67.427,1.71425531749871,1.58254633226178,1.08322599000858,8.52279047249394,22.3574743612081
89,139.878,28.286,67.53,1.65889816176615,1.32897420759187,1.24825459537857,6.92605842828217,0
89,139.954,28.349,67.671,2.22328763908121,1.29046088231279,1.72286325727021,9.01343581489418,8.93934829792067
89,140.03,28.315,67.819,1.93152281773099,1.4146049644659,1.36541498598533,8.58390482211973,6.15598090387314
89,140.106,28.303,67.921,2.06140983797941,1.73311101179395,1.18942746537951,11.2238175598469,-48.347316805855
89,140.182,28.351,68.052,2.08451443058197,1.52997806604577,1.3624472643385,10.0193600499886,-83.952621461494
89,140.258,28.373,68.236,1.60033214616027,1.34887980952191,1.18641567237001,6.78161695310351,-19.7003303317397
89,140.334,28.392,68.365,1.63252488560577,1.24243356544506,1.31397358459241,6.37210404809682,-17.2542614938342
89,140.41,28.446,68.481,1.7217517608316,1.35224758855024,1.27325186261009,7.31436492463308,-12.8205029121526
89,140.486,28.422,68.652,2.00119485497172,1.55907805215178,1.28357579802354,9.80182869552468,-70.4280067927145
89,140.562,28.372,68.839,1.87252934116347,1.40911628091814,1.32886786315702,8.28944275895611,11.4438502053457
89,140.638,28.422,68.989,2.41986496806261,1.67442292762832,1.44519340253549,12.7293482237277,-80.9276177682081
89,140.714,28.411,69.126,2.2873832356917,1.52095317446886,1.50391430458764,10.9296096180418,-83.8440190961269
89,140.79,28.351,69.192,2.20784815412147,1.87933317828667,1.17480401007675,13.0353547557228,11.2554238150809
89,140.866,28.336,69.313,2.63317317068173,1.7186647293145,1.5321040373779,14.2174090440122,-87.8209218341609
89,140.942,28.401,69.551,2.09671268552097,1.83021484792767,1.14561013855562,12.0556566272122,39.1467816354234
89,141.018,28.474,69.721,1.87213283636658,1.73886800784819,1.07663884085331,10.2271152637725,71.565051177078
89,141.094,28.517,69.805,1.88061835183576,1.64462158802724,1.14349608780923,9.71664932355716,-69.5756426332109
89,141.17,28.541,69.902,1.92940108531276,1.62831341659418,1.18490768770323,9.86984636535026,-78.6998017728891
89,141.246,28.522,70.004,1.94089105763968,1.75256165670032,1.10745950090791,10.6862255779508,-27.3671161703272
89,141.322,28.551,70.055,1.97775467759232,1.35540328338324,1.4591632629483,8.42152663202985,90
89,141.398,28.582,70.122,2.47314392454712,1.3344962730135,1.85324153731982,10.3685166348509,88.9275465981339
89,141.474,28.577,70.263,1.77984239850347,1.34669213376928,1.32164015358272,7.53008266928199,78.4234592179432
89,141.55,28.646,70.331,2.33400719942113,1.31739291288401,1.7716864699929,9.65978336394575,86.9266871701767
89,141.626,28.661,70.382,2.48596536477719,1.32310917074595,1.87888151616064,10.3333377788786,90
89,141.702,28.686,70.559,2.48596536477719,1.32310917074595,1.87888151616064,10.3333377788786,90
89,141.778,28.754,70.675,2.00500245892671,1.29550111003133,1.54766556616708,8.16023323150987,-85.5520715151684
89,141.854,28.799,70.695,2.30253520148103,1.4549796664401,1.58252053591557,10.5247811796932,86.1568610226666
89,141.93,28.802,70.844,2.5412017337883,1.83025255493825,1.38844321070981,14.6116761299524,-76.3502138943336
89,142.006,28.83,71.021,2.13900188806989,1.31995010563716,1.62051722935191,8.86989657143648,88.416356369424
89,142.082,28.841,71.157,1.90074971875135,1.6687726427927,1.13901059378013,9.96487784113849,-45
89,142.158,28.789,71.288,1.8018468445379,1.65059031660593,1.09163783793606,9.34344512279448,-48.3878280846996
89,142.234,28.871,71.378,1.91599489686207,1.62816092406899,1.17678471982594,9.80034914776476,-58.817382538181
89,142.31,28.901,71.502,2.32147809970636,1.59825156180308,1.45251107847338,11.6562700676064,-62.7707689566025
89,142.386,28.97,71.638,2.21908009019989,1.55055134879541,1.43115549957365,10.8095845472979,-72.6673390652557
89,142.462,28.978,71.76,2.7640079911412,2.10330732124208,1.31412464703872,18.2638318697465,69.0693326666007
89,142.538,28.955,71.895,2.24596209763412,2.1759612410743,1.03217008430042,15.3533606259153,-86.9149124524852
89,142.614,28.871,72.01,2.52788134880338,1.82033194684932,1.38869251466949,14.4562999039696,14.6503877720407
89,142.69,28.913,72.069,1.81932799213434,1.34867354230114,1.34897581591922,7.70846157867272,89.6852006957949
89,142.766,28.994,72.179,2.00916799377526,1.69389986773267,1.18611969458654,10.6918746373575,0
89,142.842,28.935,72.323,1.63674159894847,1.34433858169072,1.21750697424008,6.91255589358016,90
89,142.918,29.024,72.442,2.26568471060885,1.37092863227083,1.65266422866661,9.75807593886191,-2.00125532582213
89,142.994,28.983,72.545,2.34001434337652,1.54737883725184,1.51224398773116,11.3753572570973,3.93559096841552
89,143.07,29.01,72.61,1.92266481738237,1.56657531648568,1.22730442459384,9.46247470003985,2.52341528446692e-15
89,143.146,29.068,72.64,2.1828736318617,1.57327792747808,1.38746854178574,10.7890676744454,-4.33063412740978
89,143.222,29.04,72.703,2.76055268064265,1.76800635678823,1.56139296108499,15.3330917432043,-25.0692825607166
89,143.298,29.075,72.805,2.68584687979917,1.71481111366733,1.56626397997571,14.469296364955,-44.235013881467
89,143.374,29.139,72.944,2.58108279773416,1.42756291789274,1.80803435378117,11.5756947867105,-39.8748567503377
89,143.45,29.177,73.063,1.63252488560577,1.24243356544506,1.31397358459241,6.37210404809682,17.2542614938342
89,143.526,29.172,73.088,2.81137666912528,1.34479149060052,2.09056696802108,11.8774677935373,-0.7811124584212
89,143.602,29.183,73.211,2.13900188806989,1.31995010563716,1.62051722935191,8.86989657143648,-1.58364363057596
89,143.678,29.22,73.368,2.16686364925487,1.444167991407,1.5004235394691,9.83103340431719,-8.92180714857804
89,143.754,29.351,73.467,1.99217519387182,1.25614675240931,1.58594144358594,7.86172377494917,84.768560414412
89,143.83,29.309,73.65,2.0076016859575,1.30438608987049,1.53911614172214,8.22685008172033,74.8717814182354
89,143.906,29.231,73.847,2.37759259053054,1.74017730448607,1.36629329919501,12.9981280662032,-79.6387190445568
89,143.982,29.268,73.978,2.39847970665233,1.33574391218773,1.79561342916698,10.064892124704,83.3074084561515
89,144.058,29.289,74.09,2.53640569785732,1.8167777596111,1.39610124817923,14.4767274320765,-47.1751107626099
89,144.134,29.338,74.214,2.06311075079991,1.54048009315295,1.33926479152176,9.98455021199693,-86.4642738898158
89,144.21,29.416,74.322,1.97822059111097,1.42398897615092,1.38921060783641,8.84975439471669,-70.5251179114494
89,144.286,29.413,74.354,1.92828973742504,1.36111870892602,1.41669475614405,8.24552221517811,-86.3864033558435
89,144.362,29.386,74.371,1.43969275167859,1.27630490986323,1.12801630750827,5.77263543300989,-81.0905555427386
89,144.438,29.352,74.496,1.75514481833646,1.75514481833646,1,9.67778088913848,0
89,144.514,29.297,74.599,1.92266481738237,1.51661846077237,1.26773138209277,9.16072381816,90
89,144.59,29.351,74.7,1.99697031130721,1.34522206017615,1.48449120069122,8.4394755956031,90
89,144.666,29.291,74.898,1.92828973742504,1.36111870892601,1.41669475614405,8.2455222151781,-86.3864033558435
89,144.742,29.252,75.034,2.1531664561283,1.78427031422056,1.2067490216968,12.0694680121464,-85.0592969398249
89,144.818,29.265,75.168,2.18817317100586,1.47355067300686,1.48496635445917,10.1297012400347,-86.8325486289997
89,144.894,29.229,75.353,1.88953394624834,1.73100984216062,1.09157897328293,10.2755270886055,-81.999488573077
89,144.97,29.237,75.483,2.36330182952051,1.45944124989832,1.61931960583214,10.8356677742987,90
89,145.046,29.221,75.634,2.05232560280281,1.53915547899551,1.3334101920244,9.92381428710261,-83.9716187330837
89,145.122,29.219,75.795,1.8860138383287,1.55372206204234,1.21386822289797,9.20593873178191,-71.9768523138171
89,145.198,29.24,75.911,1.9343823407011,1.29468412620624,1.494095974104,7.8678489711543,80.6041878881153
89,NaN,29.238,76.439,NaN,NaN,NaN,NaN,NaN
89,NaN,29.21,77.2,NaN,NaN,NaN,NaN,NaN
89,NaN,29.177,77.5,NaN,NaN,NaN,NaN,NaN
89,NaN,29.177,77.5,NaN,NaN,NaN,NaN,NaN
89,NaN,29.329,77.5,NaN,NaN,NaN,NaN,NaN
89,NaN,29.481,77.5,NaN,NaN,NaN,NaN,NaN
89,NaN,29.481,77.5,NaN,NaN,NaN,NaN,NaN
89,NaN,29.329,77.5,NaN,NaN,NaN,NaN,NaN
179,259.806,17.031,63.973,2.80823170933834,2.10617378200375,1.33333333333333,18.5813393071459,0
179,259.882,17.06,63.928,2.54117002468796,2.09556600830689,1.21264136496521,16.7295762909159,-5.62452215733717
179,259.958,16.983,63.777,2.98851526199571,2.13981988408224,1.39662000723835,20.0901217934818,0.187167869251279
179,260.034,16.969,63.808,2.74111311578485,2.30289107130982,1.19029212885253,19.8312562499123,-82.6244683671301
179,260.11,17.075,63.868,2.28861707639918,1.71185821383686,1.33691976233803,12.3080938123899,-86.2240042842885
179,260.186,17.053,63.689,2.47226257786279,2.42128251191805,1.0210549845769,18.8057185920776,-49.5451384604112
179,260.262,16.942,63.571,2.79982397891817,2.53130585535082,1.10607889323202,22.2651294835846,-90
179,NaN,16.986,63.615,NaN,NaN,NaN,NaN,NaN
179,260.49,16.978,63.633,2.66099083751676,2.31102227019095,1.15143452827778,19.3195667278915,-76.4082738655995
179,NaN,16.974,63.621,NaN,NaN,NaN,NaN,NaN
179,260.718,17.034,63.53,2.57857239190411,2.42118202642845,1.06500558973165,19.6135696693946,24.2279174285202
180,260.11,20.234,20.518,2.52946809597816,2.20280622390409,1.14829351239762,17.5047282752956,-38.6974342080795
180,NaN,20.155,20.533,NaN,NaN,NaN,NaN,NaN
180,260.338,20.231,20.545,2.15015257994638,2.00802968453568,1.07077728805765,13.5640468430828,45.2480274801976
180,NaN,20.263,20.559,NaN,NaN,NaN,NaN,NaN
180,260.566,20.236,20.552,2.33524717221763,1.98325170145301,1.17748401300084,14.5499185813531,-16.5345867218689
180,260.642,20.284,20.547,2.61202697414135,2.26589427470387,1.15275765656927,18.5937579163394,-53.9316592946231
180,260.718,20.218,20.536,2.54715419313905,2.28638816029299,1.11405151468797,18.2959544846531,-55.7481434588814
180,NaN,20.155,20.55,NaN,NaN,NaN,NaN,NaN
180,262.77,20.242,20.563,2.1668676313139,1.9880411331951,1.08995110570545,13.5334218892396,-86.922415828363
180,NaN,20.299,20.539,NaN,NaN,NaN,NaN,NaN
180,262.998,20.263,20.537,2.55710525495993,2.3333507821054,1.09589405698042,18.7447007006923,-85.8255018300718
180,263.074,20.254,20.5,2.45557066321594,1.90854273848397,1.28662073617827,14.7232673615706,-67.5782015066417
180,263.15,20.251,20.488,2.48214960602029,2.36537918031479,1.04936647226681,18.4449973291654,45
180,263.226,20.25,20.551,2.56820447018483,1.99968036936211,1.28430748710309,16.1339257322701,-78.2630980762795
180,NaN,20.263,20.568,NaN,NaN,NaN,NaN,NaN
180,263.91,20.285,20.53,2.1533714688472,1.91273014757188,1.12581038761835,12.9396500271028,-64.6279208381164
180,263.986,20.278,20.538,2.47090238065047,1.86884568653236,1.32215431079022,14.5070431562245,-74.883715907118
180,264.062,20.28,20.517,2.38797633457081,1.98551849454907,1.20269659594037,14.8954568570899,-65.6838980045538
180,264.138,20.292,20.497,2.42768790141252,2.086239255656,1.16366706015661,15.9113430661201,-53.7004206390193
180,264.214,20.318,20.443,2.39643059139242,1.86529474079066,1.28474634007525,14.0430742896033,-69.7588692837277
180,264.29,20.283,20.433,2.50605425906248,2.29839926252925,1.09034766061695,18.0953011857186,-40.2498793423313
180,264.366,20.176,20.472,2.42462413228184,1.97106341938009,1.23010964966535,15.0139475408172,-67.8951182512146
180,NaN,20.22,20.483,NaN,NaN,NaN,NaN,NaN
180,264.594,20.308,20.471,2.47224060688408,2.00366254851961,1.23386076598111,15.5619920396782,59.6266159709755
180,NaN,20.27,20.389,NaN,NaN,NaN,NaN,NaN
180,264.822,20.234,20.362,2.18705924044415,1.85372052161812,1.17982145363264,12.7366342422207,45
180,264.898,20.287,20.412,2.27677342579377,1.96719990690088,1.15736759533533,14.0707802856925,5.97829212157457
180,265.05,20.264,20.39,2.46085617653731,2.15062564215406,1.14425129520567,16.6265033686655,61.6851402246681
180,265.202,20.201,20.339,2.40287893397304,1.82881149803234,1.31390191747939,13.8054544127236,69.0508320149342
180,265.278,20.244,20.264,2.41270348347965,1.8445072210375,1.30804773001786,13.9808695571931,75.4359497154779
180,265.354,20.228,20.201,2.13736861408783,1.70421476556315,1.25416623378542,11.4433616726455,41.6627654764412
180,265.43,20.21,20.231,2.09926726160827,1.63057686401777,1.28743839553545,10.7537238921695,49.3377009043296
180,NaN,20.281,20.163,NaN,NaN,NaN,NaN,NaN
180,265.658,20.333,20.143,2.32598912786194,1.68167698968526,1.38313667971236,12.2885356828817,17.9910957038227
180,265.734,20.268,20.224,2.48282882667325,1.85821031650932,1.33613983552588,14.4941088546244,20.5457278527703
180,NaN,20.221,20.215,NaN,NaN,NaN,NaN,NaN
180,265.962,20.297,20.159,1.93331678153834,1.75051611123484,1.10442672828333,10.6320988480058,45
180,NaN,20.162,19.968,NaN,NaN,NaN,NaN,NaN
180,273.79,19.976,19.822,1.85601713604143,1.50063178415031,1.23682382023672,8.74995853777292,26.0367688374807
180,273.866,19.977,19.85,1.91840235806192,1.58074945422319,1.21360304945015,9.52692207220953,36.4715172116914
180,NaN,19.957,19.859,NaN,NaN,NaN,NaN,NaN
180,274.094,19.94,19.852,1.7405983250092,1.43504652804076,1.21292117781408,7.84719448385517,62.6927153645495
180,274.17,19.96,19.839,1.95563505119905,1.49155977960567,1.31113420859073,9.16385796535188,33.9133933253702
180,274.246,19.94,19.847,1.77509028610083,1.52075808759899,1.16724040501628,8.48067567479689,18.434948822922
988,0.038,21.815,12.847,2.38340047186045,1.68049110669999,1.41827615889071,12.5829685803519,-37.8167435389151
988,0.114,21.846,12.869,2.37394413370659,1.76516849492683,1.34488245203186,13.1645656494493,-30.907248707395
988,0.19,21.846,12.835,2.24664556553118,1.87051143474317,1.20108625042416,13.2021542608157,-25.2516027842443
988,0.266,21.811,12.774,2.57832906289661,1.70817028207333,1.5094098579956,13.8362811643965,-37.0465611321878
988,0.342,21.811,12.762,2.65908587113651,1.58572307632497,1.67689170375141,13.2467573607068,-32.3433616013709
988,0.418,21.832,12.773,2.44984983380377,1.90982042302984,1.28276449673587,14.6987996573038,-52.4657085890688
988,0.494,21.82,12.755,2.50535668588414,1.68784150319187,1.48435542149324,13.2846800500971,-48.3973492142585
988,0.57,21.841,12.793,2.45905256935844,1.82678503554043,1.34610943352235,14.1125382223205,-37.7990925867676
988,NaN,21.863,12.871,NaN,NaN,NaN,NaN,NaN
988,0.798,21.839,12.891,2.24664556553118,1.87051143474317,1.20108625042416,13.2021542608157,-25.2516027842443
988,0.874,21.825,12.902,2.38340047186045,1.68049110669999,1.41827615889071,12.5829685803519,-37.8167435389151
988,0.95,21.859,12.864,2.44078938430513,1.8329386588661,1.33162633266465,14.0549113138751,-31.8453183664673
988,1.026,21.859,12.794,2.54171565604622,1.65606606723513,1.53479121777413,13.2237458943013,-45
988,1.102,21.869,12.779,2.45662711542707,1.87141066642656,1.31271407152871,14.4430267069633,-56.4061526717917
988,1.178,21.857,12.809,2.31166224023432,1.83746143723707,1.25807388029339,13.3441982379872,-45
988,1.254,21.846,12.792,2.39785659818933,1.81727487778637,1.3194793080011,13.6896927980041,-46.4965660029895
988,1.33,21.834,12.823,2.45859483052256,1.85810928795763,1.32317019588496,14.3518567540841,-48.3575630278965
988,1.406,21.819,12.85,2.38340047186045,1.68049110669999,1.41827615889071,12.5829685803519,-37.8167435389151
988,1.482,21.802,12.821,2.47298793635014,1.8428036610918,1.34197038380366,14.3169641307043,-45
988,1.558,21.827,12.827,2.35980556156083,1.85661302749087,1.27102714815591,13.7640894552974,-42.7793794052836
988,1.634,21.831,12.839,2.42889727975226,1.96849949735293,1.23388260094475,15.0208437809988,-49.3054732709689
988,1.71,21.833,12.862,2.4408510317331,1.88950387868194,1.29179466592879,14.4890174384392,-42.1447034312502
988,1.786,21.836,12.851,2.40137593393981,1.80315549042786,1.33176309347011,13.6032664639412,-36.6702929925908
988,1.862,21.835,12.818,2.38609982865398,1.87615431575115,1.27180360838211,14.0639411015887,-57.4929660436004
988,1.938,21.871,12.815,2.44984983380377,1.90982042302984,1.28276449673587,14.6987996573038,-52.4657085890688
988,2.014,21.833,12.85,2.40137593393981,1.80315549042786,1.33176309347011,13.6032664639412,-36.6702929925908
988,2.09,21.808,12.86,2.23160538737985,1.91697748308724,1.16412707351466,13.439536327418,-43.5687973869441
988,2.166,21.811,12.854,2.50290200698384,1.78023852843881,1.40593632089222,13.9981910054994,-37.4969425378758
988,2.242,21.799,12.866,2.47040766009961,1.86858894880277,1.3220712140476,14.502146031476,-37.5350150617787
988,2.318,21.798,12.88,2.35623127139227,1.73644886128183,1.35692523052647,12.8537481420333,-35.7231376068225
988,2.394,21.803,12.889,2.42047582799824,1.88644730452322,1.28308690213321,14.3448265340852,-20.4057868746631
988,2.47,21.817,12.909,2.22070989126378,1.89996016773491,1.16881918314701,13.2551972798605,-25.1307129065098
988,2.546,21.791,12.914,2.22173025510452,1.84965412957217,1.20115983825495,12.9101630816982,-33.1243671107018
988,2.622,21.757,12.919,2.41296107374587,1.78125707823549,1.35463943033768,13.5028919259983,-32.896839056677
988,2.698,21.764,12.91,2.31344017836461,1.88221925039577,1.22910238957452,13.6797561978414,-20.3006473225023
988,2.774,21.755,12.883,2.22173025510452,1.84965412957217,1.20115983825495,12.9101630816982,-33.1243671107018
988,2.85,21.752,12.903,2.22172942041098,1.9076470569906,1.16464385394008,13.3149354583014,-33.8418375724343
988,2.926,21.784,12.904,2.22172942041098,1.9076470569906,1.16464385394008,13.3149354583014,-19.2882647817217
988,3.002,21.77,12.89,2.24664556553118,1.87051143474317,1.20108625042416,13.2021542608157,-25.2516027842443
988,3.078,21.781,12.881,2.33979800233096,1.83140058577226,1.27760033523432,13.4620620283954,-34.4929518383973
988,3.154,21.765,12.884,2.27715108704628,1.91705752236282,1.18783659878898,13.7144016270301,-35.659339053091
988,3.23,21.71,12.837,2.34252840580709,1.85421702256028,1.26335179609804,13.6456837641875,-29.7615668609474
988,3.306,21.716,12.766,2.29338294519981,1.97917693330671,1.15875589827542,14.2597224321134,90
988,3.382,21.711,12.788,2.40137593393981,1.80315549042786,1.33176309347011,13.6032664639412,-53.3297070074092
988,3.458,21.689,12.8,2.45939978573274,1.95711906653745,1.25664290322609,15.121547968876,-37.9471430423716
988,3.534,21.685,12.785,2.37510384819705,1.95062563731389,1.21761131544836,14.5548054228545,-46.0227042444437
988,3.61,21.706,12.752,2.44665757626438,1.79732191399672,1.36127955554925,13.81493779721,-49.7662592361673
988,3.686,21.634,12.682,2.18702485379409,1.99882499249317,1.0941552472116,13.7334092552918,-60.3253339785264
988,3.762,21.68,12.666,2.64494663388813,1.77679899207986,1.48860205666373,14.7640356683234,-50.5041443308583
988,3.838,21.697,12.666,2.50014143067273,1.90827440066619,1.31015824024046,14.9883999752461,-56.5152018885063
988,3.914,21.676,12.594,2.3653121985407,1.73552043933823,1.36288351604929,12.8963875900894,-35.2799825859119
988,3.99,21.684,12.606,2.36365294688821,2.03778284744311,1.15991404572572,15.1318310914668,-45
988,4.066,21.72,12.701,2.42855062722231,1.73993963633597,1.39576717289827,13.274898702684,-34.6317392328802
988,4.142,21.753,12.728,2.42889727975226,1.96849949735293,1.23388260094475,15.0208437809988,-40.6945267290311
988,4.218,21.702,12.713,2.31673168790346,1.87877378314668,1.23310837562534,13.6741425470681,-42.8634057195266
988,4.294,21.701,12.673,2.57270390543137,1.73910941638,1.47932262409718,14.0561565370605,-45.9299114128149
988,4.37,21.672,12.677,2.37394413370659,1.76516849492683,1.34488245203186,13.1645656494493,-30.907248707395
988,4.446,21.7,12.698,2.35264514927894,1.70586203831639,1.37915323539347,12.6081162539416,-26.748802967568
988,4.522,21.658,12.681,2.22702149409671,1.85158843450857,1.20276269423112,12.9544428899408,-19.0907100841737
988,4.598,21.671,12.632,2.57232592302699,1.77820077954938,1.44658913245942,14.3699965352022,-40.9361496398621
988,4.674,21.677,12.594,2.34260396737654,1.81521925305389,1.29053499373995,13.3591195512132,-30.1510316033486
988,4.75,21.667,12.6,2.37394413370659,1.76516849492683,1.34488245203186,13.1645656494493,-30.907248707395
988,4.826,21.692,12.616,2.3889884867287,1.66521517654588,1.43464251369852,12.4978207004134,-34.591647768357
988,4.902,21.658,12.606,2.35623127139227,1.73644886128183,1.35692523052647,12.8537481420333,-35.7231376068225
988,4.978,21.709,12.587,2.3889884867287,1.66521517654588,1.43464251369852,12.4978207004134,-34.591647768357
988,5.054,21.716,12.587,2.22172942041098,1.9076470569906,1.16464385394008,13.3149354583014,-56.1581624275658
988,5.13,21.716,12.618,2.27459141176787,1.78424763836246,1.27481822750537,12.7499475537591,-28.0681547155909
988,5.206,21.679,12.642,2.46453813478088,1.67945987334574,1.46745877879842,13.0033438587734,-39.457689699945
988,5.282,21.683,12.628,2.64960551791768,1.86095490323358,1.42378813872048,15.490553684395,-52.0559202951312
988,5.358,21.739,12.647,2.67554787942615,1.78076783884131,1.50246866608229,14.9682112361761,-36.9313617191411
988,5.434,21.707,12.638,2.46554641228088,1.76098558262759,1.40009460418296,13.6401408620368,-45
988,5.51,21.692,12.619,2.6745503625759,1.77077389051394,1.51038502256189,14.8786580514167,-52.9631759506271
988,5.586,21.679,12.659,2.54792702772813,1.86860089439388,1.3635480082303,14.9573071070564,-43.922960645615
988,5.662,21.678,12.698,2.46554641228088,1.76098558262759,1.40009460418296,13.6401408620368,-45
988,5.738,21.67,12.72,2.57232592302699,1.77820077954938,1.44658913245942,14.3699965352022,-49.0638503601379
988,5.814,21.674,12.722,2.5955196594559,1.73065097308306,1.49973605297903,14.1118413824569,-44.7849794610895
988,5.89,21.666,12.703,2.58884362205037,1.71029992585265,1.51367814669098,13.910026822982,-38.3638834613258
988,5.966,21.683,12.673,2.49061608326093,1.78835013915792,1.39268928870589,13.99294779213,-47.888083838848
988,6.042,21.723,12.688,2.40212235099523,1.76260422472716,1.36282570828801,13.3014750340837,-25.9418046866994
988,6.118,21.753,12.739,2.59999533626821,1.61883332259833,1.60609205405721,13.2228349531091,-35.5053778698261
988,6.194,21.756,12.751,2.60173311116957,1.74063955796128,1.49469951965061,14.2272664756149,-29.4131017029761
988,6.27,21.726,12.749,2.22702149409671,1.85158843450857,1.20276269423112,12.9544428899408,-19.0907100841737
988,6.346,21.722,12.726,2.58111042135955,1.66435718860241,1.55081519702328,13.4959354730375,-41.7769215843
988,6.422,21.686,12.67,2.42003644818945,1.5991029535653,1.51337125780039,12.157609926702,-33.0187555127109
988,6.498,21.697,12.651,2.37394413370659,1.76516849492683,1.34488245203186,13.1645656494493,-30.907248707395
988,6.574,21.723,12.636,2.3889884867287,1.66521517654588,1.43464251369852,12.4978207004134,-34.591647768357
988,6.65,21.716,12.622,2.31081378091468,1.74818848298655,1.32183331683261,12.6912113429902,-27.3895664000841
988,6.726,21.746,12.608,2.53780320893792,1.71008076009226,1.48402535608962,13.6340359783841,-26.2973216842957
988,6.802,21.788,12.59,2.55350370192632,1.65396585480911,1.54386724157678,13.2682273357863,-28.844288668611
988,6.878,21.79,12.601,2.2538733043201,1.75957752736653,1.28091730501546,12.4591317704883,-34.0701667566877
988,6.954,21.79,12.607,2.48700733723311,1.66416542305697,1.49444718822762,13.0023973403157,-26.4878101995367
988,7.03,21.782,12.595,2.27459141176787,1.78424763836246,1.27481822750537,12.7499475537591,-28.0681547155909
988,7.106,21.787,12.597,2.56644718357635,1.61547314616418,1.588665951935,13.0251264132035,-38.1249042205598
988,7.182,21.78,12.6,2.45092379819853,1.95275472753003,1.25511092798562,15.035829050514,-44.3397932029542
988,7.258,21.745,12.568,2.36817712591818,1.84901073691209,1.28078062427756,13.7563585763216,-38.1267096395849
988,7.334,21.732,12.572,2.340613147272,1.90218473725146,1.23048676683951,13.9872457557921,-65.946622267127
988,7.41,21.733,12.578,2.41697554354186,1.59786228711588,1.51263069604356,12.132812198227,-36.5901351115666
988,7.486,21.736,12.557,2.43129082074182,1.75064839679311,1.38879447477605,13.3716719530724,-29.4222818785071
988,7.562,21.685,12.59,2.36391150702577,1.75537231778134,1.3466724313014,13.0361795257653,-33.3527183730528
988,7.638,21.703,12.631,2.46554641228088,1.76098558262759,1.40009460418296,13.6401408620368,-45
988,7.714,21.742,12.614,2.34306983878263,1.65670588737223,1.41429438782225,12.1949639798312,-38.7421337741918
988,7.79,21.69,12.607,2.46145038514241,1.73880093296371,1.41560217646478,13.4459293031768,-42.6276401482681
988,7.866,21.699,12.624,2.40702165263478,1.70029577458495,1.41564878806003,12.8574352319875,-30.1698359399595
988,7.942,21.712,12.623,2.42003644818945,1.5991029535653,1.51337125780039,12.157609926702,-33.0187555127109
988,8.018,21.688,12.612,2.40702165263478,1.70029577458495,1.41564878806003,12.8574352319875,-30.1698359399595
988,8.094,21.711,12.621,2.3889884867287,1.66521517654588,1.43464251369852,12.4978207004134,-34.591647768357
988,8.17,21.768,12.654,2.3889884867287,1.66521517654588,1.43464251369852,12.4978207004134,-34.591647768357
988,8.246,21.732,12.654,2.26913191455777,1.79818951951431,1.26189808689946,12.8187323242523,-37.6075461291856
988,8.322,21.742,12.627,2.30724500300751,1.71610302128391,1.34446765397647,12.4390422426818,-27.1931363191271
988,8.398,21.758,12.621,2.2857036535845,1.68560418682949,1.35601446142807,12.1039019382167,-32.509380196892
988,8.474,21.713,12.627,2.6745503625759,1.77077389051394,1.51038502256189,14.8786580514167,-52.9631759506271
988,8.55,21.774,12.611,2.49353886886203,1.65010475551361,1.51113973857126,12.9263982180921,-32.10198675275
988,8.626,21.789,12.624,2.27459141176787,1.78424763836246,1.27481822750537,12.7499475537591,-28.0681547155909
988,8.702,21.768,12.628,2.51100157487651,1.93132505747591,1.30014446048672,15.2353428888488,-48.297257516114
988,8.778,21.729,12.596,2.27394040941665,1.77076333861489,1.28415828350916,12.6499693725032,-36.9432908834554
988,8.854,21.744,12.591,2.2857036535845,1.68560418682949,1.35601446142807,12.1039019382167,-32.509380196892
988,8.93,21.738,12.595,2.27918112754839,1.81997128361385,1.25231708218094,13.0314651926885,-41.7224159260738
988,9.006,21.717,12.573,2.39866242516513,1.67492661704579,1.43210001008633,12.6216109382696,-33.4769326201974
988,9.082,21.71,12.56,2.27394040941665,1.77076333861489,1.28415828350916,12.6499693725032,-36.9432908834554
988,9.158,21.721,12.582,2.30724500300751,1.71610302128391,1.34446765397647,12.4390422426818,-27.1931363191271
988,9.234,21.766,12.604,2.33780692499016,1.77023080084861,1.32062266901551,13.0013487003833,-31.7034175481355
988,9.31,21.736,12.585,2.58070094943835,1.45913919945763,1.7686461650798,11.829987320057,-31.3345971037073
988,9.386,21.71,12.581,2.55202869047784,1.71924293775701,1.48439096908975,13.7839177904891,-41.0454073650936
988,9.462,21.665,12.602,2.3889884867287,1.66521517654588,1.43464251369852,12.4978207004134,-34.591647768357
988,9.538,21.684,12.604,2.27459141176787,1.78424763836246,1.27481822750537,12.7499475537591,-28.0681547155909
988,9.614,21.72,12.619,2.32760315742913,1.69164955241699,1.37593696880273,12.3699860116687,-31.0370611544609
988,9.69,21.668,12.601,2.2857036535845,1.68560418682949,1.35601446142807,12.1039019382167,-32.509380196892
988,9.766,21.617,12.588,2.30724500300751,1.71610302128391,1.34446765397647,12.4390422426818,-27.1931363191271
988,9.842,21.624,12.604,2.40702165263478,1.70029577458495,1.41564878806003,12.8574352319875,-30.1698359399595
988,9.918,21.649,12.612,2.30724500300751,1.71610302128391,1.34446765397647,12.4390422426818,-27.1931363191271
988,9.994,21.59,12.59,2.30724500300751,1.71610302128391,1.34446765397647,12.4390422426818,-27.1931363191271
988,10.07,21.593,12.56,2.40702165263478,1.70029577458495,1.41564878806003,12.8574352319875,-30.1698359399595
988,10.146,21.609,12.596,2.33702086041573,1.7636695855128,1.32508995994067,12.948804894625,-33.8243441594219
988,10.222,21.619,12.592,2.40702165263478,1.70029577458495,1.41564878806003,12.8574352319875,-30.1698359399595
988,10.298,21.631,12.569,2.2857036535845,1.68560418682949,1.35601446142807,12.1039019382167,-32.509380196892
988,10.374,21.593,12.583,2.27459141176787,1.78424763836246,1.27481822750537,12.7499475537591,-28.0681547155909
988,10.45,21.641,12.614,2.27459141176787,1.78424763836246,1.27481822750537,12.7499475537591,-28.0681547155909
988,10.526,21.674,12.645,2.40702165263478,1.70029577458495,1.41564878806003,12.8574352319875,-30.1698359399595
988,10.602,21.686,12.619,2.40702165263478,1.70029577458495,1.41564878806003,12.8574352319875,-30.1698359399595
988,10.678,21.633,12.633,2.3889884867287,1.66521517654588,1.43464251369852,12.4978207004134,-34.591647768357
988,10.754,21.614,12.66,2.50024534125182,1.74470551449636,1.43304719362543,13.7042298207388,-41.0228652987049
988,10.83,21.607,12.661,2.40702165263478,1.70029577458495,1.41564878806003,12.8574352319875,-30.1698359399595
988,10.906,21.578,12.65,2.5392523285954,1.61410701468649,1.57316231544202,12.8762101761373,-30.9923662659943
988,10.982,21.57,12.65,2.40702165263478,1.70029577458495,1.41564878806003,12.8574352319875,-30.1698359399595
988,11.058,21.584,12.66,2.60858258561683,1.66537493800648,1.5663635413773,13.6479206281958,-41.855870327246
988,11.134,21.626,12.636,2.69282323146321,1.70902829431192,1.57564578680506,14.4579584043891,-44.3699564363821
988,11.21,21.591,12.623,2.44186744794606,1.74211234456425,1.40167048099119,13.3643584742454,-35.5957753671646
988,11.286,21.583,12.62,2.44186744794606,1.74211234456425,1.40167048099119,13.3643584742454,-35.5957753671646
988,11.362,21.58,12.628,2.54257698966741,1.80466532029639,1.40889114511816,14.415199516571,-42.0409698239462
988,11.438,21.569,12.616,2.57232592302699,1.77820077954938,1.44658913245942,14.3699965352022,-40.9361496398621
988,11.514,21.531,12.611,2.40137593393981,1.80315549042786,1.33176309347011,13.6032664639412,-36.6702929925908
988,11.59,21.509,12.642,2.58337818947785,1.73009429304602,1.49320080406111,14.0413102338095,-43.6712337905551
988,11.666,21.528,12.632,2.60858258561683,1.66537493800648,1.5663635413773,13.6479206281958,-41.855870327246
988,11.742,21.568,12.585,2.54639739743695,1.7510792951855,1.45418737143323,14.0081849590795,-28.6019254425024
988,11.818,21.555,12.562,2.40258717838621,1.85499387035872,1.2951995242559,14.001401408989,-41.6745451510343
988,11.894,21.506,12.587,2.40702165263478,1.70029577458495,1.41564878806003,12.8574352319875,-30.1698359399595
988,11.97,21.527,12.605,2.57270390543137,1.73910941637999,1.47932262409718,14.0561565370605,-45.9299114128149
988,12.046,21.513,12.599,2.37394413370659,1.76516849492683,1.34488245203186,13.1645656494493,-30.907248707395
988,12.122,21.49,12.585,2.70630258955606,1.71737502032283,1.57583670283462,14.601294733444,-46.771435563565
988,12.198,21.479,12.585,2.56709448556564,1.71172861179864,1.49970881357659,13.8046893007779,-40.0456741172926
988,12.274,21.47,12.572,2.66374664095884,1.7290137360493,1.54061624001053,14.4690904413624,-43.4560559499083
988,12.35,21.448,12.558,2.67601820806633,1.75918529696898,1.52116903925755,14.7893989171716,-47.7162699336886
988,12.426,21.397,12.545,2.57436287300143,1.82029727812652,1.41425409131579,14.7218353373063,-45.6051470844606
988,12.502,21.42,12.53,2.57436287300143,1.82029727812652,1.41425409131579,14.7218353373063,-45.6051470844606
988,12.578,21.426,12.507,2.51520082527025,1.78231838939822,1.41119613657776,14.0834101562285,-45.058946192031
988,12.654,21.417,12.483,2.50553563015941,1.83130933287317,1.36816625415676,14.4149176086471,-48.3484711928223
988,12.73,21.423,12.455,2.57436287300143,1.82029727812652,1.41425409131579,14.7218353373063,-45.6051470844606
988,12.806,21.385,12.404,2.57436287300143,1.82029727812652,1.41425409131579,14.7218353373063,-45.6051470844606
988,12.882,21.346,12.382,2.76222444670595,1.82880056994197,1.51040222324165,15.8699363786858,-34.5623040863556
988,12.958,21.321,12.403,2.61678916304114,1.95658982338186,1.33742347617763,16.084901124893,-45
988,13.034,21.271,12.422,2.59051385555374,1.85578545079914,1.3959123639202,15.103011662209,-30.237531516741
988,13.11,21.237,12.398,2.62531435372428,1.9225963713603,1.36550468565942,15.8569371208159,-23.2545565096628
988,13.186,21.254,12.415,2.49240433864045,2.16585070729875,1.15077384154007,16.9588691210238,-65.1246393844871
988,13.262,21.244,12.443,2.5209967280802,2.04685839459556,1.23164198106549,16.2110054999657,-31.0172690354097
988,13.338,21.235,12.432,2.53314076837476,2.05022534909821,1.23554260485998,16.3158910281452,-12.4121495721095
988,13.414,21.237,12.389,2.54012906330045,2.12209977402387,1.19698851787912,16.9344640087897,-19.5042367050186
988,13.49,21.2,12.38,2.62119347013739,1.93168550777622,1.35694628322544,15.9068934366007,-17.4433693320928
988,13.566,21.21,12.41,2.59305960120969,1.92394099616535,1.34778540837685,15.6730717103362,-34.4584976198485
988,13.642,21.215,12.397,2.5394614425509,2.4061205027996,1.05541739891919,19.1959172749751,-28.5522572662784
988,13.718,21.136,12.371,2.56014757524971,1.88122615854918,1.36089303437292,15.1305906519195,-19.6206103719895
988,13.794,21.15,12.335,2.4282974217437,1.90936803634595,1.27178070205409,14.5660366864685,-64.7125588783244
988,13.87,21.16,12.337,2.62113258549613,2.24369078051083,1.16822362879227,18.4757410053501,-36.9982661443129
988,13.946,21.112,12.351,2.41930017429283,2.00071112690796,1.20922013265942,15.2063161973024,-45
988,14.022,21.099,12.318,2.35532033913876,1.95308903194553,1.20594622191522,14.4517984541455,-32.0354347611393
988,14.098,21.119,12.279,2.340613147272,1.90218473725146,1.23048676683951,13.9872457557921,-24.053377732873
988,14.174,21.119,12.266,2.36118637172476,2.01020489505054,1.17459985175561,14.9114702640029,-45.4719757553398
988,14.25,21.078,12.208,2.32831354842266,1.89746012706769,1.22706849815116,13.8791860171525,-56.7242297200442
988,14.326,21.117,12.146,2.39450869554205,2.17113283598394,1.10288447388199,16.3325007503495,-42.3905828393213
988,14.402,21.147,12.148,2.5072647738826,2.10216868038937,1.1927038953973,16.5583719195459,-26.6072355392275
988,14.478,21.179,12.12,2.48977566494467,2.03157578439196,1.22553915245148,15.8907032706782,-20.539531364433
988,14.554,21.2,12.133,2.5072647738826,2.10216868038937,1.1927038953973,16.5583719195459,-26.6072355392275
988,14.63,21.181,12.139,2.29993169518341,1.89749972591208,1.21208538993485,13.7102865812569,-60.0836478051922
988,14.706,21.193,12.137,2.4615299197705,2.09751186399638,1.17354755509251,16.2203199913167,-19.8214800555978
988,14.782,21.177,12.176,2.32973356292856,2.02364496082529,1.15125607902013,14.8112069066048,-41.7745102745414
988,14.858,21.133,12.181,2.5475754109871,2.16023868472615,1.17930274510849,17.2893497624319,-31.6683778189856
988,14.934,21.138,12.169,2.37780755998619,2.03219218440067,1.17007022182179,15.1806844498154,-25.4530705568853
988,15.01,21.181,12.161,2.38929301630913,2.10231709931478,1.13650458205752,15.7803818903689,-41.1694384069671
988,15.086,21.099,12.144,2.37249634560933,2.00994590845032,1.18037820601776,14.9809651840893,-51.2187741245032
988,15.162,21.075,12.163,2.46131445728672,2.14975645534151,1.14492711542792,16.6228787506851,-45.9139841221525
988,15.238,21.098,12.19,2.39450869554205,2.17113283598394,1.10288447388199,16.3325007503495,-42.3905828393213
988,15.314,21.054,12.093,2.46131445728672,2.14975645534151,1.14492711542792,16.6228787506851,-45.9139841221525
988,15.39,21.076,12.049,2.55552942981815,2.24711093530238,1.13725112083719,18.0407784253226,90
988,15.466,21.05,12.119,2.26948412088103,2.08493718270793,1.0885143877253,14.8651739533406,-64.8495367417371
988,15.542,21.059,12.126,2.48747629562037,2.07863633256186,1.19668662413623,16.2437889267361,-47.9505449561022
988,15.618,21.046,12.142,2.34318654603551,2.06038694354843,1.13725557879921,15.1672039584794,-70.9357154262393
988,15.694,21.016,12.141,2.34457782920953,2.04054291536487,1.14899706914044,15.0300442636981,-40.9152904368011
988,15.77,20.982,12.083,2.46131445728672,2.14975645534151,1.14492711542792,16.6228787506851,-45.9139841221525
988,15.846,20.949,12.069,2.57506093772088,2.09252457875722,1.23060009132617,16.9280896945416,-58.7892944379334
988,15.922,20.932,12.105,2.33304128683874,2.16921516370973,1.07552322419176,15.8991874165332,-42.2937242434998
988,15.998,20.906,12.065,2.24926030671009,1.974130653715,1.13936749955093,13.9497197931734,-80.7320002621664
988,16.074,20.921,12,2.34795321970246,1.99956174066942,1.17423391933694,14.7493924341635,-10.7299803652429
988,16.15,20.883,11.954,2.27697448222853,1.98500540805367,1.14708729406493,14.199391402547,-19.7881691282121
988,16.226,20.89,11.894,2.45304241404484,2.11953996206497,1.15734662141258,16.3341499930866,-48.5848689528602
988,16.302,20.882,11.901,2.41930017429283,2.00117298935733,1.20894104965398,15.2098265623672,-71.565051177078
988,16.378,20.866,11.91,2.3447287852666,2.06557823144244,1.13514402387424,15.2154266885909,-51.3087215122187
988,16.454,20.851,11.91,2.46131445728672,2.14975645534151,1.14492711542792,16.6228787506851,-45.9139841221525
988,16.53,20.829,11.913,2.18278680182519,1.98571968481623,1.09924216318941,13.6169277432956,90
988,16.606,20.821,11.872,2.25169974181094,2.13459947985452,1.05485818911771,15.0999931396506,-75.7029975906155
988,16.682,20.787,11.892,2.32567860521759,2.11912908043331,1.09746906249904,15.4830665900604,-63.8411967604626
988,16.758,20.812,11.928,2.33754925526918,2.12308315298084,1.10101634596234,15.5911319708726,-61.1143787175492
988,16.834,20.807,11.894,2.48537396256673,1.98804576729562,1.25015932905189,15.5227261259947,-55.4145196902567
988,16.91,20.785,11.856,2.34318654603551,2.06038694354843,1.13725557879921,15.1672039584794,-70.9357154262393
988,16.986,20.779,11.812,2.42428249514885,2.04122574449057,1.18766016041694,15.5461958795663,-75.1750682462122
988,17.062,20.732,11.728,2.53363675588158,2.17929713447615,1.16259353339195,17.3464525029174,-77.4466529194128
988,17.138,20.646,11.662,2.45906700935006,2.15870488670378,1.13913996512275,16.6768303474903,-45
988,17.214,20.605,11.648,2.3644893314307,2.17382799158788,1.08770764779027,16.1477645451049,-45
988,17.29,20.622,11.649,2.42788718692471,2.22910781580443,1.08917440857321,17.002369512144,-66.605044695877
988,17.366,20.595,11.677,2.48747629562037,2.07863633256186,1.19668662413623,16.2437889267361,-47.9505449561022
988,17.442,20.609,11.645,2.3902431484983,2.06698581200154,1.15639068958279,15.5213485022806,-45
988,17.518,20.62,11.602,2.43966182226515,2.22607728291834,1.09594659672678,17.0615993918953,-49.2134845107404
988,17.594,20.587,11.587,2.63096243999352,2.27200523318279,1.15799136444236,18.7790599394743,-15.247416622384
988,17.67,20.559,11.58,2.48747629562037,2.07863633256186,1.19668662413623,16.2437889267361,-47.9505449561022
988,17.746,20.587,11.601,2.34795321970246,1.99956174066942,1.17423391933694,14.7493924341635,-79.2700196347571
988,17.822,20.572,11.613,2.43966182226515,2.22607728291834,1.09594659672678,17.0615993918953,-49.2134845107404
988,17.898,20.554,11.583,2.29338294519981,1.97917693330671,1.15875589827542,14.2597224321134,90
988,17.974,20.566,11.564,2.43966182226515,2.22607728291834,1.09594659672678,17.0615993918953,-49.2134845107404
988,18.05,20.525,11.556,2.3390822360563,2.19940316332074,1.06350771657738,16.1621900310037,89.2422960499889
988,18.126,20.494,11.536,2.50754671806256,2.10346694322768,1.19210179467562,16.5704612359987,-65.0140506058349
988,18.202,20.5,11.529,2.37154986670317,2.0057380599941,1.18238264208346,14.9436383702955,82.4334584257565
988,18.278,20.497,11.529,2.37154986670317,2.0057380599941,1.18238264208346,14.9436383702955,82.4334584257565
988,18.354,20.429,11.557,2.2512114711433,2.04311761258609,1.1018511402747,14.4497233858863,79.5260251916947
988,18.43,20.418,11.545,2.3239853486196,2.17429308126948,1.06884640743221,15.874547049279,-71.1156813993217
988,18.506,20.4,11.506,2.22342469568661,2.11614634195266,1.05069514882178,14.7814825759692,82.3724406484711
988,18.582,20.362,11.48,2.30947647068744,2.11717686979802,1.09082831181117,15.3610377098341,72.9651907610969
988,18.658,20.358,11.47,2.30681052716399,2.22193851216817,1.03819728337712,16.102519503969,70.8652419673076
988,18.734,20.325,11.467,2.2980239958961,2.194086234319,1.04737177598189,15.8401075002085,53.615648184164
988,18.81,20.325,11.468,2.53363675588158,2.17929713447615,1.16259353339195,17.3464525029174,77.4466529194128
988,18.886,20.321,11.476,2.3499391645657,2.05538156786202,1.14331042046372,15.1739605148694,59.6699854340782
988,18.962,20.279,11.488,2.41431249253161,2.32210168368303,1.03971006502279,17.6126452466123,53.1301023541559
988,19.038,20.268,11.512,2.3738262054733,2.16669913396806,1.09559567743303,16.1583645586802,68.818497871775
988,19.114,20.275,11.477,2.43465318502728,2.24850496920459,1.08278754922589,17.1981142353297,47.306096215747
988,19.19,20.223,11.47,2.63177476798135,2.24605381205857,1.1717327313584,18.5702926823046,64.4441318930722
988,19.266,20.174,11.486,2.5903299437693,2.02265924582993,1.28065562655189,16.4599185822646,77.8837339003114
988,19.342,20.143,11.485,2.57407585219911,2.02522102918637,1.27100983798951,16.3773504150118,83.5938442913332
988,19.418,20.115,11.47,2.35373351251027,1.96935248717763,1.19518142528335,14.5623216501011,74.9874194509248
988,19.494,20.074,11.514,2.49583447524936,1.95986574510179,1.27347216588029,15.3671020153644,85.4802585983224
988,19.57,20.029,11.564,2.38079426522607,2.04118135728635,1.16638056521897,15.266986922636,90
988,19.646,20.069,11.512,2.32492141732438,2.11746874641936,1.09797201080574,15.4658986501691,55.8093080281647
988,19.722,20.069,11.533,2.38006037534232,2.07347478315798,1.14786077683443,15.5037445736649,-89.3018822784195
988,19.798,20.067,11.53,2.31302796277718,2.23101668749658,1.03675959742489,16.2118872444399,90
988,19.874,20.098,11.491,2.34757631339336,2.05987528735628,1.13966914783774,15.1918449380168,60.8256364433563
988,19.95,20.078,11.543,2.35373351251027,1.96935248717763,1.19518142528335,14.5623216501011,74.9874194509248
988,20.026,20.017,11.596,2.29782083491936,2.19964061385301,1.04463466461204,15.8788031764991,-57.1634664634236
988,20.102,20.002,11.587,2.23714515407121,2.06571058628318,1.08299060329477,14.5182246245053,80.8579807865455
988,20.178,20.01,11.579,2.38320364173379,1.99431590822599,1.19499806018883,14.931552997721,83.061235098396
988,20.254,20.034,11.606,2.26613069741556,2.18510783304725,1.03707957252403,15.5563498105506,89.8602553047276
988,20.33,20.026,11.619,2.31302796277718,2.23101668749658,1.03675959742489,16.2118872444399,90
988,20.406,19.998,11.628,2.2980239958961,2.194086234319,1.04737177598189,15.8401075002085,36.3843518158361
988,20.482,20.068,11.597,2.29782083491936,2.19964061385301,1.04463466461204,15.8788031764991,-57.1634664634236
988,20.558,20.071,11.585,2.35373351251027,1.96935248717763,1.19518142528335,14.5623216501011,74.9874194509248
988,20.634,20.03,11.609,2.33521155108632,1.99744178346697,1.16910118253013,14.6537991053199,89.5990760050845
988,20.71,20.006,11.598,2.26613069741556,2.18510783304725,1.03707957252403,15.5563498105506,89.8602553047276
988,20.786,19.996,11.61,2.26613069741556,2.18510783304725,1.03707957252403,15.5563498105506,89.8602553047276
988,20.862,20.007,11.649,2.27716663209976,2.08448718267277,1.09243494084714,14.9122753123707,63.0770345339921
988,20.938,19.993,11.655,2.22398196107192,2.07371234830035,1.07246405842871,14.4887075621936,3.09485207008209
988,21.014,19.99,11.658,2.2807954041357,2.07771053915115,1.0977445419647,14.8874818361252,-82.8139916492145
988,21.09,20.016,11.64,2.24160368104626,2.07745026505727,1.07901677298853,14.6298320079637,-69.4031450408435
988,21.166,20.026,11.655,2.28931788568012,2.12704355502462,1.0762910238825,15.2979189949723,80.3619505732661
988,21.242,20.016,11.699,2.33521155108632,1.99744178346697,1.16910118253013,14.6537991053199,89.5990760050845
988,21.318,20.035,11.642,2.2755574289398,2.2709842055689,1.00201376273762,16.23498108068,11.3099324740192
988,21.394,20.046,11.606,2.34256339008965,2.0347450677087,1.15128102643717,14.9744620279488,-81.8285587282791
988,21.47,20.016,11.607,2.28997765496996,2.17228558138543,1.05417891394808,15.6278069186761,-80.7218309976637
988,21.546,19.982,11.603,2.28931788568012,2.12704355502462,1.0762910238825,15.2979189949723,80.3619505732661
988,21.622,19.941,11.622,2.25290694661757,2.14305019926015,1.05126186376565,15.167900497051,56.0737709127713
988,21.698,19.937,11.661,2.30899536242693,2.25194284490927,1.02533479819287,16.3354196996059,78.6087971347591
988,21.774,19.972,11.676,2.18067179153168,2.0711355457789,1.05288704835182,14.188899111072,-87.8719866372582
988,21.85,19.986,11.594,2.27753978577403,2.11510593372603,1.07679702915014,15.1337992449481,-70.2064844819047
988,21.926,19.97,11.548,2.26508235807853,1.99261109810888,1.13674081220778,14.1793530164875,77.7912671256102
988,22.002,19.963,11.582,2.2980239958961,2.194086234319,1.04737177598189,15.8401075002085,36.3843518158361
988,22.078,19.918,11.628,2.31665159566061,2.0689029266478,1.11974881267834,15.0574250889529,77.5658827540657
988,22.154,19.927,11.655,2.24926030671009,1.974130653715,1.13936749955093,13.9497197931734,-80.7320002621664
988,22.23,19.955,11.662,2.26613069741556,2.18510783304725,1.03707957252403,15.5563498105506,89.8602553047276
988,22.306,19.935,11.673,2.29290486978738,1.93302965656688,1.18617159441808,13.9243338186061,80.544648222646
988,22.382,19.913,11.725,2.53122045776374,2.12313103608849,1.1922111328687,16.8832730189138,-78.9452758281242
988,22.458,19.913,11.746,2.49942724870697,1.8760154837015,1.33230630046584,14.7308155432292,87.6744459813577
988,22.534,19.945,11.772,2.57095455290487,2.14656929522381,1.19770396354095,17.3376082309142,78.8839016483198
988,22.61,19.917,11.765,2.25360092232789,2.00881585820583,1.12185540208782,14.2222075635616,90
988,22.686,19.91,11.734,2.58381871680829,1.95284938971184,1.32310188917823,15.8518758708351,-81.8014424335128
988,22.762,19.949,11.784,2.49060247522402,2.13944816246726,1.16413312503529,16.7400232299973,89.2462821206125
988,22.838,19.938,11.835,2.35453369526266,1.98497298332734,1.186179215052,14.6828168909957,-85.5184415289823
988,22.914,19.92,11.815,2.25169974181094,2.13459947985452,1.05485818911771,15.0999931396506,75.7029975906156
988,22.99,19.948,11.806,2.25169974181094,2.13459947985452,1.05485818911771,15.0999931396506,75.7029975906156
988,23.066,19.95,11.844,2.46252492002912,2.02945818475983,1.21339032187083,15.7003962837729,81.372444498954
988,23.142,19.966,11.862,2.50529903868402,2.09410782009319,1.19635627862396,16.4819458530764,84.6633833409181
988,23.218,20.028,11.876,2.53738342917791,2.2613459119147,1.12206779856581,18.0261496534812,90
988,23.294,20.026,11.868,2.28393734103582,1.93655986191118,1.17937864248711,13.8952058159334,90
988,23.37,20.027,11.882,2.49610601989696,1.96705142894151,1.26895818948676,15.4251222671508,-81.3711465919668
988,23.446,20.068,11.926,2.27548699327559,1.9193297004395,1.18556337285592,13.7206224460018,87.6345306881104
988,23.522,20.087,11.916,2.22010209975427,1.97823615162724,1.12226343549939,13.7975175282542,-76.4295656148385
988,23.598,20.083,11.892,2.57276502892111,2.08676213265018,1.2328980810351,16.8664212818678,-84.0077352303435
988,23.674,20.086,11.93,2.20785152301144,1.97810470406329,1.11614492320665,13.7204707522673,87.6181791546369
988,23.75,20.099,11.935,2.27677342579377,1.96719990690088,1.15736759533533,14.0707802856925,-84.0217078784254
988,23.826,20.086,11.944,2.26030576437586,1.90631262568287,1.18569521804756,13.5366496724062,-72.9705798767854
988,23.902,20.087,11.925,2.20785152301144,1.97810470406329,1.11614492320665,13.7204707522673,87.6181791546369
988,23.978,20.114,11.919,2.28691464695771,2.01225447302198,1.1364937574338,14.4571514348224,85.5098120399777
988,24.054,20.145,11.94,2.34795321970246,1.99956174066942,1.17423391933694,14.7493924341635,79.2700196347571
988,24.13,20.158,11.91,2.18278680182519,1.98571968481623,1.09924216318941,13.6169277432956,90
988,24.206,20.171,11.91,2.18278680182519,1.98571968481623,1.09924216318941,13.6169277432956,90
988,24.282,20.198,11.902,2.17952034272856,1.92963634732332,1.12949797289623,13.2125386474213,-76.3560060272423
988,24.358,20.218,11.917,2.58750817284727,2.02705696045411,1.27648518188044,16.4777365694934,-84.4735922597449
988,24.434,20.192,11.955,2.20785152301144,1.97810470406329,1.11614492320665,13.7204707522673,-87.6181791546369
988,24.51,20.125,11.964,2.34795321970246,1.99956174066942,1.17423391933694,14.7493924341635,79.2700196347571
988,24.586,20.109,11.933,2.27677342579377,1.96719990690088,1.15736759533533,14.0707802856925,-84.0217078784254
988,24.662,20.148,11.872,2.2383172563302,1.93915660890028,1.15427358783548,13.6359186089561,89.267610820799
988,24.738,20.153,11.87,2.34795321970246,1.99956174066942,1.17423391933694,14.7493924341635,-79.2700196347571
988,24.814,20.182,11.898,2.34256339008965,2.0347450677087,1.15128102643717,14.9744620279488,-81.8285587282791
988,24.89,20.167,11.908,2.34795321970246,1.99956174066942,1.17423391933694,14.7493924341635,79.2700196347571
988,24.966,20.145,11.915,2.27677342579377,1.96719990690088,1.15736759533533,14.0707802856925,-84.0217078784254
988,25.042,20.176,11.903,2.20785152301144,1.97810470406329,1.11614492320665,13.7204707522673,87.6181791546369
988,25.118,20.147,11.937,2.26030576437586,1.90631262568287,1.18569521804756,13.5366496724062,-72.9705798767854
988,25.194,20.156,11.945,2.24304544628689,2.00071938158169,1.1211194667958,14.0985394828848,73.8059425732995
988,25.27,20.147,11.911,2.29338294519981,1.97917693330671,1.15875589827542,14.2597224321134,90
988,25.346,20.138,11.932,2.26030576437586,1.90631262568287,1.18569521804756,13.5366496724062,-72.9705798767854
988,25.422,20.169,11.964,2.34795321970246,1.99956174066942,1.17423391933694,14.7493924341635,79.2700196347571
988,25.498,20.178,11.968,2.24304544628689,2.00071938158169,1.1211194667958,14.0985394828848,73.8059425732995
988,25.574,20.201,11.99,2.26100626565548,2.05631644776122,1.09954198349048,14.606346124839,90
988,25.65,20.192,11.993,2.25846526014626,1.92752813037939,1.17168990924232,13.6761549338212,-66.0812946479326
988,25.726,20.202,11.951,2.20785152301144,1.97810470406329,1.11614492320665,13.7204707522673,87.6181791546369
988,25.802,20.19,11.991,2.24926030671009,1.974130653715,1.13936749955093,13.9497197931734,80.7320002621664
988,25.878,20.157,12.019,2.37260812890231,1.93284591556941,1.22752057460481,14.4069855516449,90
988,25.954,20.116,12.003,2.20785152301144,1.97810470406329,1.11614492320665,13.7204707522673,87.6181791546369
988,26.03,20.103,11.986,2.25232620908934,1.82633429054308,1.23324969626431,12.922943231407,-64.8865835176461
988,26.106,20.116,11.97,2.28691464695771,2.01225447302198,1.1364937574338,14.4571514348224,85.5098120399777
988,26.182,20.098,11.969,2.21027256583476,1.9396695758891,1.13950983884542,13.4686311561703,-87.965967192448
988,26.258,20.164,11.929,2.14595114544316,2.00097237471296,1.07245415906904,13.4899641698092,-69.8615558948952
988,26.334,20.162,11.944,2.54510033053547,1.99802063028076,1.27381083656671,15.9755106180023,-89.2269652839711
988,26.41,20.157,11.969,2.31902299578081,1.96561500217139,1.17979512428376,14.3203418704227,-68.2225483064624
988,26.486,20.154,11.983,2.37379686859119,2.04683300084138,1.15974135047432,15.2642628420311,90
988,26.562,20.111,11.991,2.22010209975427,1.97823615162724,1.12226343549939,13.7975175282542,-76.4295656148385
988,26.638,20.145,11.96,2.20785152301144,1.97810470406329,1.11614492320665,13.7204707522673,87.6181791546369
988,26.714,20.103,11.98,2.20785152301144,1.97810470406329,1.11614492320665,13.7204707522673,87.6181791546369
988,26.79,20.043,11.976,2.14595114544316,2.00097237471296,1.07245415906904,13.4899641698092,-69.8615558948952
988,26.866,20.064,11.959,2.24219790938708,1.89695656878266,1.18199749339858,13.3622995619643,78.5150923374969
988,26.942,20.109,11.968,2.27677342579377,1.96719990690088,1.15736759533533,14.0707802856925,-84.0217078784254
988,27.018,20.054,11.95,2.20785152301144,1.97810470406329,1.11614492320665,13.7204707522673,87.6181791546369
988,27.094,20.057,11.915,2.2035402073345,2.02165395839638,1.08996903163506,13.9951537039952,-80.9170217353872
988,27.17,20.096,11.958,2.26030576437586,1.90631262568287,1.18569521804756,13.5366496724062,-72.9705798767854
988,27.246,20.082,12.014,2.16053559082365,1.99781446445144,1.08144956864995,13.5602111076669,90
988,27.322,20.133,11.998,2.38320364173379,1.99431590822599,1.19499806018883,14.931552997721,-83.061235098396
988,27.398,20.156,11.975,2.20785152301144,1.97810470406329,1.11614492320665,13.7204707522673,87.6181791546369
988,27.474,20.118,11.974,2.27677342579377,1.96719990690088,1.15736759533533,14.0707802856925,-84.0217078784254
988,27.55,20.117,11.988,2.27677342579377,1.96719990690088,1.15736759533533,14.0707802856925,-84.0217078784254
988,27.626,20.131,12.034,2.4402031619004,1.92314207138855,1.26886265877306,14.7430462171583,85.4880165473106
988,27.702,20.117,12.05,2.46081395281821,1.97064137688263,1.24873758446653,15.2347822254998,-81.1833848571369
988,27.778,20.144,12.031,2.36288326495111,1.94551210299002,1.21453023156198,14.441957945537,87.2550868663625
988,27.854,20.133,11.989,2.14595114544316,2.00097237471296,1.07245415906904,13.4899641698092,-69.8615558948952
988,27.93,20.075,12.02,2.35624006603208,1.89023596779537,1.24653223522152,13.992181565491,-82.8908606540737
988,28.006,20.043,12.064,2.36288326495111,1.94551210299002,1.21453023156198,14.441957945537,87.2550868663625
988,28.082,20.052,12.03,2.72692860086268,2.05041461312006,1.32994009280552,17.5656946103002,-90
988,28.158,20.073,12.008,2.34520375214623,2.03217971865531,1.15403363719132,14.9724394625749,-87.4763925006943
988,28.234,20.054,12.02,2.37260812890231,1.93284591556941,1.22752057460481,14.4069855516449,90
988,28.31,20.085,12.058,2.29703242456846,1.98257127318032,1.15861278514528,14.3069087583529,88.3896786468357
988,28.386,20.094,12.056,2.50192800322738,1.92009955297462,1.30301993943563,15.0920566689462,90
988,28.462,20.033,12.079,2.69769366791633,1.86654068397313,1.44529058009815,15.8190342261476,-86.3633386958432
988,28.538,20.073,12.134,2.23714515407121,2.06571058628318,1.08299060329477,14.5182246245053,-80.8579807865455
988,28.614,20.108,12.148,2.38079426522607,2.04118135728635,1.16638056521897,15.266986922636,90
988,28.69,20.091,12.119,2.315470450866,1.88184428805885,1.23042616520331,13.6890339611234,-73.6032534267793
988,28.766,20.078,12.12,2.36288326495111,1.94551210299002,1.21453023156198,14.441957945537,87.2550868663625
988,28.842,20.076,12.107,2.65761282860629,2.05811841118577,1.29128276301417,17.1835124505053,-79.9540792847004
988,28.918,20.07,12.09,2.37617862596673,1.98986879069087,1.19413834574577,14.8543413011929,78.4920561228223
988,28.994,20.064,12.141,2.27677342579377,1.96719990690088,1.15736759533533,14.0707802856925,84.0217078784254
988,29.07,20.069,12.182,2.24219790938708,1.89695656878266,1.18199749339858,13.3622995619643,78.5150923374969
988,29.146,20.064,12.179,2.27548699327559,1.9193297004395,1.18556337285592,13.7206224460018,87.6345306881104
988,29.222,20.084,12.187,2.29397976704956,1.93263146219457,1.18697217339341,13.9279917585654,82.2054098134336
988,29.298,20.106,12.173,2.29397976704956,1.93263146219457,1.18697217339341,13.9279917585654,82.2054098134336
988,29.374,20.093,12.177,2.2383172563302,1.93915660890028,1.15427358783548,13.6359186089561,89.267610820799
988,29.45,20.081,12.198,2.23665396302852,1.88052279368264,1.18937881026609,13.2137861298696,-81.5283958062253
988,29.526,20.079,12.197,2.34256339008965,2.0347450677087,1.15128102643717,14.9744620279488,-81.8285587282791
988,29.602,20.11,12.211,2.23665396302852,1.88052279368264,1.18937881026609,13.2137861298696,-81.5283958062253
988,29.678,20.092,12.19,2.2383172563302,1.93915660890028,1.15427358783548,13.6359186089561,89.267610820799
988,29.754,20.131,12.168,2.23665396302852,1.88052279368264,1.18937881026609,13.2137861298696,-81.5283958062253
988,29.83,20.204,12.153,2.29338294519981,1.97917693330671,1.15875589827542,14.2597224321134,90
988,29.906,20.168,12.131,2.23752014785461,1.85550681348471,1.20588085777625,13.0430566559794,-81.8277132836945
988,29.982,20.173,12.137,2.2383172563302,1.93915660890028,1.15427358783548,13.6359186089561,89.267610820799
988,30.058,20.17,12.138,2.24926030671009,1.974130653715,1.13936749955093,13.9497197931734,80.7320002621664
988,30.134,20.166,12.111,2.23665396302852,1.88052279368264,1.18937881026609,13.2137861298696,-81.5283958062253
988,30.21,20.16,12.116,2.17952034272856,1.92963634732332,1.12949797289623,13.2125386474213,76.3560060272423
988,30.286,20.129,12.128,2.24926030671009,1.974130653715,1.13936749955093,13.9497197931734,-80.7320002621664
988,30.362,20.116,12.118,2.47193778832824,1.89145135910923,1.30690000375817,14.6886738122462,85.1386878440299
988,30.438,20.132,12.123,2.23279987044764,1.96650573045484,1.13541488126313,13.7941481894749,-87.0719932072855
988,30.514,20.141,12.116,2.29397976704956,1.93263146219457,1.18697217339341,13.9279917585654,82.2054098134336
988,30.59,20.128,12.119,2.27677342579377,1.96719990690088,1.15736759533533,14.0707802856925,84.0217078784254
988,30.666,20.175,12.086,2.32799396385867,1.97394396346611,1.17936172806591,14.4366538125399,-71.0912253135946
988,30.742,20.145,12.051,2.21907403667541,1.98571968481623,1.11751626054952,13.843299212349,90
988,30.818,20.134,12.051,2.22010209975427,1.97823615162724,1.12226343549939,13.7975175282542,76.4295656148385
988,30.894,20.175,12.06,2.41005101067773,2.0191794354633,1.19357941565245,15.2880122496988,-81.5273383113104
988,30.97,20.175,12.054,2.37260812890231,1.93284591556941,1.22752057460481,14.4069855516449,90
988,31.046,20.218,12.034,2.39809818318154,1.96651830064377,1.21946395433823,14.8154492482339,82.5228627321134
988,31.122,20.229,12.076,2.30394633437207,2.05626820622548,1.12045030283342,14.8833944588312,78.3329793616451
988,31.198,20.239,12.074,2.27825887602084,2.18980116672519,1.04039531562947,15.6731982302676,-72.9427635273295
988,31.274,20.212,12.019,2.34287680434538,2.03199345535506,1.15299426687179,14.9562126084396,-87.1284030689941
988,31.35,20.202,12.033,2.37260812890231,1.93284591556941,1.22752057460481,14.4069855516449,90
988,31.426,20.184,12.034,2.32846272606341,1.85747068168877,1.25356634105602,13.5875492241879,90
988,31.502,20.185,12.034,2.37260812890231,1.93284591556941,1.22752057460481,14.4069855516449,90
988,31.578,20.213,12.071,2.47476673451969,2.00224871152269,1.23599367065526,15.5669010627279,-84.971168501516
988,31.654,20.157,12.067,2.14598169704683,1.90372184489885,1.12725590810292,12.8345125701258,-90
988,31.73,20.18,12.031,2.27677342579377,1.96719990690088,1.15736759533533,14.0707802856925,84.0217078784254
988,31.806,20.223,12.046,2.35624006603208,1.89023596779537,1.24653223522152,13.992181565491,82.8908606540737
988,31.882,20.228,12.054,2.29338294519981,1.97917693330671,1.15875589827542,14.2597224321134,90
988,31.958,20.267,12.021,2.37260812890231,1.93284591556941,1.22752057460481,14.4069855516449,90
988,32.034,20.31,12.011,2.31785464025105,2.08618731022249,1.11104819250571,15.1911051064247,90
988,32.11,20.259,12.009,2.36448244514873,2.17861264397868,1.08531567173438,16.1832590662683,-81.5204445860258
988,32.186,20.191,12.024,2.32846272606341,1.85747068168877,1.25356634105602,13.5875492241879,90
988,32.262,20.256,12.003,2.25846526014626,1.92752813037939,1.17168990924232,13.6761549338212,-66.0812946479326
988,32.338,20.263,11.979,2.32250258312686,2.0763434248784,1.11855416367978,15.1497429927582,-14.3871866538576
988,32.414,20.208,11.973,2.10617378200375,2.10617378200375,1,13.9360044803594,0
988,32.49,20.154,11.948,2.24304544628689,2.00071938158169,1.1211194667958,14.0985394828848,73.8059425732995
988,32.566,20.153,11.959,2.13041272605307,2.00008213445406,1.06516261975141,13.3863276553466,-84.5717933259689
988,32.642,20.161,11.967,2.26100626565548,2.05631644776122,1.09954198349048,14.606346124839,90
988,32.718,20.129,11.96,2.18278680182519,1.98571968481623,1.09924216318941,13.6169277432956,90
988,32.794,20.175,11.944,2.17952034272856,1.92963634732332,1.12949797289623,13.2125386474213,-76.3560060272423
988,32.87,20.147,11.928,2.28691464695771,2.01225447302198,1.1364937574338,14.4571514348224,85.5098120399777
988,32.946,20.192,11.911,2.22010209975427,1.97823615162724,1.12226343549939,13.7975175282542,-76.4295656148385
988,33.022,20.205,11.922,2.29338294519981,1.97917693330671,1.15875589827542,14.2597224321134,90
988,33.098,20.171,11.913,2.14595114544316,2.00097237471296,1.07245415906904,13.4899641698092,-69.8615558948952
988,33.174,20.189,11.9,2.29338294519981,1.97917693330671,1.15875589827542,14.2597224321134,90
988,33.25,20.196,11.957,2.28691464695771,2.01225447302198,1.1364937574338,14.4571514348224,85.5098120399777
988,33.326,20.196,11.917,2.26100626565548,2.05631644776122,1.09954198349048,14.606346124839,90
988,33.402,20.168,11.883,2.29338294519981,1.97917693330671,1.15875589827542,14.2597224321134,90
988,33.478,20.192,11.89,2.29338294519981,1.97917693330671,1.15875589827542,14.2597224321134,90
988,33.554,20.192,11.91,2.34795321970246,1.99956174066942,1.17423391933694,14.7493924341635,-79.2700196347571
988,33.63,20.195,11.883,2.20785152301144,1.97810470406329,1.11614492320665,13.7204707522673,87.6181791546369
988,33.706,20.194,11.855,2.34795321970246,1.99956174066942,1.17423391933694,14.7493924341635,-79.2700196347571
988,33.782,20.17,11.887,2.24926030671009,1.974130653715,1.13936749955093,13.9497197931734,-80.7320002621664
988,33.858,20.157,11.878,2.29338294519981,1.97917693330671,1.15875589827542,14.2597224321134,90
988,33.934,20.128,11.878,2.29338294519981,1.97917693330671,1.15875589827542,14.2597224321134,90
988,34.01,20.078,11.881,2.24926030671009,1.974130653715,1.13936749955093,13.9497197931734,-80.7320002621664
988,34.086,20.106,11.896,2.24219790938708,1.89695656878266,1.18199749339858,13.3622995619643,-78.5150923374969
988,34.162,20.158,11.886,2.28055825243164,1.91806585527379,1.18898850431083,13.7421459552982,-69.2474351691989
988,34.238,20.142,11.914,2.23665396302852,1.88052279368264,1.18937881026609,13.2137861298696,-81.5283958062253
988,34.314,20.138,11.926,2.13041272605307,2.00008213445406,1.06516261975141,13.3863276553466,-84.5717933259689
988,34.39,20.138,11.878,2.29338294519981,1.97917693330671,1.15875589827542,14.2597224321134,90
988,34.466,20.14,11.876,2.29338294519981,2.040318929318,1.12403159733777,14.70024287139,-90
988,34.542,20.123,11.9,2.26030576437586,1.90631262568287,1.18569521804756,13.5366496724062,-72.9705798767854
988,34.618,20.088,11.911,2.28393734103582,1.93655986191118,1.17937864248711,13.8952058159334,90
988,34.694,20.111,11.91,2.34256339008965,2.0347450677087,1.15128102643717,14.9744620279488,-81.8285587282791
988,34.77,20.099,11.895,2.28691464695771,2.01225447302198,1.1364937574338,14.4571514348224,85.5098120399777
988,34.846,20.107,11.867,2.29614507476189,1.9830543133561,1.15788309946787,14.3048663966687,-80.3004801334428
988,34.922,20.109,11.872,2.32799396385867,1.97394396346611,1.17936172806591,14.4366538125399,-71.0912253135946
988,34.998,20.064,11.875,2.26448739883603,2.11164788968081,1.07237925882535,15.0224678670518,90
988,35.074,20.072,11.853,2.25308045227397,2.16411048291153,1.04111156526664,15.3181388239818,-71.9962192163745
988,35.15,20.073,11.859,2.28393734103582,1.93655986191118,1.17937864248711,13.8952058159334,90
988,35.226,20.075,11.867,2.25308045227397,2.16411048291153,1.04111156526664,15.3181388239818,-71.9962192163745
988,35.302,20.087,11.845,2.28393734103582,1.93655986191118,1.17937864248711,13.8952058159334,90
988,35.378,20.051,11.867,2.29614507476189,1.9830543133561,1.15788309946787,14.3048663966687,80.3004801334428
988,35.454,20.035,11.848,2.2035402073345,2.02165395839638,1.08996903163506,13.9951537039952,-80.9170217353872
988,35.53,20.033,11.808,2.23714515407121,2.06571058628318,1.08299060329477,14.5182246245053,-80.8579807865455
988,35.606,20.007,11.843,2.25360092232789,2.00881585820583,1.12185540208782,14.2222075635616,90
988,35.682,19.967,11.853,2.2035402073345,2.02165395839638,1.08996903163506,13.9951537039952,-80.9170217353872
988,35.758,19.981,11.834,2.102628117655,1.95444655422791,1.07581765953464,12.9102942061961,71.5650511770779
988,35.834,19.996,11.85,2.24236631865085,2.12004497468559,1.0576975231308,14.9348721218011,78.0717482191136
988,35.91,19.979,11.827,2.25360092232789,2.00881585820583,1.12185540208782,14.2222075635616,90
988,35.986,19.986,11.831,2.2035402073345,2.02165395839638,1.08996903163506,13.9951537039952,80.9170217353872
988,36.062,19.99,11.92,2.18170769798511,2.1164503743814,1.0308333823432,14.5062289128063,-54.8128413573895
988,36.138,20.009,11.932,2.09832030391942,2.05674256716821,1.02021533341844,13.5581861448455,-16.5119337778984
988,36.214,19.973,11.918,2.23196381605762,1.95212918051418,1.14334842096348,13.6881758446613,-84.4724598483438
988,36.29,19.95,11.906,2.06680824101313,1.92582718891049,1.07320545317589,12.5045299488723,-64.3758141674809
988,36.366,19.98,11.882,2.14509595300981,2.04425133111413,1.04933083342581,13.7762458775028,90
988,36.442,20.003,11.847,2.25360092232789,2.00881585820583,1.12185540208782,14.2222075635616,90
988,36.518,19.991,11.813,2.25360092232789,2.00881585820583,1.12185540208782,14.2222075635616,90
988,36.594,20.007,11.8,2.23714515407121,2.06571058628318,1.08299060329477,14.5182246245053,-80.8579807865455
988,36.67,19.996,11.792,2.26448739883603,2.11164788968081,1.07237925882535,15.0224678670518,90
988,36.746,19.97,11.823,2.14465243813268,2.08402017563435,1.02909389419892,14.0413450690352,-55.4272290197892
988,36.822,19.989,11.846,2.2035402073345,2.02165395839638,1.08996903163506,13.9951537039952,80.9170217353872
988,36.898,19.978,11.833,2.14509595300981,2.04425133111413,1.04933083342581,13.7762458775028,90
988,36.974,20.017,11.839,2.18170769798511,2.1164503743814,1.0308333823432,14.5062289128063,54.8128413573895
988,37.05,20,11.808,2.29338294519981,2.040318929318,1.12403159733777,14.70024287139,-90
988,37.126,19.97,11.747,2.18170769798511,2.1164503743814,1.0308333823432,14.5062289128063,54.8128413573895
988,37.202,20.001,11.762,2.17759480075843,2.08682954826809,1.04349432974325,14.2762426541594,88.7204988411503
988,37.278,19.921,11.777,2.2035402073345,2.02165395839638,1.08996903163506,13.9951537039952,80.9170217353872
988,37.354,19.87,11.783,2.19217517548211,1.98313242679913,1.10541038301732,13.6576772020599,90
988,37.43,19.878,11.808,2.19217517548211,1.98313242679913,1.10541038301732,13.6576772020599,90
988,37.506,19.885,11.77,2.24926030671009,1.974130653715,1.13936749955093,13.9497197931734,80.7320002621664
988,37.582,19.878,11.746,2.23227433591682,1.94346992222412,1.14860246119075,13.6293537157128,-88.7528689824382
988,37.658,19.911,11.799,2.17558012096661,1.88209817883835,1.15593338616873,12.8637392720625,90
988,37.734,19.895,11.816,2.23227433591682,1.94346992222412,1.14860246119075,13.6293537157128,-88.7528689824382
988,37.81,19.828,11.797,2.26030576437586,1.90631262568287,1.18569521804756,13.5366496724062,72.9705798767854
988,37.886,19.898,11.811,2.17558012096661,1.88209817883835,1.15593338616873,12.8637392720625,90
988,37.962,19.9,11.824,2.27774414097368,1.77736426775421,1.28152916219685,12.7183641569826,85.2625357300259
988,38.038,19.87,11.805,2.23665396302852,1.88052279368264,1.18937881026609,13.2137861298696,81.5283958062253
988,38.114,19.87,11.777,2.26030576437586,1.90631262568287,1.18569521804756,13.5366496724062,72.9705798767854
988,38.19,19.859,11.746,2.1938749403054,1.9246226861354,1.13989872202466,13.2650026402816,78.0567500391826
988,38.266,19.83,11.73,2.1667662566016,1.96740091792134,1.10133437311339,13.3922887952578,87.3951886516523
988,38.342,19.831,11.745,2.25314777370147,1.83963014883135,1.22478302235523,13.0217714063715,-72.2059916413653
988,38.418,19.896,11.766,2.44610395351439,1.92120531853097,1.2732131906572,14.7638139094996,-75.7936692784637
988,38.494,19.864,11.714,2.19921531805511,1.84738510243421,1.19044768476119,12.7636551422543,-85.2239222037925
988,38.57,19.8,11.654,2.27238020801596,2.03167981160517,1.11847358773557,14.5039447196167,74.2704516242452
988,38.646,19.779,11.668,2.2383172563302,1.93915660890028,1.15427358783548,13.6359186089561,89.267610820799
988,38.722,19.794,11.662,2.24750396907194,2.05219116450503,1.09517281233107,14.4899922613661,-49.0304701922708
988,38.798,19.833,11.669,2.1938749403054,1.9246226861354,1.13989872202466,13.2650026402816,78.0567500391826
988,38.874,19.859,11.658,2.28691464695771,2.01225447302198,1.1364937574338,14.4571514348224,85.5098120399777
988,38.95,19.833,11.65,2.24926030671009,1.974130653715,1.13936749955093,13.9497197931734,-80.7320002621664
988,39.026,19.812,11.679,2.22070989126378,1.89996016773491,1.16881918314701,13.2551972798606,-25.1307129065097
988,39.102,19.782,11.655,2.28691464695771,2.01225447302198,1.1364937574338,14.4571514348224,85.5098120399777
988,39.178,19.722,11.663,2.00353900917368,1.93679686735239,1.03446006287305,12.1907871700389,-20.607760045256
988,39.254,19.737,11.649,2.31026038878706,2.23745946739087,1.0325373140641,16.2392505020881,90
988,39.33,19.723,11.609,2.30124211879277,2.18688101934703,1.05229415703644,15.8101992082147,32.1778099329754
988,39.406,19.718,11.614,2.46131445728672,2.14975645534151,1.14492711542792,16.6228787506851,-45.9139841221525
988,39.482,19.765,11.615,2.30124211879277,2.18688101934703,1.05229415703644,15.8101992082147,57.8221900670246
988,39.558,19.767,11.558,2.3644893314307,2.17382799158788,1.08770764779027,16.1477645451049,45
988,39.634,19.714,11.551,2.3644893314307,2.17382799158788,1.08770764779027,16.1477645451049,-45
988,39.71,19.744,11.581,2.32793899540709,2.13732354761898,1.08918417990597,15.6311790750702,15.6951340520939
988,39.786,19.766,11.536,2.3184172267539,2.18886287438756,1.05918797101558,15.9426320552673,-51.6390979557046
988,39.862,19.709,11.565,2.28137058722122,2.00709115648208,1.13665519368831,14.3850974444011,51.8487527374559
988,39.938,19.772,11.572,2.19505383381213,2.07983589096191,1.05539761254766,14.3424755067771,-56.3099324740202
988,40.014,19.746,11.544,2.25169974181094,2.13459947985452,1.05485818911771,15.0999931396506,-75.7029975906155
988,40.09,19.669,11.58,2.2980239958961,2.194086234319,1.04737177598189,15.8401075002085,36.3843518158361
988,40.166,19.673,11.547,2.2980239958961,2.194086234319,1.04737177598189,15.8401075002085,36.3843518158361
988,40.242,19.711,11.516,2.35710851186446,2.17101868902674,1.08571544030381,16.0765557509798,5.15752117716337
988,40.318,19.74,11.548,2.22342469568661,2.11614634195266,1.05069514882178,14.7814825759692,82.3724406484711
988,40.394,19.72,11.531,2.34457782920953,2.04054291536487,1.14899706914044,15.0300442636981,49.0847095631989
988,40.47,19.728,11.53,2.3644893314307,2.17382799158788,1.08770764779027,16.1477645451049,45
988,40.546,19.721,11.522,2.23903294075574,2.14292848151248,1.0448472546202,15.0736363149579,54.2771160111159
988,40.622,19.73,11.508,2.35710851186446,2.17101868902674,1.08571544030381,16.0765557509798,5.15752117716337
988,40.698,19.736,11.51,2.2621249777275,2.06297728587866,1.09653411756495,14.6609095395047,45
988,40.774,19.772,11.503,2.23903294075574,2.14292848151248,1.0448472546202,15.0736363149579,54.2771160111159
988,40.85,19.766,11.519,2.25169974181094,2.13459947985452,1.05485818911771,15.0999931396506,-75.7029975906155
988,40.926,19.721,11.534,2.22819472656397,2.06150016424428,1.08086080477263,14.4306664485049,78.6269526473578
988,41.002,19.695,11.499,2.31962602349794,2.31962602349794,1,16.9038572863619,0
988,41.078,19.671,11.495,2.38097080239143,2.11946401624657,1.12338345173133,15.8536764280347,52.5130256698819
988,41.154,19.674,11.5,2.35710851186446,2.17101868902674,1.08571544030381,16.0765557509798,5.15752117716337
988,41.23,19.616,11.475,2.27364434935153,2.19659516446351,1.03507664322244,15.6899813680675,6.34376068693502
988,41.306,19.651,11.445,2.45143924733901,2.31558861377083,1.05866786214109,17.8333286362697,-21.9974569973729
988,41.382,19.694,11.433,2.35710851186446,2.17101868902674,1.08571544030381,16.0765557509798,5.15752117716337
988,41.458,19.678,11.431,2.38980611581654,2.19642528893662,1.08804343487301,16.490315935095,-11.6874840776695
988,41.534,19.72,11.384,2.39993401952298,2.10614202626891,1.13949296371742,15.8795001920591,-18.083035761845
988,41.61,19.713,11.368,2.2383172563302,1.93915660890028,1.15427358783548,13.6359186089561,-0.732389179201006
988,41.686,19.686,11.326,2.402458758939,2.15826042654712,1.11314590648477,16.2895715492659,-14.331497231702
988,41.762,19.703,11.312,2.54012906330045,2.12209977402387,1.19698851787912,16.9344640087897,-19.5042367050186
988,41.838,19.715,11.347,2.41022798402281,2.24005555450207,1.07596795051744,16.9615987990685,-16.053127977559
988,41.914,19.735,11.312,2.50707263348533,2.15089234736077,1.16559651930587,16.9408603869992,-10.0389513958345
988,41.99,19.713,11.271,2.51092826337332,2.15386145270016,1.16577984170037,16.9903349902631,-19.3142131031416
988,42.066,19.706,11.278,2.43678726067754,2.16520800836268,1.1254287122835,16.5755181365895,16.8935894618441
988,42.142,19.737,11.256,2.57667305540615,2.23018493727153,1.15536295324393,18.053028466487,-16.85115706946
988,42.218,19.741,11.24,2.55636216676472,2.16069515897143,1.18312023616586,17.3526478380159,-12.2077741738427
988,42.294,19.715,11.235,2.51092826337332,2.15386145270016,1.16577984170037,16.9903349902631,-19.3142131031416
988,42.37,19.705,11.202,2.48826911290515,2.21618614878914,1.12277080797779,17.3242107199153,-15.8037511231244
988,42.446,19.691,11.204,2.48782731750284,2.12225934982709,1.17225414401191,16.5870273418938,2.20931023349457
988,42.522,19.637,11.204,2.56489969050703,2.28739255866583,1.12132029143395,18.4315119336335,-10.6184686555224
988,42.598,19.595,11.14,2.38600354053169,2.22945500941497,1.07021829570708,16.7116629951254,88.6670926533472
988,42.674,19.545,11.132,2.32045114364332,1.97737532012288,1.17350060963597,14.4148926004199,19.342332711843
988,42.75,19.523,11.13,2.41748046724763,2.10039496987554,1.15096470041103,15.9519513328828,32.1522951412823
988,42.826,19.527,11.082,2.34795321970246,1.99956174066942,1.17423391933694,14.7493924341635,10.7299803652429
988,42.902,19.502,11.044,2.34555321099745,2.12626837431649,1.10313130709639,15.667988426664,-1.07957069869338
988,42.978,19.442,11.031,2.24642411962026,2.08985504506194,1.07491862889164,14.7488374804248,-35.2117192764526
988,43.054,19.377,11.086,2.26448739883603,2.06697895712667,1.09555416180139,14.7046887490325,0
988,43.13,19.356,11.088,2.58563580235734,1.99647058641428,1.29510337890889,16.2173594055621,3.93303418644844
988,43.206,19.328,11.045,2.3837476409759,2.05219299550712,1.16156114273592,15.3683891836234,28.0201653804843
988,43.282,19.272,11.053,2.25846526014626,1.92752813037939,1.17168990924232,13.6761549338212,-23.9187053520674
988,43.358,19.289,11.024,2.32045114364332,1.97737532012288,1.17350060963597,14.4148926004199,-19.342332711843
988,43.434,19.314,11.003,2.50192800322738,1.92009955297462,1.30301993943563,15.0920566689462,-3.6558099786937e-16
988,43.51,19.263,11.022,2.33524717221763,1.98325170145301,1.17748401300084,14.5499185813531,-16.5345867218689
988,43.586,19.238,11.008,2.340613147272,1.90218473725146,1.23048676683951,13.9872457557921,-24.053377732873
988,43.662,19.218,10.991,2.29078979297363,1.83995114333235,1.24502751134183,13.2416286193581,-18.2566909850582
988,43.738,19.171,10.959,2.23067077261815,2.00321607664863,1.11354476365328,14.0382556350725,-18.3963917940409
988,43.814,19.171,10.961,2.45563601582861,1.92876507069584,1.27316491424364,14.8796665741578,-26.227465409438
988,43.89,19.182,10.978,2.55317435752756,2.04916835339463,1.24595636727358,16.4364486345966,-20.3049324005881
988,43.966,19.169,10.942,2.3654866530733,1.98271504193734,1.19305427307494,14.7343396235026,-36.5445956221379
988,44.042,19.123,10.938,2.46075592175189,2.0544266599888,1.19778231546377,15.8821412365855,-28.7031669125865
988,44.118,19.072,10.963,2.35249888898355,2.04613781647225,1.14972650915543,15.1221722883558,-28.8307043436785
988,44.194,19.068,10.878,2.22819472656397,2.06150016424428,1.08086080477263,14.4306664485049,-11.3730473526423
988,44.27,19.035,10.766,2.29338294519981,1.97917693330671,1.15875589827542,14.2597224321134,0
988,44.346,19.087,10.78,2.41957199094083,1.96096965273439,1.23386508688034,14.9059374301102,-15.0443947043782
988,44.422,19.047,10.799,2.39613555525156,2.17669757128774,1.10081234382689,16.3854868163936,-5.4669083928779
988,44.498,18.934,10.763,2.1938749403054,1.9246226861354,1.13989872202466,13.2650026402816,11.9432499608174
988,44.574,18.949,10.738,2.34587027498387,2.11638058811177,1.10843498006039,15.5972356740992,-38.0415612833493
988,44.65,18.936,10.755,2.15034771464721,2.0783183777466,1.03465750852798,14.0401142656193,-44.9999999999999
988,44.726,18.914,10.752,2.24664556553118,1.87051143474317,1.20108625042416,13.2021542608157,-25.2516027842443
988,44.802,18.878,10.765,2.22070785894631,2.05914624829825,1.0784604836988,14.3657563110542,-30.2749020848508
988,44.878,18.83,10.778,2.06178715527223,1.92557574231551,1.07073801874598,12.4725228600584,-45
988,44.954,18.81,10.719,2.18869740208438,1.93425650141484,1.13154454979649,13.2999393464238,-11.1577942879354
988,45.03,18.842,10.715,2.17558012096661,1.88209817883835,1.15593338616873,12.8637392720625,90
988,45.106,18.838,10.779,2.08302421646884,1.92387291076661,1.08272443819525,12.5898504459939,-23.1901770367223
988,45.182,18.865,10.735,2.11435928610634,1.74292036164412,1.21311296410114,11.5772711170468,-23.8012811012499
988,45.258,18.879,10.649,2.32215422699877,2.20019046794547,1.05543327308712,16.0509673657825,-45.0000000000001
988,45.334,18.806,10.655,2.149899586823,1.80681444350131,1.18988399420632,12.2034212387184,-12.9963287899159
988,45.41,18.831,10.643,2.35179444187336,2.00379443930299,1.17367051018038,14.8047950426791,-36.6890959804908
988,45.486,18.822,10.595,2.31045449913091,2.16110226782689,1.06910928442744,15.6863756814001,-40.5293798653215
988,45.562,18.822,10.553,2.00353900917368,1.93679686735239,1.03446006287305,12.1907871700389,-20.607760045256
988,45.638,18.847,10.512,2.22314633205062,1.95098309909557,1.13950055901623,13.6260955405661,20.3006473225022
988,45.714,18.818,10.504,2.18476665420665,2.13234643839441,1.02458334859119,14.6356729590564,70.3461759419466
988,45.79,18.81,10.527,2.34275317785052,1.76367963487601,1.32833261297777,12.9806400889801,27.6933571171799
988,45.866,18.765,10.557,1.97266550745459,1.90844063408659,1.03365306325011,11.8272010242046,45
988,45.942,18.774,10.542,2.11413666024262,1.89966358821583,1.1129005542651,12.6171024159024,-83.157226587369
988,46.018,18.77,10.524,2.24926030671009,1.974130653715,1.13936749955093,13.9497197931734,9.26799973783355
988,46.094,18.707,10.485,2.06178715527223,1.92557574231551,1.07073801874598,12.4725228600584,-45
988,46.17,18.72,10.435,2.20221716018544,1.92575688113405,1.14355928401958,13.3232897690456,14.5567327868287
988,46.246,18.732,10.388,2.16373079122365,1.85032992906619,1.16937566497431,12.5777301152736,-6.86813415281128
988,46.322,18.708,10.327,2.08229606678485,1.8797238512396,1.10776700812285,12.2966384393662,-41.6420704662444
988,46.398,18.664,10.305,2.08229606678485,1.8797238512396,1.10776700812285,12.2966384393662,-41.6420704662444
988,46.474,18.678,10.293,2.15226737415397,1.94489357396513,1.10662475467285,13.1504900323138,-27.341460449547
988,46.55,18.699,10.272,2.16697126033372,1.89639301276093,1.14268047063665,12.9101524499237,-66.0381982229306
988,46.626,18.609,10.202,2.21492572997682,1.93248143402816,1.14615627916276,13.4469679916257,-60.0262238555949
988,46.702,18.614,10.143,2.14224255158468,1.81071022442759,1.18309518700702,12.1861766150692,-21.1156112651943
988,46.778,18.627,10.131,2.08645826346255,1.81072396075068,1.15227848567131,11.8689369533954,-27.9274262264394
988,46.854,18.636,10.089,2.10358938033208,1.91559416776009,1.09813937405741,12.659435736154,-31.072775459431
988,46.93,18.626,10.079,2.27459141176787,1.78424763836246,1.27481822750537,12.7499475537591,-61.9318452844091
988,47.006,18.646,10.125,2.10610860124642,1.76316138285129,1.19450699279753,11.6660195456968,-24.9609699685899
988,47.082,18.705,10.119,2.00424935241767,1.79585996979473,1.116038770354,11.307695229471,-45
988,47.158,18.658,10.103,2.04317253576271,1.79178995240776,1.14029690423096,11.5011697076267,-47.7872840703478
988,47.234,18.652,10.084,2.00424935241767,1.79585996979473,1.116038770354,11.307695229471,-45
988,47.31,18.631,10.077,2.04317253576271,1.79178995240776,1.14029690423096,11.5011697076267,-47.7872840703478
988,47.386,18.671,10.065,2.19715916199553,1.79507946440423,1.2239899155243,12.3906779616907,-28.2979185921985
988,47.462,18.665,10.081,2.31673168790346,1.87877378314668,1.23310837562534,13.6741425470681,-47.1365942804734
988,47.538,18.652,10.165,2.17560543865118,1.74188769586209,1.24899294243791,11.9055690983126,-21.1787273529676
988,47.614,18.669,10.115,2.1655620472275,1.89800208681883,1.14096926566457,12.9127038247257,-45
988,47.69,18.679,10.04,2.29078979297363,1.83995114333235,1.24502751134183,13.2416286193581,-18.2566909850582
988,47.766,18.694,10.035,2.11402781484593,1.76804632627734,1.19568575971482,11.7423280706033,-43.6867971808546
988,47.842,18.648,10.038,2.24953213107273,1.85752647873018,1.21103637381822,13.1273506717578,-34.3063950125731
988,47.918,18.664,10.04,2.27011716500906,1.76953408295,1.28288976566336,12.6199338133467,-29.4785346245362
988,47.994,18.678,10.006,2.11402781484593,1.76804632627734,1.19568575971482,11.7423280706033,-43.6867971808546
988,48.07,18.685,9.963,2.19269894843318,1.80991660897882,1.21149169942715,12.4677316587275,-61.4225291513889
988,48.146,18.665,9.967,2.29746065156978,1.95960537383301,1.17240985468208,14.1438153020058,-52.3520710775026
988,48.222,18.613,9.961,2.1886591669542,1.91289649428578,1.1441597459623,13.1528382540898,-44.3195785577996
988,48.298,18.63,9.946,2.34370349452145,2.13161090625964,1.09949873480145,15.694969420699,-60.4454537595915
988,48.374,18.626,9.939,2.4014018273496,1.86349646005521,1.28865381760825,14.0586390768028,-43.2454867056917
988,48.45,18.637,9.941,2.14922888233838,2.03521011175182,1.05602309556551,13.7417420685405,-31.411091550329
988,48.526,18.643,9.942,2.28263470000203,1.83762030875145,1.24216884692188,13.1777744401019,-68.8073364572698
988,48.602,18.65,9.925,2.24576077578435,1.84031893216616,1.22031064101534,12.9839387721868,-31.4998496009759
988,48.678,18.65,9.973,2.28263470000203,1.83762030875145,1.24216884692188,13.1777744401019,-68.8073364572698
988,48.754,18.567,10.004,2.2809356833659,1.94244531224541,1.17425992329699,13.9191178722271,-21.5459623890359
988,48.83,18.553,9.961,2.18943358164613,1.96193149879958,1.1159582192272,13.4947700175448,-63.1859703649073
988,48.906,18.554,9.969,2.08835695496093,1.98263363499843,1.05332468797877,13.0075970634408,-74.4305137815106
988,48.982,18.602,10.005,2.24038203288522,2.01980821496132,1.10920532765935,14.21615297258,-45
988,49.058,18.525,9.997,2.14224255158468,1.81071022442759,1.18309518700702,12.1861766150692,-68.8843887348057
988,49.134,18.566,9.984,2.28362791825666,1.7949376474239,1.27226030471539,12.8772931696517,-20.732492344802
988,49.21,18.644,9.976,2.33187889142169,1.821702408648,1.2800547885054,13.3454522701364,-81.4534345588591
988,49.286,18.585,10.015,2.06778808719038,1.83453366200568,1.12714644054538,11.9174019296868,-12.286102386092
988,49.362,18.584,10.042,2.04317253576271,1.79178995240776,1.14029690423096,11.5011697076267,-47.7872840703478
988,49.438,18.617,10.028,2.10243656055927,1.77449606303102,1.1848076782814,11.7205451712888,-48.5257742439418
988,49.514,18.588,10.009,2.31673168790346,1.87877378314668,1.23310837562534,13.6741425470681,-47.1365942804734
988,49.59,18.593,9.986,2.08229606678485,1.8797238512396,1.10776700812285,12.2966384393662,-41.6420704662444
988,49.666,18.596,9.991,2.27459141176787,1.78424763836246,1.27481822750537,12.7499475537591,-61.9318452844091
988,49.742,18.551,10.059,2.21176389329619,1.78758584324724,1.23729100991223,12.4209708710675,-18.5910134132345
988,49.818,18.591,10.088,2.22329235481005,1.85778662444104,1.19674257827052,12.9760430896679,-14.2934663968425
988,49.894,18.589,10.043,2.11665879794676,1.81645165470848,1.16527119918667,12.0788217484507,-37.9094438065986
988,49.97,18.599,10.058,2.17493811388097,1.91249801745322,1.13722372208115,13.0676583148256,-32.1758015396537
988,50.046,18.602,10.063,2.29078979297363,1.83995114333235,1.24502751134183,13.2416286193581,-18.2566909850582
988,50.122,18.615,10.038,2.11402781484593,1.76804632627734,1.19568575971482,11.7423280706033,-43.6867971808546
988,50.198,18.655,10.054,2.17214971162453,1.80377612162822,1.20422356498643,12.3089855279194,-31.6416865201269
988,50.274,18.643,10.083,2.19269894843318,1.80991660897882,1.21149169942715,12.4677316587275,-61.4225291513889
988,50.35,18.618,10.106,2.22329235481005,1.85778662444104,1.19674257827052,12.9760430896679,-14.2934663968425
988,50.426,18.687,10.103,2.25232620908934,1.82633429054308,1.23324969626431,12.922943231407,-25.1134164823539
988,50.502,18.743,10.07,2.27394040941665,1.77076333861489,1.28415828350916,12.6499693725032,-36.9432908834554
988,50.578,18.634,10.04,2.29435647812065,1.78904434503215,1.28244807597512,12.8953125895047,-58.0760292664452
988,50.654,18.627,10.099,2.26605236088556,1.87677545423425,1.20741794431137,13.3607897005875,-29.2018677627025
988,50.73,18.666,10.1,2.30784743801724,1.8553085171997,1.24391572432416,13.4515740603753,-50.3165927252684
988,50.806,18.639,10.02,2.19846271561843,1.82833794326316,1.20243783361772,12.6277347147606,-23.0905944566633
988,50.882,18.696,9.995,2.23452138535067,1.95669335728926,1.14198853746113,13.7359012120406,-39.2349348055991
988,50.958,18.687,10.039,2.17445259457232,1.79014261460488,1.21468120854285,12.2289015262771,-33.0049718870633
988,51.034,18.711,10.027,2.16563351729049,1.86856111991839,1.15898457599561,12.712827235484,-41.4858018805252
988,51.11,18.696,9.991,2.19284692597823,1.88380680663333,1.16405085609453,12.9776049829555,-51.9616866633928
988,51.186,18.69,10.042,2.26051814400855,1.91899154094373,1.17797191690426,13.6279625132269,-30.0915016112791
988,51.262,18.652,10.018,2.29435647812065,1.78904434503215,1.28244807597512,12.8953125895047,-58.0760292664452
988,51.338,18.637,9.965,2.35434802386139,1.99105203787268,1.18246433497382,14.7266221824607,-42.5625067377226
988,51.414,18.662,9.962,2.28263470000203,1.83762030875145,1.24216884692188,13.1777744401019,-68.8073364572698
988,51.49,18.646,9.983,2.24576990648573,1.89909308310033,1.18254862095513,13.3986604901721,-50.5700139299073
988,51.566,18.681,9.971,2.4027986997743,1.93475400891938,1.24191431504842,14.6047126363219,-51.4853947908335
988,51.642,18.65,9.937,2.34027238825241,1.99946388200688,1.17044994376365,14.700423447316,-64.0697012112977
988,51.718,18.604,9.944,2.3732472712354,1.91056304693497,1.2421716598375,14.2447304795414,-40.0737837108192
988,51.794,18.617,9.981,2.32846272606341,1.88611917196772,1.23452577157901,13.7971152624039,-45
988,51.87,18.636,9.96,2.37524896024536,1.94782212830638,1.21943832844256,14.5347747142584,-49.527580766309
988,51.946,18.644,9.894,2.37524896024536,1.94782212830638,1.21943832844256,14.5347747142584,-49.527580766309
988,52.022,18.602,9.867,2.31084069176853,1.88510719176053,1.22584047308758,13.6853506477348,-30.7517212440224
988,52.098,18.572,9.824,2.33374868684127,2.09635131915749,1.11324312175842,15.3697932442378,11.9761324442034
988,52.174,18.596,9.785,2.24790695641264,2.16948381463848,1.03614829538944,15.3209120119336,-71.0759138308222
988,52.25,18.579,9.821,2.24426017753664,2.11068342575758,1.06328601918647,14.8814817428551,-13.4109906007908
988,52.326,18.571,9.829,2.24926030671009,1.974130653715,1.13936749955093,13.9497197931734,-9.26799973783355
988,52.402,18.568,9.77,2.1801548804831,2.08777938674489,1.04424581175803,14.2995320502102,-57.6506893127097
988,52.478,18.538,9.728,2.44390323288093,2.18671168322652,1.11761566539715,16.7890222200956,-4.01828339569523
988,52.554,18.477,9.683,2.36250080143786,2.10867370666937,1.12037286469011,15.650608222394,-40.1812309435345
988,52.63,18.408,9.699,2.47836119067356,2.09866124247205,1.18092483937725,16.3401791822147,-41.1922247895284
988,52.706,18.37,9.717,2.5268006208445,2.15733274854204,1.17126142110073,17.1252919403098,-36.8147795839645
988,52.782,18.326,9.68,2.48511479226405,2.07915254951312,1.19525370701924,16.2323979883716,-42.7721985833368
988,52.858,18.332,9.674,2.38929301630913,2.10231709931478,1.13650458205752,15.7803818903689,-41.1694384069671
988,52.934,18.343,9.673,2.58724383836572,1.96138774422522,1.31908840869592,15.9422894988649,-47.4238521976567
988,53.01,18.322,9.641,2.63848781669895,1.965129371185,1.34265349416049,16.2890633598326,-57.7272241008851
988,53.086,18.337,9.642,2.66378597457505,2.12746249436689,1.25209538670046,17.803734662067,-60.3334184079505
988,53.162,18.262,9.657,2.57410426174228,1.99526459415804,1.29010672032122,16.1352798579438,-55.9411678373936
988,53.238,18.148,9.578,2.6452423105912,2.11863127973712,1.24856190687387,17.6064060368729,-73.8721205875297
988,53.314,18.112,9.535,2.12568549117951,2.00149027652165,1.06205137047865,13.3660279689911,-11.6524452696016
988,53.39,18.149,9.5,2.41403711571007,2.01830795238013,1.19606976371632,15.3066886058487,-57.2157313933255
988,53.466,18.16,9.427,2.62499760434703,2.04187806012849,1.28558000382346,16.838701054705,-61.5328318488914
988,53.542,18.129,9.367,2.43522244028075,1.89378096226035,1.28590501690024,14.4883275589187,-40.437559703249
988,53.618,18.032,9.289,2.50568753028568,1.86407850350716,1.3441963552347,14.6737455053928,-67.322432709386
988,53.694,18.001,9.269,2.2305324452911,1.91633710223835,1.16395619679113,13.4285872609992,-42.128858361098
988,53.77,18.013,9.293,2.37199381673082,1.79556545992447,1.3210288734506,13.3802635524085,-48.1732750860987
988,53.846,17.963,9.258,2.23637713207649,1.87879817384073,1.19032324132229,13.2000338479542,-66.1083674848353
988,53.922,17.956,9.205,2.40884787675324,1.75074960879769,1.37589513922981,13.2490056417658,-71.2973216842957
988,53.998,17.946,9.148,2.41406428074524,1.86973024529955,1.29112971607221,14.1800465386756,-40.3081064632027
988,54.074,17.929,9.086,2.38380558304379,1.62930832223858,1.46307825873532,12.2018022173822,-52.3627413775898
988,54.15,17.87,9.105,2.26707975135401,1.915020889723,1.1838407421665,13.6392404727392,-30.2673893076167
988,54.226,17.834,9.162,1.95233255518635,1.87245876933203,1.04265716669575,11.4846015542864,-9.41235500912002
988,54.302,17.836,9.141,2.1191387780971,1.88113402384235,1.12652195496874,12.5235948669858,-79.2055104630834
988,54.378,17.827,9.075,2.00353900917368,1.93679686735239,1.03446006287305,12.1907871700389,-69.392239954744
988,54.454,17.789,9.053,2.06178715527223,1.92557574231551,1.07073801874598,12.4725228600584,-45
988,54.53,17.783,9.022,2.06178715527223,1.92557574231551,1.07073801874598,12.4725228600584,-45
988,54.606,17.777,9.039,2.06178715527223,1.92557574231551,1.07073801874598,12.4725228600584,-45
988,54.682,17.751,9.038,2.0794829964941,1.761218183393,1.18070720374233,11.5058420251745,-26.4880409062417
988,54.758,17.8,9.004,2.20221716018544,1.92575688113404,1.14355928401959,13.3232897690456,-75.4432672131713
988,54.834,17.794,8.984,2.09041325453688,1.85246405954966,1.12845010069726,12.165551846542,-40.0368772466741
988,54.91,17.755,8.926,1.98471856567782,1.87632385434451,1.057769724071,11.6992118390929,-30.9637565320735
988,54.986,17.714,8.903,2.10852656839563,1.8930214174335,1.1138418979191,12.5396229474815,-77.1209391390122
988,55.062,17.686,8.872,2.05743832895903,1.89436379536691,1.0860840636793,12.2444726059491,-46.0272864404628
988,55.138,17.715,8.909,2.23584765249581,1.97895854659716,1.12981025112445,13.9004473717194,-22.7988494098074
988,55.214,17.701,8.966,2.19289890866622,1.93511397538519,1.13321434114997,13.3313777201275,-11.6248965813373
988,55.29,17.639,8.929,2.22542043253987,1.74136227279125,1.27797671243487,12.1744983443152,-27.7546150354937
988,55.366,17.604,8.858,2.23584765249581,1.97895854659716,1.12981025112445,13.9004473717194,-22.7988494098074
988,55.442,17.611,8.812,2.24926030671009,1.974130653715,1.13936749955093,13.9497197931734,-80.7320002621664
988,55.518,17.582,8.847,2.34092879541452,2.02801511996443,1.15429553378062,14.9145194601956,-37.7941231394354
988,55.594,17.592,8.846,2.19070267567764,2.00534674422072,1.09243086363548,13.8013887375436,-66.1622866719853
988,55.67,17.565,8.81,2.43947430738097,2.28103983899557,1.069457124631,17.481511956965,-52.642278252318
988,55.746,17.519,8.764,2.20053624594704,1.86249774363269,1.18149740232974,12.875797990427,-70.3534193726476
988,55.822,17.592,8.668,2.00353900917368,1.93679686735239,1.03446006287305,12.1907871700389,-69.392239954744
988,55.898,17.551,8.643,2.61128892365591,1.64252264650044,1.58980390877381,13.4746088005073,-44.8993048443661
988,55.974,17.519,8.596,2.37556894482148,1.73661995323872,1.36792678236314,12.9605161791589,-59.1683247270854
988,56.05,17.512,8.533,2.51113968578771,2.24027365072763,1.12090756634669,17.6734695199459,-9.12323827189606
988,56.126,17.525,8.579,2.35631597988291,1.77314578869145,1.32889015382195,13.1258623684196,-64.7196472876043
988,56.202,17.537,8.542,2.55618358032516,2.25887232993294,1.13161932458619,18.1398461387765,-66.9695441548679
988,56.278,17.522,8.453,2.30724500300751,1.71610302128391,1.34446765397647,12.4390422426818,-62.8068636808729
988,56.354,17.517,8.431,2.54124550035145,1.79374077659236,1.41672951494092,14.3204338764404,-75.356629787275
988,56.43,17.52,8.436,2.09041325453688,1.85246405954966,1.12845010069726,12.165551846542,-49.9631227533259
988,56.506,17.581,8.434,2.35093450056317,1.80709097382153,1.30094972229957,13.3465930541672,-78.7982876672581
988,56.582,17.555,8.447,2.40476413307283,1.84745011662623,1.30166661141809,13.9570964363287,-51.9645993492367
988,56.658,17.573,8.411,2.04299075436155,1.73812654778153,1.17539816474763,11.1557215818855,-64.4663866092546
988,56.734,17.541,8.361,2.25275735396929,1.74103962355942,1.29391503989076,12.3217656308067,-77.9036630960936
988,56.81,17.493,8.379,1.99140232801028,1.77237166076002,1.12358055147211,11.0882671400882,-85.0880341382921
988,56.886,17.494,8.381,2.35477387449411,2.31253234932328,1.0182663499532,17.1075137671494,-45.0000000000001
988,56.962,17.456,8.363,2.03121770289876,1.62969068532972,1.24638234800232,10.3994777227233,-82.8093027044547
988,57.038,17.455,8.358,2.15385371438736,1.84643925034396,1.16649042961264,12.4939884381966,80.6624932333112
988,57.114,17.456,8.379,1.99140232801028,1.77237166076002,1.12358055147211,11.0882671400882,-85.0880341382921
988,57.19,17.432,8.399,2.11229894694722,1.72315438492354,1.22583267374556,11.4348229530008,-59.665134305696
988,57.266,17.368,8.372,2.49568128090738,1.84915159216198,1.34963585002217,14.4981139902582,-46.3894821615913
988,57.342,17.335,8.336,1.97825746664292,1.72553234054207,1.14646212079772,10.7239749212194,-66.0708356572898
988,57.418,17.352,8.303,2.10617378200376,2.0794605188324,1.0128462468652,13.7592497612465,44.9999999999998
988,57.494,17.348,8.274,2.13324496700333,1.65714733959498,1.28729951527708,11.1058480280214,-89.2183802478801
988,57.57,17.332,8.298,2.28253912572044,1.75734915753874,1.29885351236475,12.6016136593319,-82.5461010770759
988,57.646,17.309,8.311,2.07124654094513,1.858985810011,1.114180931232,12.0964446779016,89.2601821145516
988,57.722,17.291,8.27,2.08426736755517,1.71629487218987,1.21439934438294,11.2381598890779,-75.9764682113561
988,57.798,17.262,8.244,2.16100981605834,1.50260232932226,1.43817813528417,10.201186090157,-70.2637700758281
988,57.874,17.287,8.307,2.1243790593301,1.77130091350648,1.19933267302655,11.8215447642514,-78.2660505538282
988,57.95,17.223,8.289,2.23703081061014,1.7999004530536,1.2428636299385,12.6494116088722,-69.809334020734
988,58.026,17.119,8.237,2.11513039179479,1.61249305346557,1.31171442087701,10.7148197777738,-83.0098547119837
988,58.102,17.113,8.286,2.1623621758882,1.74247803138758,1.24096954850343,11.8371082738319,-68.5267752817555
988,58.178,17.026,8.304,1.9615161555871,1.61450531275106,1.21493323069018,9.94904145834118,-68.2856553129308
988,58.254,16.977,8.295,1.94081095856886,1.80342085391328,1.07618305198005,10.9958851675928,-60.6498006673142
988,58.33,16.997,8.28,2.29397976704956,1.93263146219457,1.18697217339341,13.9279917585654,-82.2054098134336
988,58.406,16.917,8.271,1.95129191589286,1.68773226362366,1.15616200386152,10.3460761513982,-55.4056608779906
988,58.482,16.908,8.315,1.90980403881306,1.90247767339798,1.00385095999681,11.4145356525598,14.0362434679259
988,58.558,16.933,8.311,1.95444655422791,1.95444655422791,1,12.0004483025317,0
988,58.634,16.851,8.264,1.95444655422791,1.95444655422791,1,12.0004483025317,0
988,58.71,16.739,8.282,2.00424935241767,1.79585996979473,1.116038770354,11.307695229471,45
988,58.786,16.683,8.294,2.17290084427008,1.83733688779277,1.18263605259699,12.5423401784898,9.05293824501958
988,58.862,16.691,8.312,2.17952034272856,1.92963634732332,1.12949797289623,13.2125386474213,-76.3560060272423
988,58.938,16.675,8.313,2.21356037268483,1.96736955610952,1.12513704698275,13.6812944770307,-49.3030670449077
988,59.014,16.641,8.268,2.19505383381213,2.07983589096191,1.05539761254766,14.3424755067771,-56.3099324740202
988,59.09,16.597,8.238,2.14509595300981,1.97028557286487,1.0887233721611,13.2777893244123,90
988,59.166,16.611,8.15,2.14509595300981,1.97028557286487,1.0887233721611,13.2777893244123,90
988,59.242,16.566,8.127,2.50192800322738,1.92009955297462,1.30301993943563,15.0920566689462,90
988,59.318,16.541,8.159,2.12981496798214,1.80981956803045,1.17681066422546,12.1095227407188,-69.7064710497594
988,59.394,16.529,8.152,2.54947036227844,2.25611740845921,1.13002557079668,18.0701408166949,88.9042145626667
988,59.47,16.473,8.132,2.00468197611063,1.5738434058622,1.27374932515119,9.91189920859322,-71.9145966163164
988,59.546,16.428,8.129,2.68581947602847,2.17710238753906,1.23366704818346,18.3698472701042,-78.4230186619187
988,59.622,16.327,8.053,1.90614843084246,1.790709222666,1.06446563557907,10.7233790813178,85.934948822922
988,59.698,16.37,7.914,2.24874212748288,1.82269292826588,1.23374710715663,12.8766543270038,75.5834971435081
988,59.774,16.392,7.862,2.27284346929071,2.0625059905876,1.10198151164797,14.7270112382664,45
988,59.85,16.417,7.866,2.24135786241353,1.82862067460205,1.22570957090447,12.8761106842429,-75.5171920855955
988,59.926,16.369,7.936,2.39232892256873,2.38728717706761,1.00211191412141,17.9421890681671,0
988,60.002,16.291,7.823,2.03712296956666,1.90902086775671,1.06710356286491,12.2173719004248,-81.0154301299215
988,60.078,16.268,7.742,2.77642516158134,2.12675950422344,1.30547208373479,18.5504404872578,-72.8572118017154
988,60.154,16.126,7.773,2.36007905898332,2.00715040539525,1.17583567860156,14.8818300832418,77.4609885372484
988,60.23,16.105,7.729,2.03618158595455,2.02831397872941,1.00387889020519,12.9748265865622,90
988,60.306,16.058,7.721,2.48723157191604,2.09845572320422,1.18526759674404,16.3970569359188,70.9430393448583
988,60.382,16.062,7.673,2.13041272605307,2.00008213445406,1.06516261975141,13.3863276553466,84.5717933259689
988,60.458,16.048,7.701,2.71485539124014,2.01551991134903,1.34697522755954,17.1903083598174,68.8504597788583
988,60.534,16.099,7.684,2.29078979297363,1.83995114333235,1.24502751134183,13.2416286193581,-71.7433090149419
988,60.61,16.1,7.661,2.55245430318451,2.12794835429573,1.19949071979676,17.0635320159061,-83.6305337982324
988,60.686,16.093,7.655,2.20221716018544,1.92575688113405,1.14355928401958,13.3232897690456,75.4432672131713
988,60.762,16.12,7.626,2.61134884523532,2.16930755373194,1.2037706874449,17.7965530487084,84.2781516516087
988,60.838,15.909,7.695,2.32799396385867,1.97394396346611,1.17936172806591,14.4366538125399,71.0912253135946
988,60.914,15.981,7.584,2.43414245146701,1.64123575549686,1.48311566044947,12.550667757186,-85.1619738178331
988,60.99,15.983,7.521,2.95742475020668,2.41202758464475,1.22611564189149,22.4102058611237,54.3357370942689
988,61.066,15.937,7.642,2.31713328072513,1.61670593302847,1.43324350668064,11.7687928812964,-79.8717689127384
988,61.142,15.896,7.641,2.81235609406577,2.12686080952014,1.32230378286969,18.79140491235,-89.2704080388718
988,61.218,15.891,7.511,2.08969406840249,1.61757817834826,1.29186588714761,10.6193482238247,-81.9933791645572
988,61.294,15.916,7.489,2.66843141509892,1.99188645665143,1.33965036319632,16.6982322162931,-88.8893658841484
988,61.37,15.894,7.509,2.56009139164751,1.71121887604157,1.49606308549469,13.7629301002899,-89.3148176112898
988,61.446,15.916,7.477,2.81332583559123,2.03489731177982,1.38253946246091,17.9850812949612,88.9123708541589
988,61.522,15.761,7.465,2.63181117523731,1.84085192358393,1.42967022035834,15.2203084941193,78.7574213746588
988,61.598,15.728,7.374,2.32310252592214,1.91965186844633,1.2101686582382,14.010083563361,77.8791621357732
988,61.674,15.732,7.371,2.67697594778754,1.90864068211516,1.4025562657613,16.0516070055109,-87.8168523566743
988,61.75,15.771,7.32,2.50277282007355,1.93369409697443,1.29429614745659,15.2040424702672,81.0755527215092
988,61.826,15.779,7.26,2.70022616336731,1.71022961421364,1.57886762159061,14.5078960789764,90
988,61.902,15.768,7.19,2.52319202492314,1.92835474745466,1.30846880132073,15.2857624949509,-87.6978901951362
988,61.978,15.782,7.123,2.35390878487105,1.70332096301029,1.38195257147013,12.5960969241461,90
988,62.054,15.681,7.186,2.64555697979335,1.83242498709588,1.443746400766,15.2297648454442,90
988,62.13,15.717,7.139,2.33064388799159,1.97185337538928,1.18195597962829,14.4377797135496,87.3356865336147
988,62.206,15.7,7.114,2.35355457512748,1.86758787392582,1.26021088912947,13.8087762143611,-85.5203135464138
988,62.282,15.637,7.08,1.98344576543231,1.63872304115197,1.21036057687821,10.2111760198755,77.508421496345
988,62.358,15.643,7.042,2.3484244938283,1.86120568296955,1.26177590973256,13.7315905149562,-75.8906370769453
988,62.434,15.557,6.99,1.96074108438621,1.84638120537324,1.06193730670576,11.3734308733456,90
988,62.51,15.543,6.909,2.53205615229094,1.77966081831731,1.42277456818149,14.1566483467925,-79.6058771554848
988,62.586,15.555,6.874,2.584982981058,1.89620473648582,1.36324044092869,15.3990095349637,-77.6523451412465
988,62.662,15.535,6.923,2.51144743572693,2.06786639942473,1.21451145800599,16.3153517740964,-72.9234858149637
988,62.738,15.48,6.963,2.43414245146701,1.64123575549686,1.48311566044947,12.550667757186,-85.1619738178331
988,62.814,15.459,6.833,2.13522582724482,2.00640626673934,1.06420412587468,13.4589928451486,-25.3461759419467
988,62.89,15.489,6.825,2.32841072459577,2.11363123235434,1.10161635055051,15.4610392038306,-56.7935152625641
988,62.966,15.496,6.865,2.52115927583809,1.62814361721138,1.54848703098823,12.8956390017964,-84.2655157571993
988,63.042,15.422,6.801,2.48511479226406,2.07915254951312,1.19525370701924,16.2323979883717,-47.2278014166631
988,63.118,15.365,6.722,2.37394413370659,1.76516849492683,1.34488245203186,13.1645656494493,-59.092751292605
988,63.194,15.354,6.717,2.59821498977461,1.98974170422488,1.30580516267903,16.2413325695821,-49.0511241535001
988,63.27,15.306,6.658,2.34795321970246,1.99956174066942,1.17423391933694,14.7493924341635,-79.2700196347571
988,63.346,15.284,6.561,2.58473982378069,2.28444251233452,1.13145321443843,18.5501292704409,78.3911987520117
988,63.422,15.3,6.529,2.32255350589104,2.17454821971005,1.06806254505624,15.8666281213162,29.7518708600166
988,63.498,15.261,6.492,2.34252840580709,1.85421702256028,1.26335179609804,13.6456837641875,-60.2384331390526
988,63.574,15.195,6.488,2.31719457643398,2.07486474795235,1.11679307228136,15.1043544340725,-53.2243040635199
988,63.65,15.201,6.478,2.85305612742597,2.41557539780166,1.18110828998443,21.6511408821847,7.97913784914053
988,63.726,15.153,6.427,2.55662201568269,2.19763956453128,1.16334910280339,17.6511441745541,-73.9505363726074
988,63.802,15.067,6.36,2.31885982176178,2.15534827632517,1.07586316663189,15.7015246362413,79.6494104168455
988,63.878,15.059,6.359,2.23665396302852,1.88052279368264,1.18937881026609,13.2137861298696,81.5283958062254
988,63.954,15.02,6.312,2.27757305690678,2.20651850882831,1.03220210834135,15.7880962024905,23.3949553041232
988,64.03,14.991,6.244,2.47148114001082,2.02386947238143,1.22116627269579,15.7141058067742,10.7785396425189
988,64.106,14.982,6.125,2.84003204936027,2.28216925195179,1.24444409499049,20.3620248661246,15.6812803109052
988,64.182,14.937,6.052,3.07032671150689,2.47135424693381,1.24236608948969,23.8379808083487,25.3615706394195
988,64.258,14.935,6.151,2.83804667860265,2.17331235804429,1.30586230189044,19.3772238533375,11.7514834747636
988,64.334,15,6.159,2.39765141456613,1.97978139219856,1.2110687695188,14.9125926073053,15.8751947166598
988,64.41,14.95,6.073,3.1478654220917,2.43659356301458,1.29191239354549,24.0962312439022,28.4315952335345
988,64.486,14.898,5.994,2.43229328497144,2.08466915184416,1.16675266327981,15.9295296800488,45.9952099771161
988,64.562,14.821,6.023,3.02861549026743,2.43216672802846,1.24523350120921,23.1412788202465,24.9497018711933
988,64.638,14.69,6.122,2.90324191652402,2.35756899645292,1.23145575840711,21.5029234990444,17.0587998238764
988,64.714,14.726,6.082,3.17098500221352,2.36992700875956,1.33800956337184,23.6090782200154,25.27303905566
988,64.79,14.789,6.064,2.56988234994158,2.08878030282401,1.23032678279622,16.8638168845113,11.4436017366867
988,64.866,14.811,6.119,2.92514854466956,2.53723575689617,1.15288795561037,23.3162455955989,20.6980882721887
988,64.942,14.705,6.072,2.62191870320625,2.11503227147236,1.23965895866971,17.4215219544148,23.0864103147965
988,65.018,14.71,6.013,3.06335817773841,2.56364532288495,1.19492277281598,24.6720702232476,15.8716986551052
988,65.094,14.761,6.003,2.55562652503661,2.36106486288529,1.08240420041386,18.9563700432401,28.4268304942003
988,65.17,14.668,5.959,2.98055299135881,2.40070246181123,1.24153369223027,22.4794177450788,18.0622246882447
988,65.246,14.543,5.964,3.08845143722513,2.43613811623462,1.26776532768953,23.6370109535947,21.8611029427271
988,65.322,14.606,5.958,3.06036612469523,2.59942158327407,1.17732581139862,24.9919405665595,11.8657420161582
988,65.398,14.653,5.938,3.05560522367521,2.39484852811286,1.27590751056102,22.9892692311395,28.8047483801886
988,65.474,14.556,5.889,2.73052238272127,2.15469186569543,1.26724494865998,18.4833541857124,8.79494436678697
988,65.55,14.561,5.88,3.0402676937792,2.31552380237686,1.31299349661549,22.116222323294,1.65541722515742
988,65.626,14.566,5.867,3.00889959095838,2.15121752807762,1.39869611124228,20.3348932007656,8.44726650607664
988,65.702,14.511,5.811,3.13023099173437,2.1813828868243,1.43497549680122,21.4515244846458,19.0996878764307
988,65.778,14.585,5.773,2.97242213156692,2.10926957054182,1.40921870446525,19.6966535601069,7.87375423470254
988,65.854,14.705,5.691,3.06697308024407,2.27830690366343,1.34616327383835,21.951897334522,10.6342204318488
988,65.93,14.685,5.622,2.29320509298625,1.90292747350055,1.20509327072133,13.7092913642502,18.0078171255067
988,66.006,14.705,5.628,2.34587027498387,2.11638058811177,1.10843498006039,15.5972356740992,38.0415612833493
988,66.082,14.66,5.676,2.31951589792307,2.17657597480509,1.06567191992036,15.8606527655342,-72.7416996101321
988,66.158,14.684,5.626,2.90749614982617,2.0957673654804,1.38731817171879,19.1430923466426,3.33688185710236
988,66.234,14.717,5.604,2.76160011075131,2.14163394150575,1.28948279032675,18.5804361936661,-4.43285994769808
988,66.31,14.649,5.62,2.83992023549027,2.09626497223769,1.35475251130049,18.7026089103934,3.0207569501071
988,66.386,14.682,5.629,2.71532807568835,2.08058199915451,1.30508101905706,17.7483105655539,-13.4177431157489
988,66.462,14.694,5.607,2.34270609075767,1.9556392102479,1.19792346076999,14.3931686951342,-21.9476298164248
988,66.538,14.647,5.54,2.22342469568661,2.11614634195266,1.05069514882178,14.7814825759692,-7.62755935152887
988,66.614,14.645,5.564,2.97215742594822,2.13410109181708,1.39269757995277,19.9267590580143,-2.31615383893449
988,66.69,14.718,5.561,2.66042713006279,2.0799119447639,1.27910565481405,17.3838589568549,3.99624821178061
988,66.766,14.749,5.587,2.58617345670109,1.97237656492904,1.31119660549918,16.0249748444619,4.24846037867016
988,66.842,14.741,5.593,2.5472902134046,1.83710636103194,1.38657742819731,14.7015322412512,-18.3395489599223
988,66.918,14.825,5.499,2.63172027080968,2.05788135290861,1.27884936956643,17.0141371865647,-17.2086620261658
988,66.994,14.785,5.5,1.99356906618497,1.84459558365493,1.08076213770113,11.5526688136623,-63.7642204117038
988,67.07,14.658,5.505,2.49945499702453,1.92388367212217,1.29917158362671,15.1068529967152,-8.66396088862062
988,67.146,14.678,5.527,2.91027730563317,2.03468321418699,1.43033435639564,18.6029169668394,-5.46842447510323
988,67.222,14.7,5.565,2.74257822481486,1.90421198027041,1.44026938871868,16.4068115355544,-10.358104897494
988,67.298,14.624,5.631,2.36519013280324,2.15930190456436,1.09534944039259,16.0446149494396,54.5598631649656
988,67.374,14.704,5.61,3.03837220588306,1.78455198819547,1.70259663264584,17.0341337050266,21.0205011213947
988,67.45,14.82,5.584,2.13637275068734,1.7751137055086,1.2035131856949,11.9138761138903,81.0587363520951
988,67.526,14.784,5.577,2.20831455428901,2.02800381441718,1.08891045400901,14.0695295179907,73.9383435383079
988,67.602,14.796,5.494,2.33697689718296,2.08234849357636,1.12227943804415,15.2882474990484,43.5171012961812
988,67.678,14.724,5.497,2.1943885624879,1.8735196757658,1.1712652879351,12.9158104304769,-16.944218212931
988,67.754,14.692,5.515,2.68657158089563,2.05635380752234,1.30647341477322,17.3558596177757,-3.07117185994835
988,67.83,14.683,5.569,2.1943885624879,1.8735196757658,1.1712652879351,12.9158104304769,-16.944218212931
988,67.906,14.735,5.528,2.95031362408039,2.05305985587894,1.43703244483212,19.029162230779,2.30545102236411
988,67.982,14.77,5.485,2.19137702028794,1.65002510400383,1.32808707877868,11.3594558408545,-85.7749064110312
988,68.058,14.744,5.507,2.62077581746637,2.06105104882879,1.27157249159629,16.9694784290028,6.46726867636005
988,68.134,14.746,5.537,2.18134502618562,1.87030600261078,1.16630381506591,12.8170153467508,-23.7770398552642
988,68.21,14.61,5.555,2.96325950304064,1.90622681864383,1.55451569249708,17.7457408031485,7.34545264606338
988,68.286,14.564,5.562,2.75207484453541,1.91407498600719,1.43780931502392,16.5488973110415,4.83904048288345
988,68.362,14.547,5.59,3.10166705864802,1.83596763378873,1.68939092474489,17.8899888996173,16.3137225399336
988,68.438,14.565,5.562,3.05310782013885,1.81790937002353,1.67946096240174,17.4366978684345,18.7673373271602
988,68.514,14.662,5.584,2.72048528898328,1.90134548162561,1.43082112918128,16.2501469057442,-2.13319138691086
988,68.59,14.67,5.584,2.53127526298333,1.88852465696322,1.34034536094099,15.0179933303891,5.82415986030501
988,68.666,14.547,5.585,2.78385319810254,1.8900460184644,1.47290233724803,16.5298373737128,-2.04813251525616
988,68.742,14.548,5.535,2.9734014546212,2.03675817521944,1.45986965502218,19.0257983926152,-1.2135653505249
988,68.818,14.589,5.477,2.52674513550089,1.87326070980237,1.34884862650403,14.8699509235007,-10.7377729294844
988,68.894,14.406,5.521,2.96646458311106,2.0098667777789,1.4759508520208,18.7307993620094,-6.36019295462758
988,68.97,14.405,5.486,3.01174217234185,1.96935906898472,1.52930068455953,18.6334198778875,13.7232275868301
988,69.046,14.443,5.519,2.9352720354075,2.04821720513604,1.43308630942417,18.8874896622123,-2.70994962699069
988,69.122,14.409,5.555,3.07030310593552,1.96961872685359,1.55883119107029,18.9982364891917,11.6744644743456
988,69.198,14.378,5.551,2.68562750176932,2.01925725380619,1.33000760388854,17.0367715529825,5.16555242216985
988,69.274,14.334,5.593,2.64260790803419,2.01145497982311,1.31377929635123,16.6990943952843,9.23160755770293
988,69.35,14.288,5.605,3.09758183400242,1.96362611724454,1.57748046168234,19.1087140348427,9.94110578545851
988,69.426,14.229,5.595,3.08989321278778,1.89279990731286,1.63244577562051,18.3737604159565,13.1432986572831
988,69.502,14.212,5.584,3.0440734950259,2.24552433744951,1.35561812635858,21.474485759826,3.38480976381198
988,69.578,14.128,5.577,3.00769441759322,1.98734620798224,1.51342247541607,18.778336316334,7.1138326325386
988,69.654,14.119,5.509,2.54941305088234,2.00509592021898,1.27146687855407,16.0592489556723,-5.45739771575635
988,69.73,14.041,5.496,2.65989727430039,2.15573782573719,1.23386862843156,18.0140216049519,-1.1692971656362
988,69.806,13.93,5.498,3.01790713132374,1.99719586314712,1.51107219227273,18.935483626675,5.83283664098033
988,69.882,13.983,5.447,2.92099502367218,1.88086074295743,1.55300972419641,17.2598625077791,0.0335062885306007
988,69.958,13.987,5.392,2.66421884672793,2.06411523865992,1.29073163979818,17.2764182306321,6.3779520888938
988,70.034,13.902,5.368,2.91842712030102,1.99582832404168,1.4622636051136,18.2987703529417,0.364973185756379
988,70.11,13.776,5.411,2.50581071270082,2.07594916487672,1.20706747308508,16.3423628425001,-10.5520201744934
988,70.186,13.781,5.41,2.8088943649176,2.1392176263787,1.31304750404125,18.8773160900132,-6.1269578712902
988,70.262,13.915,5.388,2.91379673450427,2.05361666840655,1.41886106561705,18.7987297977654,-0.198194979742759
988,70.338,13.904,5.363,2.78102571060285,2.0581119842651,1.35125091922338,17.9814155700972,1.60146957033076
988,70.414,13.909,5.303,2.51652888226485,1.84442648305469,1.36439641557144,14.5818672849554,5.98865960410529
988,70.49,13.893,5.284,2.85554131666624,1.86653021687837,1.52986610709251,16.7445448113562,4.1372720381076
988,70.566,13.909,5.242,2.86122608745095,1.72296621648736,1.66063969221879,15.4874105404438,4.89465182828697
988,70.642,13.913,5.272,2.95522644391764,1.97971855425432,1.4927507940798,18.3799400426686,-0.687509022969187
988,70.718,13.788,5.346,2.56092292427377,1.80314059957915,1.42025692553952,14.5069452680611,9.05769647234898
988,70.794,13.777,5.358,2.5845084186507,1.85420490052956,1.39386343866989,15.0551659980647,0.463962445086494
988,70.87,13.809,5.286,2.76131861029872,1.72765514051697,1.59830428280522,14.9873016791355,-3.36894429737542
988,70.946,13.906,5.175,2.54071665406582,1.74411268460271,1.45673881997169,13.9213274129317,2.53132546396209
988,71.022,13.936,5.143,2.96820942269969,1.60049346922184,1.85455890934865,14.9244494202439,-0.962891314672272
988,71.098,13.91,5.119,2.79232396854253,1.55967284964276,1.79032671446586,13.6819874913589,1.42633435220989
988,71.174,13.893,5.148,2.86172181979329,1.62039960898096,1.76605931273519,14.5679827082966,0.843737242695075
988,71.25,13.81,5.242,2.64909167355542,1.61631927776797,1.63896558680761,13.4516021223103,1.2563695505584
988,71.326,13.798,5.223,2.70391067660372,1.59017801550618,1.70038237872571,13.5079037769661,5.89539609134532
988,71.402,13.763,5.157,2.64909167355542,1.61631927776797,1.63896558680761,13.4516021223103,1.2563695505584
988,71.478,13.753,5.146,2.95279433506916,1.75071089423457,1.68662589853829,16.2404293275858,4.55520377155505
988,71.554,13.774,5.123,2.77710939498734,1.59556867864504,1.74051385700656,13.9206130885114,0.683319044907107
988,71.63,13.79,5.092,2.63394628942366,1.49329931883563,1.76384349487109,12.3567327644198,6.63205494840529
988,71.706,13.754,5.073,2.72140972397792,1.86280973287803,1.46091663359164,15.9262050630997,-2.70804923813494
988,71.782,13.725,5.102,2.49635649035197,1.60614995903001,1.55424870281701,12.5962876075675,2.43135401282228
988,71.858,13.645,5.148,2.58170787932759,1.62525856637845,1.58849055327879,13.1819432222761,3.09986664101757
988,71.934,13.62,5.111,2.89188631255909,1.71167011911671,1.68951147786083,15.5507434859623,3.52453958902876
988,72.01,13.829,5.072,2.74878434918438,1.66501487442059,1.65090678252405,14.378337043933,8.61604303273624
988,72.086,13.799,5.101,2.71345892587782,1.54139213208822,1.76039495037627,13.1397245911416,-1.55853062165462
988,72.162,13.728,5.07,2.6312351749674,1.58378126534554,1.6613627352091,13.0919621278284,2.02684230520557
988,72.238,13.758,5.059,2.79162661814218,1.81100377366456,1.54148028774856,15.8827814012626,8.77959698458486
988,72.314,13.749,5.061,2.7670375538178,1.89698616948989,1.45864930294239,16.4903202755718,6.95640543367108
988,72.39,13.742,5.075,2.53943572791219,1.68840302322553,1.50404594932604,13.4698642624572,2.6563826513372
988,72.466,13.745,5.053,2.51519843718988,1.56660763697368,1.6055063040856,12.3789088911012,4.52741498621446
988,72.542,13.76,5.038,2.88849493910947,2.0878752398082,1.38346146553029,18.9463705823946,13.3260934779866
988,72.618,13.774,5.011,2.61853024472029,1.66682402327299,1.57096982534396,13.7118867713915,4.87334000454186
988,72.694,13.808,4.911,2.98890744026542,1.66397517367741,1.79624521299792,15.6246098311559,10.2462973849351
988,72.77,13.672,4.965,2.93094713493276,2.11662612396929,1.38472595690938,19.4895588954144,13.6404726739681
988,72.846,13.768,4.958,2.86374264302097,1.7886066724291,1.60110251581011,16.0915806318047,4.24744673720918
988,72.922,13.816,4.886,2.89127461634434,2.087274773903,1.38519118445433,18.959149033898,13.4715093563469
988,72.998,13.715,4.876,2.90846434508338,2.01494274471753,1.44344763775961,18.4109554392276,25.3208919467395
988,73.074,13.789,4.83,2.89386990841089,2.08249006824373,1.38962002870508,18.9326678329287,22.4011293321332
988,73.15,13.77,4.824,2.67953011943851,1.79914674378954,1.48933383487921,15.1452031448695,18.1909149417778
988,73.226,13.739,4.824,2.92577844821599,2.07218377987779,1.41193000187876,19.0466928834519,13.1715594949975
988,73.302,13.802,4.806,3.02411020889804,2.11529691968605,1.42963863879066,20.0964258018038,36.0692154533395
988,73.378,13.819,4.775,2.89684467933105,2.15806518504268,1.34233418870235,19.6399166984428,5.12979950391541
988,73.454,13.798,4.74,2.91317669191111,2.062516425668,1.4124380565685,18.8761802216553,21.1111314189051
988,73.53,13.866,4.723,2.7121701864858,1.83780031804981,1.47576978839781,15.6590399722955,14.3648812553536
988,73.606,13.859,4.701,2.83775520184631,2.07298843718185,1.36891993749088,18.4808388815905,24.8422420226017
988,73.682,13.842,4.707,2.84957673990216,2.15101827936721,1.32475710096729,19.2563659566955,16.1922114139644
988,73.758,13.985,4.694,2.69252612539976,2.08870554044274,1.28908842020356,17.6679848160986,26.0047320182672
988,73.834,13.976,4.707,2.93265096581848,2.00101820787306,1.46557935069251,18.4357704069265,26.289845331379
988,73.91,14.047,4.642,2.59174294647499,1.93065190183622,1.34241856028527,15.7197550747557,14.2133533583337
988,73.986,14.091,4.605,3.1262604636056,2.21933472572472,1.40864756783577,21.7970559812712,16.8808361477122
988,74.062,13.942,4.626,2.80322429510089,1.91253283314496,1.46571303065751,16.842890327178,26.9192896234863
988,74.138,14.04,4.608,2.6653624388949,2.08808182810733,1.27646455374348,17.4845178096755,25.5960380982909
988,74.214,14.068,4.645,3.1581410315717,1.9916074232142,1.58572467382897,19.759917599304,22.9869403842364
988,74.29,14.142,4.593,2.47683577843791,2.0958875899855,1.18175983782367,16.3085395577777,38.9581327907365
988,74.366,14.196,4.549,2.97006547702883,1.90470854786841,1.55932805591316,17.7723323948515,22.6671020917575
988,74.442,14.228,4.584,2.96851683887075,2.15152935524268,1.37972407006082,20.0648845593029,20.6275549132718
988,74.518,14.065,4.623,2.89871639018361,2.15206799454782,1.34694461212535,19.5979925203561,9.35358193195604
988,74.594,14.034,4.619,2.7615194852388,1.92550612283081,1.4341785011719,16.7048618592816,39.2074368875725
988,74.67,14.194,4.589,2.94133528333675,2.12335150340542,1.38523239257346,19.620781405094,14.0656051478867
988,74.746,14.099,4.591,3.00717685606729,1.93402660578619,1.55487874213854,18.2713773601756,23.8955747347316
988,74.822,14.121,4.619,3.10235251116863,2.22678935429881,1.39319532185636,21.7030191175516,18.9908114205342
988,74.898,14.111,4.65,2.95700312113765,1.92214101557564,1.53839031432982,17.8561120123114,27.7062274380281
988,74.974,14.076,4.635,2.93319903492693,2.03520980641852,1.44122685812361,18.7542885068098,26.2012377910122
988,75.05,14.156,4.574,3.02679766575879,2.17319823998678,1.3927848872992,20.6648666772011,19.4245033090926
988,75.126,14.211,4.521,2.89369955911779,1.96507137071729,1.4725671556965,17.8641204872799,3.64790756340765
988,75.202,14.072,4.577,2.95461504844714,1.85139510149125,1.59588574371148,17.1850139279963,24.7579894125578
988,75.278,14.079,4.597,3.04206680618111,2.04981583826307,1.48406834867606,19.5899561748577,24.1760204653145
988,75.354,14.14,4.542,3.05425431488621,2.12435557462347,1.43773215339789,20.3836652952714,19.2893877989893
988,75.43,14.152,4.557,2.41286147404444,1.84985982809923,1.30434827406556,14.0223590448772,27.4749805192328
988,75.506,14.219,4.616,2.86048509875422,2.06674807483417,1.38405117371827,18.572788114814,20.0471847514544
988,75.582,14.09,4.653,3.16006402738389,2.2013937999736,1.43548329582004,21.8546317891799,15.3764131151835
988,75.658,13.982,4.645,2.73955704546531,1.87487952800386,1.46119097496469,16.136286189289,22.1127174039732
988,75.734,13.918,4.664,2.97709656323728,2.16337429304062,1.37613568434012,20.233660506191,10.8806206958798
988,75.81,13.924,4.657,2.59613281098784,2.0594428124337,1.26059961233879,16.7967986222869,28.5702999592741
988,75.886,14.069,4.635,2.85095352013914,2.14506891373516,1.32907316025332,19.2123840194622,17.4767230999391
988,75.962,14.026,4.621,2.75617484763504,2.15790539503546,1.27724545013696,18.6848251704585,9.30856437397948
988,76.038,13.986,4.61,2.55745541457521,2.01676810611512,1.26809592378056,16.2036893505363,24.8162521008269
988,76.114,14.039,4.62,3.00949613341102,2.18857647132969,1.37509297611272,20.6921390570257,14.4231451974177
988,76.19,13.924,4.67,2.96563671216392,2.15769434126871,1.37444709171371,20.102855204441,10.2660835024369
988,76.266,13.935,4.674,2.75047236828877,1.89455307432233,1.45177900031784,16.3705750507898,17.9416646428895
988,76.342,14.012,4.634,3.06624905724284,2.17726987356144,1.40829995145584,20.9734349668181,16.2650882361576
988,76.418,13.94,4.641,2.91661818390105,2.23266805865696,1.3063375778554,20.4575495174349,11.1703239799971
988,76.494,13.969,4.649,2.97232184772478,2.03383076331455,1.46144010668851,18.9915546917199,16.0026916040418
988,76.57,13.963,4.633,2.93792606545801,2.06939201732515,1.41970493790515,19.1000060357532,16.4408842300542
988,76.646,13.837,4.645,2.65777470847354,2.16794698230537,1.2259408233532,18.1015887629574,20.6860690414997
988,76.722,13.841,4.631,2.76102028778604,2.22230504879518,1.24241282234539,19.2762763322722,15.3844589302994
988,76.798,13.977,4.599,2.6389682790645,2.25568942595917,1.16991650033663,18.7009361031608,2.95823164132369
988,76.874,13.95,4.673,3.0402676937792,2.31552380237686,1.31299349661549,22.116222323294,1.65541722515742
988,76.95,13.791,4.706,2.98360357030333,2.03426192998201,1.46667620640657,19.0676803350117,11.9669547637263
988,77.026,13.738,4.663,2.83449149310411,2.08398277289969,1.36013192141706,18.5574865813278,17.9089564035395
988,77.102,13.848,4.613,2.68299964050991,1.97705463181419,1.35706904469703,16.6643798909946,8.92301308101306
988,77.178,13.847,4.613,2.78040951211989,2.18328337665543,1.27349914438464,19.0707927450326,-2.93208970353103
988,77.254,13.592,4.67,2.90382982602224,2.16680335594124,1.34014460429006,19.7669896073359,14.188137826823
988,77.33,13.532,4.653,2.92472373882727,2.19006080050826,1.33545321579589,20.1229150923172,17.5134287573009
988,77.406,13.597,4.56,2.83906745896212,1.85461544896847,1.53081193222087,16.5416740057348,6.71508257062689
988,77.482,13.605,4.53,2.9590642187542,1.86672304522128,1.58516509791276,17.3533830056688,11.4106673288491
988,77.558,13.539,4.578,2.89320576790986,2.1655679918853,1.33600320043107,19.6834408131009,10.7544594730127
988,77.634,13.362,4.611,2.88572759951134,1.90448250349272,1.51522925215594,17.2656205844079,7.56432597272902
988,77.71,13.352,4.601,3.02913033227522,2.26858734484729,1.3352495944912,21.5885432277302,13.8672133623069
988,77.786,13.33,4.584,3.14971635925444,2.07022762448481,1.52143480359473,20.4851627274162,22.2615569589752
988,77.862,13.351,4.559,3.01308950987875,2.05241930346385,1.46806722427214,19.4279956154705,8.26691762519183
988,77.938,13.415,4.528,2.99145125196888,1.84565689648581,1.62080571836764,17.3453382170781,14.391560153166
988,78.014,13.368,4.504,3.05925548960038,1.88571010275466,1.62233605533077,18.1234364185477,16.0622953936423
988,78.09,13.271,4.511,2.98289984739652,1.77231955106995,1.68304854821228,16.60850620069,13.3795355242825
988,78.166,13.244,4.523,3.05751360282827,1.75699636978886,1.74019346619122,16.8767623436224,6.78673996352262
988,78.242,13.241,4.483,2.95925208773412,2.10571029211236,1.40534626193308,19.5762929414602,-5.72107072175371
988,78.318,13.254,4.456,3.07270272230081,1.47574162318133,2.08214139523748,14.2455999633756,7.31498043206953
988,78.394,13.3,4.501,2.99431387370212,1.76164055531383,1.69973032504846,16.5716020274871,9.34846635137017
988,78.47,13.275,4.558,3.01240394865257,2.31691725238158,1.30017761556054,21.9267166453812,11.9191532871348
988,78.546,13.343,4.541,3.03260331620372,1.7795791290373,1.70411265603248,16.9544139293537,7.9987927200394
988,78.622,13.259,4.574,3.00729769000285,1.73059778527723,1.73772191065245,16.3501761895742,10.8151889083509
988,78.698,13.153,4.64,3.09934587862315,1.94840622712444,1.59070825964117,18.97140199546,13.3612955429604
988,78.774,13.196,4.611,3.0442334601336,1.79326104692686,1.6975963791499,17.1502850485043,14.2009478035695
988,78.85,13.238,4.566,2.90953125098128,1.63913579867349,1.77503978214366,14.9826223998868,5.42055558307926
988,78.926,13.191,4.58,2.89274558517689,2.19796727677159,1.31610038772997,19.9747491743726,9.07477491078109
988,79.002,13.197,4.582,3.08511497420098,1.71708365308678,1.79671792265619,16.6422744628015,6.94719809410952
988,79.078,13.217,4.596,2.83760613884627,2.1707607968854,1.30719429930634,19.3514698429825,12.5122763294946
988,79.154,13.227,4.602,3.01790713132374,1.99719586314712,1.51107219227273,18.935483626675,5.83283664098033
988,79.23,13.366,4.6,3.10998599353674,1.99289539257099,1.56053649636102,19.4712040891531,12.521161183857
988,79.306,13.319,4.599,2.9512904632467,2.08801905226359,1.41344038985049,19.3595957383015,21.8417020393404
988,79.382,13.222,4.597,2.95389337025496,2.04717937433271,1.44290891520817,18.9976807006004,9.61867912878048
988,79.458,13.188,4.6,2.68008904442128,2.1879031165265,1.22495782568114,18.4215930053524,20.8550050673455
988,79.534,13.245,4.608,2.94739785285613,1.98796817191187,1.48261823026148,18.4076378892493,13.2061221359564
988,79.61,13.262,4.633,3.00823886395119,2.15290352324754,1.39729385523668,20.3463616120023,20.6971192731436
988,79.686,13.411,4.577,2.94151711335484,1.79889871431661,1.63517661664031,16.6237103622318,10.7938863259184
988,79.762,13.438,4.558,2.66165024100542,2.09305065595245,1.27166068983372,17.5017146015871,23.2989124147074
988,79.838,13.276,4.59,3.03950520600765,2.21369090488719,1.37304860371306,21.1382848034176,16.3406729624154
988,79.914,13.365,4.558,3.01790713132374,1.99719586314712,1.51107219227273,18.935483626675,5.83283664098033
988,79.99,13.321,4.56,2.68603851238636,2.16367614787578,1.24142354437998,18.25804888187,10.6926668063064
988,80.066,13.216,4.633,2.90407269666991,1.92479860806064,1.50876703905972,17.5607335080684,1.59335041175544
988,80.142,13.184,4.719,3.03338896391283,1.94548830038764,1.55919157329727,18.5398663251381,8.04823051538446
988,80.218,13.165,4.771,3.00936329980801,1.7337852665859,1.73571857934514,16.391541631223,16.1272249112531
988,80.294,13.128,4.774,3.05925548960038,1.88571010275466,1.62233605533077,18.1234364185477,16.0622953936423
988,80.37,13.121,4.809,2.79946966964777,1.92926159373058,1.4510575853192,16.9674570313113,14.2039224588898
988,80.446,13.128,4.861,2.92670995498152,1.75192328201857,1.6705697018932,16.1081120392444,18.697951721166
988,80.522,13.086,4.88,2.70727740815744,1.66234442456959,1.62858994089531,14.1385099883929,19.5691527174189
988,80.598,13.105,4.895,3.01080359979057,1.53037175820717,1.96736746064742,14.4753556160915,12.7626322132459
988,80.674,13.06,4.949,3.09925606682668,1.93997028872272,1.59757914069253,18.8887148899794,19.8234030407517
988,80.75,13.038,4.938,2.9583936940634,1.69160202695331,1.74887097965451,15.721864091001,12.5508043569117
988,80.826,13.033,4.919,3.04298259378731,1.98858275622411,1.53022678300061,19.0104768219534,20.493855637195
988,80.902,12.955,4.974,2.87342355249087,1.52630539524546,1.88260066526776,13.7781516105971,13.7678596846829
988,80.978,12.908,4.99,2.73657400523997,1.7715344629884,1.54474782309549,15.2302374862514,11.8447465219811
988,81.054,12.85,4.981,2.63201771085575,1.58556627590525,1.65998593111666,13.110615475853,11.0414553541969
988,81.13,12.978,4.942,3.10836946113101,1.77353327395467,1.75264231394987,17.3189615099713,15.5613435654701
988,81.206,13.066,4.913,3.04998193659922,1.67322733567699,1.82281383501615,16.0325310998736,13.1265495086084
988,81.282,13.061,4.908,3.03588257250871,1.61799317446168,1.87632594526783,15.4316202354773,16.5534792441343
988,81.358,12.97,4.964,3.13782541151596,1.80778523495839,1.73572908487008,17.8207297197816,17.9884351435547
988,81.434,12.903,4.955,2.52994086252696,1.58986929707915,1.59128858402064,12.6363505355756,4.70143996103816
988,81.51,13.026,4.909,3.03311146266185,1.7551228362317,1.7281476829132,16.7242156904929,22.4445024139494
988,81.586,13.11,4.885,2.98045881417075,1.76148624373716,1.69201367581924,16.493478302322,15.2844953654524
988,81.662,13.059,4.825,2.98726860415623,1.94760906663062,1.5338132561296,18.2778847608785,19.3964482722539
988,81.738,13.023,4.836,2.98173981334257,1.89405011696582,1.57426658705271,17.7423475906816,22.1476583327017
988,81.814,13.019,4.844,2.97174389513942,1.95826971675756,1.51753554155958,18.2824232875084,15.4713469220551
988,81.89,13.055,4.853,3.03544234407892,1.93702172967554,1.56706674869743,18.4716781817552,12.1045877167702
988,81.966,13.248,4.759,3.14047597546115,1.85581009049843,1.69223995038074,18.3096009806732,24.8074738225401
988,82.042,13.269,4.716,3.00263324394858,1.84869751743675,1.62418849791705,17.4388571162873,8.87005808051395
988,82.118,13.192,4.757,3.07576670027007,1.9847870299822,1.54967089859391,19.1786121604227,29.1011339908764
988,82.194,13.102,4.764,3.14288463969404,1.90772107424823,1.64745500907807,18.8361955481755,14.2897058376227
988,82.27,12.982,4.787,3.03146172326501,1.63391463884923,1.85533665663224,15.5607786680364,16.0543419397774
988,82.346,12.945,4.816,3.21038418033848,2.10967916262947,1.52174047940878,21.2776319658031,30.810426824223
988,82.422,13.037,4.81,3.03599305230564,1.76882373598806,1.71639094983636,16.87078160718,24.2038542589089
988,82.498,13.114,4.798,2.98334536802852,1.82346914598453,1.63608217588883,17.0903841399221,11.2097063254548
988,82.574,12.977,4.869,2.98257595627503,1.87583164512505,1.59000194075316,17.5766151339057,12.6630954251822
988,82.65,13.036,4.832,3.01693171030777,1.87499933024678,1.60903082024605,17.771188334883,17.8672190454126
988,82.726,13.157,4.815,3.05639922681754,1.78394131020757,1.713284629561,17.1293355244959,12.1558256056177
988,82.802,13.144,4.866,3.03599291506219,1.73435134302838,1.75050627848046,16.5419882266004,22.1154491427667
988,82.878,13.19,4.854,3.13052190349237,1.73512537777739,1.80420501226396,17.0646537735911,17.2511647791563
988,82.954,13.19,4.795,2.9693973312428,1.87890174722084,1.58038989299731,17.5275920605356,20.4263345312936
988,83.03,13.106,4.773,2.98666512426369,1.92928942499137,1.54806483961164,18.1023012175796,14.9103769174432
988,83.106,13.021,4.838,3.01109546859646,1.78149772320044,1.69020450005799,16.8523189334637,10.2971333339228
988,83.182,12.946,4.836,2.98173981334257,1.89405011696582,1.57426658705271,17.7423475906816,22.1476583327017
988,83.258,13.049,4.777,3.19300292321488,2.02592601013624,1.57607084722712,20.322295829816,16.5469071204804
988,83.334,13.029,4.83,3.02704330495397,1.89542335361171,1.59702754489438,18.0249776134534,5.86288797613017
988,83.41,12.762,4.867,2.78707351363911,1.85820147186449,1.49987692714645,16.2701327543701,23.6070127873514
988,83.486,12.805,4.841,3.11489277490034,2.4633006998082,1.26451990824461,24.1051814137159,20.6485789609791
988,83.562,12.978,4.846,3.18849404185308,1.86212469873162,1.71228814269254,18.6528089915028,13.354215573236
988,83.638,12.949,4.834,3.09084970368849,2.11616646680842,1.46058911345953,20.5483799931797,17.5675300159781
988,83.714,12.872,4.864,2.9603471515437,1.93762080219453,1.52782585126607,18.020270407927,17.1132708192907
988,83.79,12.886,4.913,3.04369769859749,1.67126053810261,1.82119880725061,15.9806907493995,10.0922238438066
988,83.866,12.881,4.896,3.08635663442227,1.84510920262245,1.67272301825585,17.8903178189675,16.452621461494
988,83.942,12.773,4.831,3.08259734619737,2.01900608251493,1.52678952921112,19.5525902966247,22.4702866859703
988,84.018,12.708,4.841,3.16370945454435,2.17500758927354,1.45457398408483,21.6175883080091,26.8197395415943
988,84.094,12.738,4.815,3.08926873100562,1.83028247202011,1.68786445711625,17.763301283249,15.647538121789
988,84.17,12.667,4.783,3.11574658948878,2.42221390728296,1.28632181498114,23.7096145869361,26.4709415077952
988,84.246,12.644,4.876,3.02193198239629,2.53823153208088,1.1905659291526,24.0971561941784,20.3316384766858
988,84.322,12.71,4.855,3.06606882223754,1.81134730348603,1.69270068547138,17.4475117943898,8.32015572649578
988,84.398,12.539,4.877,2.80655442322036,2.35365081866954,1.19242599665095,20.7522587345563,2.14023776556571
988,84.474,12.469,4.951,2.89421553370781,2.01650787253608,1.43526121227975,18.334989461082,-3.63708456724834e-16
988,84.55,12.601,4.906,2.95106675764061,2.09033479622831,1.41176751349371,19.3795976727126,10.8795646217447
988,84.626,12.57,4.903,2.97442312657795,1.86684867589176,1.593285607446,17.4446290122064,3.76496338884378
988,84.702,12.575,4.938,2.98491760108536,2.05073462126468,1.45553577246605,19.2305490085647,10.2376388743199
988,84.778,12.595,4.978,2.42776025849223,1.90934479273936,1.27151485039488,14.5626372562466,9.67879526051817
988,84.854,12.523,5.034,2.83595249996618,2.07086736421187,1.36945153947389,18.4502013086833,9.17720818575188
988,84.93,12.454,5.06,2.98722505813125,2.12530018048786,1.40555441793899,19.9451862187481,11.067243075417
988,85.006,12.493,5.01,2.95322825363198,1.7488791480188,1.68864055413863,16.2258212399184,2.13792055631447
988,85.082,12.563,5.005,2.9330992099691,2.00132337384564,1.46557984996348,18.4414002250938,5.67535619068916
988,85.158,12.586,5.072,2.89629781863482,1.93426398991601,1.49736428622681,17.5998447356515,5.59125306588583
988,85.234,12.55,5.117,2.90992963990423,2.1600996654793,1.34712748972097,19.7472284542745,9.48163803868366
988,85.31,12.45,5.105,2.45285556889741,1.94933050222703,1.2583066679022,15.0212933545154,-11.8434662436516
988,85.386,12.429,5.13,2.86744502467331,2.16255190418194,1.32595431310955,19.4810119553242,8.99378080234455
988,85.462,12.43,5.17,2.93716276232479,1.86258186077993,1.57693083142928,17.1867300411325,3.17815787855211
988,85.538,12.364,5.084,2.90276963148407,1.72964065530854,1.67825011662105,15.773146187206,-3.01032808841821
988,85.614,12.416,5.115,3.09858721804438,2.01389879668347,1.53860125600512,19.6042955016334,10.5263726063247
988,85.69,12.445,5.151,2.44638412333745,1.75718948184197,1.39221418556014,13.5049542494941,-0.262598301082534
988,85.766,12.575,5.1,2.98913507811214,2.12761684398736,1.40492170221317,19.9796940566049,5.53179077928912
988,85.842,12.669,5.099,3.19806745826741,2.02775813699939,1.57714443350715,20.3729371679972,17.1552395959455
988,85.918,12.75,5.103,3.00017192882059,1.97044521521138,1.52258581241435,18.5720729344318,3.17770891815351
988,85.994,13.009,5.137,3.06813501190621,1.79853145720126,1.70591123086644,17.3357397095348,7.35971885935006
988,86.07,12.899,5.148,3.16595701807367,1.92396811139946,1.64553507894204,19.1360702548775,15.7192809936208
988,86.146,12.723,5.106,2.50707009887743,1.84148260539745,1.36144109725996,14.5038724148491,7.54666596898898
988,86.222,12.639,5.137,3.08716468972921,2.15709334230242,1.43116879978595,20.9208154941219,10.0322661381115
988,86.298,12.652,5.227,2.80900027139421,1.7986686871677,1.56171077610599,15.8727738273422,3.538337278545
988,86.374,13.055,5.152,2.84576112031266,1.67170999661529,1.70230549920409,14.9454588729267,3.83898918616852
988,86.45,12.997,5.162,2.9990238439918,2.04852465785387,1.4639920649692,19.3006078685273,15.9064802195477
988,86.526,12.923,5.222,3.00562460297168,1.89140524794495,1.58909604709902,17.8594960262425,7.24656352527535
988,86.602,12.88,5.232,2.95058394003048,1.8901695206475,1.56101551093667,17.5209884255289,2.15372012641636
988,86.678,12.827,5.297,2.99343572424597,1.71532962334808,1.7451081608462,16.1312268209689,0.917887370272849
988,86.754,12.826,5.281,3.06217861863143,2.03828906731886,1.50232794147269,19.6085810446056,12.9199134390094
988,86.83,12.67,5.282,3.08634756947476,1.9623518234529,1.57277993303164,19.0270552177296,5.25253193495867
988,86.906,12.81,5.269,2.95522644391764,1.97971855425432,1.4927507940798,18.3799400426686,-0.687509022969187
988,86.982,12.712,5.27,3.11883174783915,2.07958713620454,1.49973602622458,20.3760004458288,3.02028259144863
988,87.058,12.563,5.398,2.89677108869663,2.29599212391497,1.26166420978712,20.8946183989768,3.87671090703298
988,87.134,12.811,5.398,3.12958033765706,2.24823417512206,1.39201706489812,22.104338489971,15.5816613671942
988,87.21,12.942,5.377,3.12385436417405,2.00736944853098,1.55619303983138,19.7000787109781,6.97675296884585
988,87.286,12.756,5.415,3.09164724323132,2.20600812029819,1.40146684628405,21.4262868346095,13.1537718947495
988,87.362,12.828,5.412,3.09164724323132,2.20600812029819,1.40146684628405,21.4262868346095,13.1537718947495
988,87.438,12.582,5.517,2.96426093240359,2.16948722179177,1.3663417339492,20.2033505525272,1.27771900566224
988,87.514,12.279,5.507,2.71474849085825,2.28882915929729,1.18608611736304,19.5205859941371,6.904348402692
988,87.59,12.568,5.432,2.99900558609388,1.99086751209293,1.50638129753855,18.7572646942298,-2.38764595503404
988,87.666,12.552,5.512,2.6694573170908,2.3012374503508,1.16000950561789,19.2989769304726,-2.00125532582213
988,87.742,12.355,5.514,3.04839468755944,2.25180376396209,1.35375681324723,21.5651066128839,1.34043811259566
988,87.818,12.53,5.432,2.96159770018196,2.02917515542873,1.45950816136236,18.8797166988216,-6.60983970170813
988,87.894,12.585,5.515,3.0476793874888,2.31115221768237,1.31868397251005,22.1282821580747,4.61820367701089
988,87.97,12.462,5.576,3.07552222977316,2.07549601123975,1.48182517004023,20.0535214187087,-5.28516726327428
988,88.046,12.415,5.521,3.11470089612217,2.1986428721648,1.41664703056364,21.5139875367561,9.09374191716938
988,88.122,12.328,5.516,3.02083183579324,2.37932885839105,1.26961509550891,22.5803617016758,0.519919324709799
988,88.198,12.186,5.602,2.78880716999688,2.37005693543762,1.17668361814352,20.7647706268001,14.1216849138745
988,88.274,12.196,5.639,2.73458643563097,2.4008373847781,1.13901360124135,20.6254899126167,0
988,88.35,12.347,5.646,3.04263170460509,2.35644026775317,1.29119831562978,22.5245277632819,-7.16948570512653
988,88.426,12.334,5.744,3.12635489793839,2.42759591122356,1.28783990922222,23.8432002796383,4.30961067703494
988,88.502,12.255,5.68,2.78153431872705,2.41951945496875,1.14962262982216,21.1428444133761,8.88820282267921
988,88.578,12.209,5.632,2.62795406950273,2.58380849785695,1.01708546576977,21.3318227032331,39.4882720181284
988,88.654,12.066,5.701,2.73458643563097,2.4008373847781,1.13901360124135,20.6254899126167,0
988,88.73,12.097,5.73,2.78153431872705,2.41951945496875,1.14962262982216,21.1428444133761,-8.88820282267921
988,88.806,12.148,5.722,2.8175527512716,1.86657384473214,1.50947831998361,16.5221706894772,12.966693109808
988,88.882,12.175,5.725,2.73458643563097,2.4008373847781,1.13901360124135,20.6254899126167,0
988,88.958,12.105,5.817,2.73458643563097,2.4008373847781,1.13901360124135,20.6254899126167,0
988,89.034,12.068,5.858,2.78153431872705,2.41951945496875,1.14962262982216,21.1428444133761,8.88820282267921
988,89.11,12.193,5.807,2.63377097021475,1.81326989220127,1.45249804319941,15.0034221698243,11.7115450200709
988,89.186,12.204,5.74,2.84433855721583,2.1741082244869,1.30827827482559,19.4272943407657,15.2676334470939
988,89.262,12.27,5.736,2.68270701364339,2.47887001852774,1.08222980373804,20.8918487086353,33.2539013222594
988,89.338,12.205,5.78,2.69636386696487,2.39345297938324,1.12655811089286,20.2746455922581,7.76310264691665
988,89.414,12.134,5.818,2.78153431872705,2.41951945496875,1.14962262982216,21.1428444133761,-8.88820282267921
988,89.49,12.186,5.838,2.76052940819144,2.39701814955188,1.15165144189981,20.7880414056193,16.0067982395865
988,89.566,12.177,5.815,2.85713396520132,2.3984954655138,1.19121924818368,21.5287779530166,9.54532026597197
988,89.642,12.124,5.843,2.78153431872705,2.41951945496875,1.14962262982216,21.1428444133761,8.88820282267921
988,89.718,12.08,5.883,2.69636386696487,2.39345297938324,1.12655811089286,20.2746455922581,7.76310264691665
988,89.794,12.108,5.834,2.78153431872705,2.41951945496875,1.14962262982216,21.1428444133761,8.88820282267921
988,89.87,12.247,5.76,2.69406392014422,1.82629614817636,1.47515172872394,15.4571339875363,4.33613467217292
988,89.946,12.294,5.795,2.73458643563097,2.4008373847781,1.13901360124135,20.6254899126167,0
988,90.022,12.195,5.826,2.8653688969232,2.40429328497823,1.19177178376104,21.6430198899953,12.4768762386046
988,90.098,12.115,5.74,2.68562750176932,2.01925725380619,1.33000760388854,17.0367715529825,5.16555242216985
988,90.174,12.117,5.795,2.73458643563097,2.4008373847781,1.13901360124135,20.6254899126167,0
988,90.25,12.177,5.877,3.01288538867594,2.378921107955,1.26649235176441,22.5171034833394,16.2135580074652
988,90.326,12.226,5.841,2.98940425827631,2.4056653284105,1.24265176164446,22.5927829730858,-8.09938931562331e-16
988,90.402,12.133,5.866,2.97007525525584,2.23906608159748,1.32647949949598,20.8922030150064,14.0281648534405
988,90.478,12.02,5.87,2.69636386696487,2.39345297938324,1.12655811089286,20.2746455922581,7.76310264691665
988,90.554,12.064,5.865,3.0573484728319,2.36764957586271,1.29130108779628,22.7411404080153,14.1058819883952
988,90.63,12.04,5.86,2.6686801584068,1.73737643554658,1.53604026381723,14.56600068824,-3.80015623802228
988,90.706,12.106,5.851,2.98630908811534,2.36834019807435,1.26092910576928,22.2192151869723,10.36220226745
988,90.782,12.065,5.78,2.82254423189532,2.15058528731467,1.31245398568671,19.0698509891838,27.6951633058109
988,90.858,11.971,5.816,2.54418977078174,2.34716421824724,1.08394195472255,18.7604326903047,7.17796570929089
988,90.934,11.938,5.868,2.78177911813933,2.16587514878079,1.28436725436609,18.9280525767161,19.2206011277875
988,91.01,12.01,5.803,2.83053535948628,2.38363748021802,1.18748567388166,21.1962319261997,12.0727709802108
988,91.086,12.184,5.837,2.91804987905539,2.22257555049664,1.31291369528624,20.3750703255677,9.72703666168282
988,91.162,12.12,5.862,2.69636386696487,2.39345297938324,1.12655811089286,20.2746455922581,7.76310264691665
988,91.238,11.994,5.9,2.89871639018361,2.15206799454782,1.34694461212535,19.5979925203561,9.35358193195604
988,91.314,11.92,5.862,2.47599122411427,1.98138045937063,1.24962937451233,15.4122785435591,7.08511037400736
988,91.39,11.934,5.762,2.54374292712165,2.3589015416634,1.07835909307512,18.8509354337741,29.6783879767284
988,91.466,12.068,5.814,3.01288538867594,2.378921107955,1.26649235176441,22.5171034833394,16.2135580074652
988,91.542,12.187,5.948,2.92081399265939,2.49680741264533,1.16981949743766,22.9107242481919,36.1518626717015
988,91.618,12.108,5.992,2.91351892124413,2.66071302273078,1.09501434252909,24.3537448009102,31.8326343789753
988,91.694,11.994,6.029,2.96057852828752,2.6331262819975,1.12435873225253,24.4905278507442,30.7896365417393
988,91.77,11.984,6.059,2.81546921888955,2.52325340466473,1.11580914294403,22.3183212355205,58.5063326739693
988,91.846,11.922,5.975,2.89763634095413,2.51037455016392,1.15426454620683,22.8524241366519,53.4787410006895
988,91.922,12.115,5.937,2.93148930295283,2.6933476082347,1.08841847743308,24.8045066941929,6.47711170434826
988,91.998,12.232,5.995,2.99724663934736,2.19277572786162,1.36687332008653,20.6474569796456,13.6831240758056
988,92.074,12.207,6.035,3.00577653446319,2.68694267489752,1.11866046214694,25.3725994454079,25.2851792324534
988,92.15,12.244,6.093,2.93148930295283,2.6933476082347,1.08841847743308,24.8045066941929,-6.47711170434825
988,92.226,12.186,6.124,3.03973322936508,2.5769463636173,1.1795873101131,24.6088162252558,30.4216873551537
988,92.302,12.287,6.122,2.87118602709504,2.59416388497641,1.1067866774813,23.3996096943035,45
988,92.378,12.529,6.059,2.99544637698581,2.62962912563382,1.13911362928938,24.7460521306212,15.4985903687709
988,92.454,12.621,6.107,3.15926067300563,2.80823170933834,1.125,27.8720089607188,0
988,92.53,12.497,6.246,3.1030459473057,2.6098811173511,1.18896064907935,25.4424426499588,38.9916749071306
988,92.606,12.414,6.169,3.14424340918373,2.57424743591345,1.22142237195937,25.4282411112594,27.8901752589821
988,92.682,12.286,6.216,2.66031050962088,2.33910809083403,1.1373183308824,19.5493577399981,81.4560920196668
988,92.758,12.424,6.316,3.23149690382699,2.91315306701717,1.10927810159175,29.5744666598404,48.5887839847479
988,92.834,12.493,6.152,2.85673922414824,2.05337946503688,1.39123784609239,18.4284871895069,4.9181291095465
988,92.91,12.415,6.146,3.13760826268763,2.72960816539315,1.14947203868571,26.9059853475368,13.2033879728319
988,92.986,12.498,6.261,2.87488234249937,2.57763297235347,1.11531873363433,23.2804315521147,14.0610405964421
988,93.062,12.325,6.251,2.7839964531018,2.30171310046416,1.20953234898841,20.1312035405971,31.4375458200687
988,93.138,12.345,6.286,3.21864368847496,2.72698839553293,1.18029240379145,27.5743995672148,30.7016528183841
988,93.214,12.503,6.307,3.25971733441904,2.48966497714566,1.30929959024295,25.4959221662747,31.3042539191994
988,93.29,12.465,6.37,3.14524180484492,2.66879075392742,1.17852694154323,26.3705043794633,23.8053161050067
988,93.366,12.27,6.296,2.65770366215377,2.26489453268236,1.17343373998356,18.9105609193249,47.6566123192076
988,93.442,12.219,6.285,3.02210530768955,2.56953573152307,1.17612892890119,24.3957473820028,57.561952225217
988,93.518,12.306,6.392,2.86339298328572,2.30548643012955,1.24199082062037,20.7392668391133,10.8352239663382
988,93.594,12.271,6.447,2.53399202785686,2.42668378241264,1.04422011892193,19.3182732477641,45.1273231161365
988,93.67,12.347,6.51,3.22072435366781,2.55777297179568,1.25919086220022,25.8800686343091,34.5579730510275
988,93.746,12.312,6.558,2.87002884940258,2.62119147791502,1.09493292404776,23.6338721728567,15.3932915576268
988,93.822,12.199,6.643,2.93755321313552,2.61541849000704,1.12316756356938,24.1366395531245,19.7026355463326
988,93.898,12.131,6.441,2.69942633421622,2.34070513125956,1.15325347826432,19.8503450449189,14.8487966872038
988,93.974,12.131,6.446,2.94651393516077,2.31566435361667,1.2724270382963,21.4355179755457,3.3278187676723
988,94.05,12.147,6.629,2.65102894725138,2.52402803052726,1.05031676161599,21.0212489873411,45.3757609539749
988,94.126,12.18,6.581,2.86927961147549,2.63575028777437,1.08860070120615,23.7589370921548,20.7897191890282
988,94.202,12.203,6.587,2.89303633894357,2.48816982219154,1.16271659319275,22.614332842011,-9.56014462680583
988,94.278,12.148,6.627,2.94202985073833,2.8479997457622,1.03301619149231,26.3230915237412,54.8686855915434
988,94.354,12.099,6.603,2.98390013174236,2.64973319057293,1.12611342997035,24.8391255176645,5.78030256618402
988,94.43,12.034,6.499,2.91896529233714,2.38074737563136,1.22607099023392,21.8319293899598,7.70773795482094
988,94.506,12.084,6.525,2.98751489861113,2.54417086799763,1.17425874818008,23.8784552496328,29.9519956880601
988,94.582,12.186,6.591,2.80310612498519,2.56599030208061,1.09240713915104,22.5966689839527,40.4888403069721
988,94.658,12.236,6.557,2.78539261065094,2.58641561697467,1.07693156210873,22.6326082232765,50.4400937645342
988,94.734,12.243,6.594,2.62805973603306,2.1572138584771,1.218265739257,17.8105900242218,-90
988,94.81,12.317,6.571,2.93723434308804,2.7047605796135,1.08594984902795,24.9584320472044,11.9059644352145
988,94.886,12.205,6.491,2.67884907071418,2.32566279787084,1.15186478158686,19.5724352126268,35.3368805361924
988,94.962,12.032,6.469,3.02865216961941,2.42728291604523,1.24775408321746,23.0950906303798,52.4265271113723
988,95.038,12.171,6.467,2.91596888463449,2.30817045611392,1.26332475875455,21.1446565834106,15.0310773319324
988,95.114,12.239,6.536,2.81240004375084,2.38910221543231,1.17717861780222,21.1087103066836,65.5917659791315
988,95.19,12.157,6.571,2.72958527595792,2.62633261422687,1.0393143888827,22.5214457505806,-59.0698981214156
988,95.266,12.236,6.568,2.68728208921884,2.56458650182531,1.04784224954245,21.6511257480337,26.0367688374807
988,95.342,12.282,6.61,2.7741881850157,2.33435520505415,1.18841733212206,20.344767506693,69.4853273956877
988,95.418,12.271,6.656,2.8367809336555,2.47534584362665,1.14601397657602,22.0603072609218,36.8220914494914
988,95.494,12.3,6.577,2.70172930106931,2.32972877655397,1.15967546448286,19.7741156412777,51.6121126390589
988,95.57,12.241,6.535,2.69942633421622,2.34070513125956,1.15325347826432,19.8503450449189,14.8487966872038
988,95.646,12.212,6.592,2.6702899659058,2.60476510951767,1.02515576400678,21.851279012649,38.8419717110312
988,95.722,12.254,6.553,2.83531055549407,2.52263708112043,1.12394706979997,22.4701143578422,-5.55177885352809
988,95.798,12.332,6.471,3.04263170460509,2.35644026775317,1.29119831562978,22.5245277632819,7.16948570512653
988,95.874,12.273,6.499,2.72164706093312,2.28691958630097,1.19009303048355,19.5538632031448,17.2558024071402
988,95.95,12.264,6.56,2.6702899659058,2.60476510951767,1.02515576400678,21.851279012649,38.8419717110312
988,96.026,12.386,6.568,2.9035345103741,2.52522818918305,1.14981074693033,23.0344312637181,73.2533593750948
988,96.102,12.332,6.578,2.61067804663465,2.39951566339359,1.08800208578026,19.6800763560344,13.097104943125
988,96.178,12.244,6.444,2.7481118314834,2.23917269497635,1.22728891686151,19.3317808930573,16.8413308108026
988,96.254,12.294,6.539,2.73888299809564,2.54827954318706,1.07479691755882,21.9265559072207,-15.0519967728468
988,96.33,12.344,6.665,3.02802399575703,2.43300697651821,1.24456034239997,23.1447524142798,-3.35364908511918
988,96.406,12.384,6.565,2.72064303159309,2.05467029690544,1.32412632610238,17.5615796685292,2.0574715408105e-15
988,96.482,12.43,6.568,3.18154020086458,2.35832891403523,1.3490655107225,23.5717411633646,28.5786920066496
988,96.558,12.388,6.625,2.78153431872705,2.41951945496875,1.14962262982216,21.1428444133761,81.1117971773208
988,96.634,12.321,6.631,2.8946589897027,2.50586494980609,1.15515362866091,22.7879334534677,45
988,96.71,12.405,6.57,2.76912019834491,2.6805521117844,1.03304098665761,23.3193228286112,-33.6174954462443
988,96.786,12.433,6.54,2.60683514093757,2.47327238875528,1.05400244339828,20.2551464970685,59.8338465170282
988,96.862,12.587,6.562,2.72639923628591,2.31563226502998,1.17738868880833,19.833936402627,59.2110927843334
988,96.938,12.563,6.601,2.78920049468956,2.41614651921128,1.15440039439333,21.1715606681956,56.9856376615771
988,97.014,12.622,6.621,3.16801484129012,2.62790038513931,1.20553079530912,26.1544733070163,20.4562804272511
988,97.09,12.758,6.614,2.73575028254333,2.37906534209285,1.14992650018461,20.4471458924828,28.1595513665735
988,97.166,12.656,6.659,3.05741971458069,2.63854580566913,1.15875180488115,25.3436739298102,20.1144631135699
988,97.242,12.566,6.628,2.53254553814892,2.25586262805244,1.1226506023265,17.9481539258646,15.8492660692157
988,97.318,12.582,6.613,2.70732373625479,2.48797894059001,1.08816183774159,21.161028084664,53.0435917115764
988,97.394,12.718,6.739,2.91959816838493,2.42843156553705,1.20225671985912,22.274031246068,33.4632716974927
988,97.47,12.571,6.754,2.52812914731571,2.22528956733166,1.13608996529256,17.6740329489496,45
988,97.546,12.532,6.709,2.9822403892674,2.40501271793403,1.24001023654845,22.5325268722046,6.73526640820702
988,97.622,12.506,6.769,2.75558102739097,2.31720493958884,1.18918313193304,20.0598418247708,64.07465662146
988,97.698,12.494,6.72,2.711395209428,2.36199988504833,1.14792351455704,20.1197494987376,28.9603006720939
988,97.774,12.674,6.518,2.7481118314834,2.23917269497635,1.22728891686151,19.3317808930573,16.8413308108026
988,97.85,12.701,6.416,2.72902993287126,2.36372292250008,1.15454730624045,20.2653793944435,6.97487076664285
988,97.926,12.621,6.462,2.66685444395687,2.32944910428565,1.14484340484215,19.5165213692062,-7.58519338159068
988,98.002,12.545,6.482,2.79933267852028,2.277640926935,1.22904916460529,20.0304010445437,21.5546198218421
988,98.078,12.657,6.428,3.01908520796223,2.85949939931355,1.05580900233341,27.1215966369946,5.75333976660908
988,98.154,12.667,6.377,2.67755122619713,2.18205598461156,1.22707723590959,18.3549645512864,4.1838317958185
988,98.23,12.684,6.336,2.86871205857052,2.27357935930642,1.26176024902234,20.4902354820154,11.8405100113425
988,98.306,12.767,6.305,2.69942633421622,2.34070513125956,1.15325347826432,19.8503450449189,-14.8487966872038
988,98.382,12.757,6.326,2.66777604941291,2.44196526992792,1.09247092178819,20.4662712136133,-59.5554277699765
988,98.458,12.636,6.391,2.78104572834962,2.32663374079249,1.19530877576045,20.327596179432,10.7921174061497
988,98.534,12.701,6.409,2.83501553166243,2.35102076805307,1.20586579675779,20.9392817565299,13.3673562282213
988,98.61,12.862,6.402,2.69942633421622,2.34070513125956,1.15325347826432,19.8503450449189,14.8487966872038
988,98.686,12.756,6.342,2.95176469911639,2.28949094221704,1.28926681677894,21.2310042367987,12.2286549085612
988,98.762,12.843,6.304,2.72570833557848,2.59118305507611,1.05191654840396,22.1884696605138,8.43342847887189
988,98.838,12.716,6.247,2.92143782820095,2.13586260122873,1.36780232329565,19.6028777927006,2.19117816627655
988,98.914,12.58,6.275,2.978322516506,2.57614171446528,1.15611749919752,24.104123707525,48.1635587414589
988,98.99,12.644,6.295,2.87646505034575,2.25028237140126,1.27826849061372,20.3350850089761,3.37448103376091
988,99.066,12.7,6.269,2.74457707609309,2.49300332175334,1.10091192103299,21.4955301877035,-25.5001082319383
988,99.142,12.652,6.315,2.79171370228826,2.29440332292587,1.21674932841721,20.1228974443146,11.6979349202855
988,99.218,12.608,6.339,2.69942633421622,2.34070513125956,1.15325347826432,19.8503450449189,14.8487966872038
988,99.294,12.738,6.374,2.91842096903323,2.27819310839369,1.2810244040686,20.8875904507854,15.8572449163496
988,99.37,12.703,6.293,2.91545590199617,2.31221287223061,1.26089424421533,21.1779619723276,5.32482570530023
988,99.446,12.613,6.261,2.73451979758804,2.39160223180454,1.14338402984545,20.5456504327646,-34.1299872203938
988,99.522,12.624,6.285,2.975566343756,2.3724087245095,1.25423849314633,22.1773179555208,13.0583795864629
988,99.598,12.694,6.266,2.91122252331463,2.4559946207928,1.18535378647323,22.4622205201104,41.8860052102505
988,99.674,12.687,6.222,2.93037430216401,1.95223905079452,1.50103252005506,17.9723954374014,3.21088964580353
988,99.75,12.647,6.174,3.0922755198056,2.3699465579183,1.30478702546009,23.0232488602847,11.1853632525786
988,99.826,12.619,6.227,3.11883174783915,2.07958713620454,1.49973602622458,20.3760004458288,3.02028259144863
988,99.902,12.683,6.228,2.95197928168623,2.0057247952446,1.47177683034339,18.6009241224375,-1.82898614493579
988,99.978,12.635,6.18,2.9673188124982,2.21036268158307,1.34245788585835,20.6052373871868,15.5148720895617
988,100.054,12.56,6.141,2.62889409161904,2.02652091466753,1.29724498404712,16.7368626937205,1.96776169711682
988,100.13,12.726,6.157,3.16682983314414,2.52370852226325,1.25483184971937,25.1080968118242,27.0286113632537
988,100.206,12.731,6.124,2.6278951176091,1.98330854154042,1.32500569758452,16.3737510496836,6.057068518887
988,100.282,12.646,6.097,2.84005738469044,2.20614040149746,1.28734208519217,19.6838540393906,9.81321309892599
988,100.358,12.606,6.135,2.61228068404562,1.98981299191137,1.31282723284278,16.3298416708045,-2.88394444895707
988,100.434,12.651,6.128,2.90054271268695,2.44105859353983,1.18823149938438,22.2437160203237,10.3404728448733
988,100.51,12.787,6.093,2.89369955911779,1.96507137071729,1.4725671556965,17.8641204872799,3.64790756340765
988,100.586,12.915,6.106,2.94869449761825,2.11829721101886,1.39201169801851,19.6230516285154,3.8668937517139
988,100.662,12.884,6.124,2.82760258450848,2.30252056869878,1.22804661245934,20.4536943196838,7.64818135067108
988,100.738,12.881,6.131,2.89393327560295,2.04016643567305,1.41847901475167,18.5482945777986,-11.972381620074
988,100.814,13.01,6.092,2.99255588712924,2.57661928291216,1.16142726516701,24.2238068581929,-12.0102563757907
988,100.89,12.91,6.047,2.63706538033341,1.84837811243091,1.42669152085189,15.3130460021062,0.628700392502071
988,100.966,12.919,6.096,2.71213970672756,2.67385542492745,1.01431800741476,22.7824198454441,-21.0063311018639
988,101.042,13.126,6.038,2.9523803247638,1.69256896559449,1.74431907046507,15.6988756216063,-3.9310696763339
988,101.118,13.133,5.974,3.0290199575,2.01038795592625,1.50668429373098,19.1307449285512,1.17268982379113e-15
988,101.194,13.125,5.96,3.15506585162743,2.41182434791351,1.30816568559684,23.9058382114837,36.5465434414286
988,101.27,13.218,5.966,2.81389473632433,1.68909673934674,1.66591686004474,14.9318027189581,0
988,101.346,13.342,5.944,3.0246602111233,1.69042814807398,1.78928646838347,16.0628713752548,-2.09366515351862
988,101.422,13.233,5.961,3.22662019396724,2.04593079769534,1.57709156028244,20.7390405194378,24.0584290471645
988,101.498,13.115,5.99,2.99056733813722,1.75619341631804,1.70286900653979,16.4996907047363,-2.45065929365725
988,101.574,13.015,5.99,3.09495312251564,1.70059121920343,1.81992773311233,16.5349878607206,-4.3334870627332
988,101.65,13.032,5.978,3.07366378463178,2.25216080073701,1.36476213582349,21.7473141452971,-11.4020829370148
988,101.726,13.273,5.857,3.03518146070955,2.18612129036233,1.38838657950515,20.84533060195,9.36047433735855
988,101.802,13.304,5.803,3.07057248262578,2.3769241576381,1.29182602345922,22.9289702535908,3.57795802586207
988,101.878,12.995,5.884,2.89710713179779,1.75575655873844,1.65006197321538,15.9800718381863,2.7962646370456
988,101.954,12.996,5.977,2.99997847638625,2.07674392989833,1.44455868304048,19.5727099945099,0.340533838435597
988,102.03,13.202,5.968,2.70022616336731,1.71022961421364,1.57886762159061,14.5078960789764,0
988,102.106,13.05,5.989,3.06003865278622,2.69848278134096,1.13398487251625,25.9415807462969,13.5599830797054
988,102.182,12.893,6.002,2.6833480017343,1.68086454422338,1.59640942570664,14.169665196398,-2.89048360244132
988,102.258,12.973,5.96,3.01796205977536,2.68272860157773,1.12495988524537,25.4355063655201,-8.57096842062439
988,102.334,13.055,6.052,2.93851131386603,2.10665196354258,1.39487270072109,19.4477799714761,-1.91065125050972
988,102.41,13.123,6.071,2.91896529233714,2.38074737563136,1.22607099023392,21.8319293899598,7.70773795482094
988,102.486,13.172,5.987,3.0246602111233,1.69042814807398,1.78928646838347,16.0628713752548,-2.09366515351862
988,102.562,13.042,5.999,3.1090853161555,1.73173569545264,1.79535787379081,16.9146930582149,-2.36546931188962
988,102.638,13.063,6.02,2.92747388677698,2.35525280030615,1.24295527274034,21.6610962113615,-9.31567665786137
988,102.714,12.962,5.986,3.02915276649768,1.81821771481141,1.66600112946972,17.302821746906,-4.11242634301723
988,102.79,12.972,6.029,3.01815824342347,2.61144912416623,1.15574077836461,24.7613003663745,-30.2676908661648
988,102.866,13.009,6.017,2.9176728324647,1.7685669795246,1.64973838494315,16.2109317131723,-3.75665505742814
988,102.942,12.982,5.958,3.11929552954421,2.41750914313541,1.29029316741223,23.6905160352463,10.0852106840485
988,103.018,13.104,5.975,2.94074014207538,2.23429882172072,1.31618032175777,20.641810134141,-1.22423687842555
988,103.094,13.221,5.953,2.94513775098963,2.62623881847242,1.12142800200581,24.2990727687659,5.35337103901067
988,103.17,13.379,6.015,3.02234639860137,2.10462189759316,1.43605195881394,19.9833454400958,-3.03783932243097
988,103.246,13.43,6.084,2.99449648722068,1.67093240121523,1.79211109021697,15.7192767897041,0
988,103.322,13.477,6.11,3.03143338269242,2.13722041382688,1.4183999755385,20.353880259018,0.0634269585543302
988,103.398,13.467,6.114,3.06496620456881,2.08935251220925,1.46694547074202,20.1181148224054,5.7838805652654
988,103.474,13.425,6.133,3.00044892368187,2.38188831760134,1.25969337080567,22.4521277820157,12.6126403656412
988,103.55,13.154,6.159,2.81389473632433,1.68909673934674,1.66591686004474,14.9318027189581,0
988,103.626,13.097,6.102,3.04472507708262,2.0225201276751,1.50541150884988,19.3459833292174,-12.6695092603656
988,103.702,13.303,6.124,3.042959969415,2.32137642190055,1.31084297260316,22.1917566258327,9.75141590877918
988,103.778,13.134,6.117,2.95880104906359,1.90661302604187,1.55186239087334,17.7226308904328,-5.99315366748203
988,103.854,13.066,6.139,2.68889738144742,2.52517626540504,1.06483551991414,21.331225143979,-1.77336156773264
988,103.93,12.972,6.147,2.87760791739701,1.83260033306415,1.57023212616445,16.5672052824803,-7.63000865669747
988,104.006,12.959,6.185,3.04408229327242,2.58240359002337,1.17877867930197,24.6962139213431,-15.8128540393485
988,104.082,13.148,6.221,2.90769707362697,1.65477090034342,1.7571599023306,15.1160008321999,0.194880597659026
988,104.158,13.262,6.189,3.11883174783915,2.07958713620454,1.49973602622458,20.3760004458288,3.02028259144863
988,104.234,13.153,6.199,2.6833480017343,1.68086454422338,1.59640942570664,14.169665196398,-2.89048360244132
988,104.31,12.959,6.218,2.99830776370141,2.02766787773406,1.4786976686991,19.0995398003682,-5.13316227210667
988,104.386,13.035,6.193,2.98976269794856,2.26715350683644,1.31872971500745,21.2945034994896,-3.3931421579913
988,104.462,12.978,6.213,3.00769441759322,1.98734620798224,1.51342247541607,18.778336316334,-7.1138326325386
988,104.538,12.907,6.285,2.37379686859119,2.04683300084138,1.15974135047432,15.2642628420311,0
988,104.614,13.038,6.18,2.98311354218382,2.26925603557284,1.31457777149011,21.2668493949668,1.8169319243714
988,104.69,13.235,6.189,3.06839920116958,2.16785619246426,1.41540717130395,20.8973974668418,5.29184937694932
988,104.766,13.146,6.257,2.95475677700262,2.21168877665301,1.3359731297611,20.5303155355433,0.293814208119985
988,104.842,12.878,6.292,2.73541481154494,2.12119861294834,1.28956090902911,18.2286455932984,-12.6039833650675
988,104.918,12.833,6.275,3.042959969415,2.32137642190055,1.31084297260316,22.1917566258327,-9.75141590877918
988,104.994,12.952,6.178,2.98088736965717,2.04626654238518,1.45674442107751,19.1627415795251,-8.00142905173405
988,105.07,13.111,6.125,2.8510137939446,2.28432981553322,1.24807450069512,20.4601116606343,-7.93841375218466
988,105.146,13.109,6.041,2.81389473632433,1.68909673934674,1.66591686004474,14.9318027189581,0
988,105.222,13.168,5.994,3.08863983970789,2.01698526585375,1.53131502346425,19.5713087108538,-0.903012648800621
988,105.298,13.286,5.978,3.05746387082399,1.9465625573603,1.57069900438759,18.6973290801012,2.94875977179282
988,105.374,13.257,5.916,3.04600251966192,2.21347023707879,1.37612083896003,21.1813588329636,6.50306136925728
988,105.45,13.086,5.912,3.03404980059247,1.98074129583395,1.53177490012145,18.8799280025513,-1.90525997711293
988,105.526,12.937,5.834,2.98721083742473,1.9369260501845,1.54224310068017,18.1772754775848,-5.76233431600661
988,105.602,13.042,5.811,3.15926067300563,2.45720274567105,1.28571428571429,24.388007840629,0
988,105.678,12.934,5.786,2.62675332214236,1.9600888752074,1.34011949935914,16.1750237366881,-4.13498079349059
988,105.754,12.767,5.783,3.12635489793839,2.42759591122356,1.28783990922222,23.8432002796383,-4.30961067703494
988,105.83,12.828,5.822,2.95260017165307,2.22951356752398,1.32432482791846,20.6806713454487,11.1712418351077
988,105.906,12.938,5.766,3.15926067300563,2.45720274567105,1.28571428571429,24.388007840629,0
988,105.982,12.973,5.78,3.07057248262578,2.3769241576381,1.29182602345922,22.9289702535908,-3.57795802586207
988,106.058,12.845,5.737,3.15926067300563,2.45720274567105,1.28571428571429,24.388007840629,0
988,106.134,12.824,5.721,2.67538830893307,2.20456303090167,1.21356852647522,18.529308749697,19.7592425129264
988,106.21,12.848,5.753,3.15926067300563,2.45720274567105,1.28571428571429,24.388007840629,0
988,106.286,12.863,5.794,3.0032538096941,2.34784558695375,1.27915303560943,22.1519233603728,3.59991678923441
988,106.362,12.64,5.832,2.92967162005804,2.22031304185674,1.3194858404327,20.4353945281379,-11.4959114207893
988,106.438,12.487,5.843,3.15047198684044,1.75077460104373,1.79947320743759,17.3282909996557,7.45132711951556
988,106.514,12.567,5.84,2.85099939246612,2.00894276342184,1.41915411647169,17.9934549525988,-8.91518015321182
988,106.59,12.618,5.794,2.8651817474887,2.21413150005955,1.29404317106353,19.9299155818474,0.738842216660461
988,106.666,12.671,5.754,2.92967162005804,2.22031304185674,1.3194858404327,20.4353945281379,-11.4959114207893
988,106.742,12.586,5.646,2.44009785759055,2.2633379854748,1.07809698474118,17.3502816251568,-64.6128370486684
988,106.818,12.603,5.567,2.73524745538886,2.01339605120884,1.35852429716777,17.3011793374811,-12.2452100449085
988,106.894,12.763,5.596,2.77151636487023,2.07445228868883,1.33602319030532,18.0622051522582,-4.79089078500361
988,106.97,12.809,5.569,2.72064303159309,2.05467029690544,1.32412632610238,17.5615796685292,2.0574715408105e-15
988,107.046,12.719,5.528,2.67918284550882,2.00044229734688,1.33929523938887,16.837525063194,-7.81183618089117
988,107.122,12.836,5.503,3.02922481341936,1.9927535736101,1.52012012600814,18.9642195678597,-11.5352061249123
988,107.198,12.904,5.503,3.10990087653207,2.04539124252287,1.52044303890546,19.9835578286126,-5.42766900859527
988,107.274,12.734,5.497,2.66062769073583,2.01219137546857,1.32225379910311,16.8191197477929,-8.16909673536832
988,107.35,12.75,5.52,3.06662380674417,2.033983703256,1.50769340080509,19.5955674569688,-7.95570884066266
988,107.426,12.827,5.54,2.68312102808892,2.04841532777091,1.30985205573945,17.2666526512731,-3.6178029047595
988,107.502,12.664,5.512,3.01548436022751,2.01836390868692,1.4940241188663,19.1208161105585,-5.00809650823322
988,107.578,12.625,5.534,3.06662380674417,2.033983703256,1.50769340080509,19.5955674569688,-7.95570884066266
988,107.654,12.765,5.533,2.67918284550882,2.00044229734688,1.33929523938887,16.837525063194,-7.81183618089117
988,107.73,12.684,5.516,2.68312102808892,2.04841532777091,1.30985205573945,17.2666526512731,-3.6178029047595
988,107.806,12.588,5.47,2.9504613606222,1.92379826207796,1.53366463562312,17.8319703039818,-12.7368322984944
988,107.882,12.668,5.46,2.94738935330913,1.98943297337597,1.48152231955196,18.4211481306767,1.65739313025104e-15
988,107.958,12.692,5.56,3.11883174783915,2.07958713620454,1.49973602622458,20.3760004458288,-3.02028259144863
988,108.034,12.632,5.56,2.74440148928267,2.03127302173082,1.35107465117821,17.5132125891906,9.64502310959437
988,108.11,12.584,5.527,2.33524717221763,1.98325170145301,1.17748401300084,14.5499185813531,-16.5345867218689
988,108.186,12.473,5.533,2.55061255651105,1.92678609431219,1.32376529187147,15.4393093622796,-13.096007485765
988,108.262,12.423,5.543,2.89717057714654,2.12229530563793,1.36511190004998,19.3165584306113,-1.35718046476251
988,108.338,12.388,5.449,2.58750817284727,2.02705696045411,1.27648518188044,16.4777365694934,-5.52640774025511
988,108.414,12.483,5.398,2.62506745795565,1.98534658178341,1.32222125952316,16.3729401153249,-14.3715096783208
988,108.49,12.426,5.428,2.42462413228184,1.97106341938009,1.23010964966535,15.0139475408172,-22.1048817487854
988,108.566,12.318,5.433,2.86445569983444,2.17930183102471,1.31439145282945,19.6114347134477,-2.81515075676225
988,108.642,12.285,5.449,2.31690278822033,2.02952707215339,1.1415973800054,14.7724501699134,-47.2569942290006
988,108.718,12.245,5.38,2.69985251787558,2.27168591274019,1.18847966734051,19.2680692543518,-21.8615618933423
988,108.794,12.369,5.368,2.64999063122626,2.1289584866277,1.24473569957856,17.7239862433162,-25.8841872931438
988,108.87,12.314,5.411,2.76802634606534,1.64731431394399,1.68032677348511,14.3250637795607,-6.21421346504533
988,108.946,12.15,5.371,2.46436490910191,2.10066207588775,1.17313723962977,16.2633902696629,-32.6432691194087
988,109.022,12.027,5.261,2.88232948781631,1.95381712610577,1.47522992264951,17.6920195093267,-2.53999298380914
988,109.098,11.943,5.192,2.33524717221763,1.98325170145301,1.17748401300084,14.5499185813531,-16.5345867218689
988,109.174,12.05,5.195,2.80888572134581,1.92018508965264,1.46282029606528,16.9444328146069,-2.29318820633649
988,109.25,12.132,5.194,2.57938249392756,1.94797685615261,1.32413405517662,15.7851754514307,-8.64894876089039
988,109.326,12.028,5.13,2.60587205858039,1.95015704996429,1.33623702697591,15.9651333085246,1.35092065261625
988,109.402,11.915,5.063,2.15447831862554,2.07715838102232,1.03722390083955,14.0592324979814,-86.0151948028393
988,109.478,11.906,5.078,2.49783346452386,2.1386933306503,1.16792502633576,16.7827013973666,-2.63171420061044
988,109.554,11.846,5.082,2.49470724853752,2.32813443905557,1.07154776231458,18.2464136766655,42.7778287153045
988,109.63,11.796,5.064,2.59413908197889,2.12277606371244,1.2220502795015,17.3000481235011,24.7306041982097
988,109.706,11.815,5.105,2.47712638060044,2.27429733637395,1.08918316922882,17.6988594253347,-7.24011913133965
988,109.782,11.704,5.122,2.55103253462118,1.83670674686268,1.38891662426713,14.7199281931807,7.11119299764202
988,109.858,11.637,5.097,2.3976588037568,2.16396114326099,1.10799531277333,16.2999665148055,52.2995875762561
988,109.934,11.648,5.031,2.31514187474798,1.66413844569948,1.39119547458977,12.1036661701181,5.9838058905379
988,110.01,11.624,4.93,2.61267836246692,2.06658233752825,1.26425079466799,16.9624482049509,23.8317949295605
988,110.086,11.572,4.913,2.80943528794004,2.2938794349025,1.22475281184926,20.2460121737281,49.5238581062117
988,110.162,11.471,4.915,2.62407121182719,2.24622815892029,1.16821223231772,18.5173722302015,28.4126739058944
988,110.238,11.358,4.865,2.71333457669259,2.13217298590369,1.27256774878544,18.1750518512075,71.3444147608114
988,110.314,11.347,4.873,2.63499762161884,2.08769386579378,1.26215709342853,17.2821159813382,80.0402531299395
988,110.39,11.365,4.89,2.34899132280842,2.10970273546711,1.11342289286473,15.5687072077179,56.4168270889588
988,110.466,11.393,4.909,2.52255245429597,2.22690723366751,1.1327604563669,17.6478662825254,78.7339353268608
988,110.542,11.369,4.921,2.25461999763398,2.00659575854105,1.12360448687146,14.2129136440392,13.3610845043008
988,110.618,11.303,4.878,2.38097080239143,2.11946401624657,1.12338345173133,15.8536764280347,52.513025669882
988,110.694,11.318,4.792,2.62492493352853,2.07234532777185,1.26664455887321,17.089481533127,69.5647334125903
988,110.77,11.316,4.739,2.4472195555602,2.14423761237428,1.14130054497572,16.4852568033033,61.9455202090773
988,110.846,11.297,4.796,2.60823616332786,2.07227559008136,1.25863383027421,16.9802584495003,-88.7153794899259
988,110.922,11.266,4.821,2.29948259584994,2.20019046794547,1.04512887831806,15.8942587340009,56.3099324740201
988,110.998,11.17,4.811,2.57667305540615,2.23018493727153,1.15536295324393,18.053028466487,73.14884293054
988,111.074,11.102,4.867,2.43031419417909,2.29014283077989,1.0612063848225,17.485371551194,-28.1633575342969
988,111.15,11.102,4.895,2.40269481475438,2.30268834566814,1.04343031017392,17.3813556797216,87.507427555271
988,111.226,11.09,4.883,2.61756715694988,1.90252199151885,1.37584068337637,15.6450656939358,88.3149383130644
988,111.302,10.994,4.847,2.32976492801602,1.89085675856768,1.23212132143781,13.8395065664705,-54.8815087615689
988,111.378,10.947,4.78,2.59990968077784,2.09947395891051,1.23836243347692,17.1482033930945,-70.2338814130602
988,111.454,10.955,4.721,2.54682779882679,2.08945005696082,1.21889862375138,16.7178894539752,67.9231932607277
988,111.53,10.972,4.727,2.60718117483772,2.08273828221145,1.25180451000757,17.0590870003963,72.8105664999079
988,111.606,10.901,4.747,2.58635214659326,2.39061989088632,1.08187510547081,19.4244198966298,56.7266183729605
988,111.682,10.805,4.755,2.44643336113539,2.0609133699327,1.18706268629587,15.8395558587902,90
988,111.758,10.81,4.767,2.50215319872672,2.27633223621351,1.09920386792433,17.8936697646824,-70.8754734668021
988,111.834,10.818,4.781,2.6082920714581,2.39172851521272,1.09054688057943,19.5982807763238,-29.9176030066014
988,111.91,10.786,4.831,2.51804140283385,2.20729313001094,1.14078251257067,17.4611462942407,89.5091750987627
988,111.986,10.699,4.772,2.27202397049385,2.06764464117568,1.09884644839258,14.7583797774407,-65.8115543234025
988,112.062,10.69,4.786,2.61384847679152,2.22259441152731,1.17603484613972,18.2511611145549,-85.9445672804385
988,112.138,10.628,4.848,2.28295222857701,1.84901408194544,1.23468623136445,13.2613248983738,-83.384157263828
988,112.214,10.566,4.806,2.56486657227676,2.01566883994196,1.27246426667518,16.2417878072499,-60.5817419266352
988,112.29,10.565,4.752,2.64800553231799,1.99230443727503,1.32911691746257,16.5738904160829,-53.0369042023176
988,112.366,10.556,4.761,2.59758949220364,2.13022986136599,1.21939399090855,17.3838857793682,-54.0942769251386
988,112.442,10.553,4.818,2.66149848604716,2.00932967221252,1.3245703394787,16.8006967822402,-57.6464387788866
988,112.518,10.549,4.814,2.62972070449864,1.76444996613614,1.49039120120663,14.5770232386719,-53.2535506167447
988,112.594,10.565,4.834,2.64974347400302,2.05015521676839,1.29245993295071,17.0663420839799,-48.5275200896825
988,112.67,10.56,4.802,2.39782709014615,1.63133194427986,1.46985847886688,12.288816963594,-59.1812230244096
988,112.746,10.598,4.84,2.67497371449652,1.93179799515073,1.3847067453281,16.2342078679943,-54.3317437158333
988,112.822,10.618,4.847,2.52814201932297,1.74210502844506,1.45119954195845,13.8364817294515,-47.1052492016511
988,112.898,10.645,4.83,2.64186423212417,1.98249161621737,1.33259793409109,16.45400887218,-62.4910858778063
988,112.974,10.649,4.847,2.51649342272586,1.82127658432112,1.38171952815387,14.3986434111643,-50.0955239894655
988,113.05,10.599,4.749,2.44225392341685,2.06235555390033,1.18420604963002,15.8235611321396,-50.6318631051181
988,113.126,10.596,4.732,2.72575409238875,1.89144081672635,1.4410993292967,16.1968030855508,-59.5862220929918
988,113.202,10.604,4.75,2.64800553231799,1.99230443727503,1.32911691746257,16.5738904160829,-53.0369042023176
988,113.278,10.61,4.782,2.65228264218611,2.07659370571098,1.27722752644963,17.3029920828473,-59.6708652806984
988,113.354,10.616,4.808,2.50274172244021,2.02967170865307,1.23307710885968,15.9584866464673,-46.1090469886741
988,113.43,10.59,4.741,2.45354948786044,1.58727111020344,1.54576585694045,12.234769916278,-61.1730561620963
988,113.506,10.574,4.73,2.53983197234568,2.1419756108982,1.18574271313978,17.0910750079649,-58.1720328729967
988,113.582,10.574,4.743,2.62339219984851,2.07111463253067,1.26665717031945,17.0693597899623,-55.6519897736045
988,113.658,10.609,4.796,2.62494238177686,2.13796144863499,1.22777816384518,17.6306984505241,-58.9555125218247
988,113.734,10.631,4.841,2.46327059678177,1.69533444367522,1.45297030091702,13.1195029374781,-53.7167135640011
988,113.81,10.591,4.84,2.52956271775126,1.94616558329077,1.29976747069693,15.4658969631263,-48.0166265031004
988,113.886,10.603,4.858,2.52956271775126,1.94616558329077,1.29976747069693,15.4658969631263,-41.9833734968996
988,113.962,10.636,4.84,2.62207762856458,1.93265501894487,1.35672305862228,15.9202453610957,-51.0089221505667
988,114.038,10.634,4.83,2.42889727975226,1.96849949735293,1.23388260094475,15.0208437809988,-40.6945267290311
988,114.114,10.655,4.829,2.67497371449652,1.93179799515073,1.3847067453281,16.2342078679943,-54.3317437158333
988,114.19,10.652,4.833,2.42154621674452,1.67685606252353,1.44409903203039,12.7567022906866,-62.7925442192955
988,114.266,10.643,4.831,2.35825077359946,1.92343574592591,1.22606163402887,14.2500878316409,-64.6984956338808
988,114.342,10.682,4.87,2.4017440590817,1.88036731205826,1.27727388350138,14.1879382848314,-56.5956555808487
988,114.418,10.643,4.871,2.39825154851371,1.84665206009124,1.2987024466294,13.9132849933625,-42.7642459573958
988,114.494,10.63,4.862,2.39288910469981,1.86922169297242,1.28015265053695,14.0518419864586,-51.9441484741157
988,114.57,10.695,4.86,2.4663323530213,1.83528035695463,1.34384501183994,14.2201405538757,-48.7265156221993
988,114.646,10.628,4.799,2.41276949798494,2.02246067625353,1.19298710047329,15.330128413671,-45
988,114.722,10.509,4.816,2.67800618134318,1.94699334975061,1.37545728221733,16.3804533003276,-52.8498342730673
988,114.798,10.519,4.806,2.68607080365301,1.95230640832867,1.37584489411808,16.4746163120062,-57.9875073087871
988,114.874,10.567,4.817,2.56166736738709,1.94439765596736,1.31746063338707,15.6479589252832,-53.741868011783
988,114.95,10.552,4.875,2.39450869554205,2.17113283598394,1.10288447388199,16.3325007503495,-42.3905828393213
988,115.026,10.546,4.857,2.40994172419012,1.73160494659797,1.39173876173365,13.1100766635031,-59.3093937704179
988,115.102,10.558,4.86,2.40258717838621,1.85499387035872,1.2951995242559,14.001401408989,-48.3254548489657
988,115.178,10.58,4.868,2.57436287300143,1.82029727812652,1.41425409131579,14.7218353373063,-45.6051470844606
988,115.254,10.614,4.884,2.42889727975226,1.96849949735293,1.23388260094475,15.0208437809988,-40.6945267290311
988,115.33,10.599,4.875,2.36708848921346,1.79800369250086,1.31650924805447,13.3707246579978,-38.2861798789568
988,115.406,10.594,4.876,2.48930476692856,2.17243965619667,1.14585680657599,16.989307045627,-36.6693679586588
988,115.482,10.618,4.912,2.39785659818933,1.81727487778637,1.3194793080011,13.6896927980041,-43.5034339970105
988,115.558,10.617,4.93,2.15704039048835,1.71873220667046,1.25501831065759,11.6470614050634,-39.6493246380504
988,115.634,10.574,4.942,1.78990353557578,1.64491188551579,1.0881455422243,9.24958264694093,-68.9624889745782
988,115.71,10.565,4.917,2.3724833492954,2.00220755384576,1.18493377209492,14.9232062512497,-24.2517658223922
988,115.786,10.595,4.992,2.69469511961356,2.20674769391976,1.2211160918116,18.681519170883,-58.856594419296
988,115.862,10.568,5.025,2.27202397049385,2.06764464117568,1.09884644839258,14.7583797774407,-24.1884456765975
988,115.938,10.569,5.001,2.73690715774006,1.85517385215042,1.47528338358563,15.9512437884854,-51.9720918241762
988,116.014,10.561,5.015,2.11513039179479,1.61249305346557,1.31171442087701,10.7148197777738,-6.99014528801633
988,116.09,10.618,5.024,2.39491307484403,1.87931469953402,1.27435446305925,14.1396655932385,-16.4789713550834
988,116.166,10.601,5.036,1.95938362410281,1.80673294267917,1.08448989765874,11.1214985605839,-35.7271138786161
988,116.242,10.548,4.999,2.39491307484403,1.87931469953402,1.27435446305925,14.1396655932385,-16.4789713550834
988,116.318,10.641,5.015,2.42889727975226,1.96849949735293,1.23388260094475,15.0208437809988,-49.3054732709689
988,116.394,10.595,4.989,1.98344576543231,1.63872304115197,1.21036057687821,10.2111760198755,-12.491578503655
988,116.47,10.599,4.958,2.62824814233216,2.33607094982028,1.12507205422607,19.2886693147702,-61.8547536980693
988,116.546,10.616,4.998,2.215925960926,1.77267560550735,1.25004594977307,12.3405463199339,-37.8116273597632
988,116.622,10.592,4.981,2.17952034272856,1.92963634732332,1.12949797289623,13.2125386474213,-13.6439939727578
988,116.698,10.576,5.01,2.42128227921515,1.77741539917641,1.36224896011202,13.5202348265899,-39.88189930082
988,116.774,10.583,5.047,1.97775719978378,1.52952456997921,1.29305356618799,9.50340646591145,-62.9693107093908
988,116.85,10.557,5.006,1.94819564147513,1.6191113735544,1.2032499266547,9.90966934404351,-67.462255766561
988,116.926,10.552,5.015,2.30107803885946,1.90750793595869,1.20632684954098,13.7894699816213,-9.77912576849872
988,117.002,10.635,5.085,2.70210574123515,1.9490979282691,1.38633657244444,16.5457277037401,-57.9081377329708
988,117.078,10.573,5.013,2.2840163303436,1.58846217681385,1.43787895216045,11.3979292175711,-14.6036781372648
988,117.154,10.585,4.969,2.73974837203637,1.97277557424029,1.38877853508068,16.9800213644548,-51.7766811041121
988,117.23,10.583,5.056,2.18717782591286,1.66449462802496,1.31401915577709,11.4371117573937,-15.9630405708748
988,117.306,10.571,5.036,2.76951972984024,2.2345637523798,1.23940063329619,19.4422751803203,-59.8286734923985
988,117.382,10.654,5.03,2.4012935176739,2.05285272856622,1.1697349177849,15.4864871114903,-47.4384531433219
988,117.458,10.681,4.997,2.36422376296454,1.93781543633558,1.22004589221113,14.3929846406931,-15.8247040466192
988,117.534,10.682,5,2.48511479226406,2.07915254951312,1.19525370701924,16.2323979883717,-47.2278014166631
988,117.61,10.675,5.075,2.41867424558842,1.81007738185283,1.33622698666761,13.7538535120512,-43.3607710263279
988,117.686,10.632,5.123,2.67049249534224,1.89646228252842,1.40814426943512,15.9105592160827,-63.0870620272685
988,117.762,10.628,5.099,2.30103968799372,1.94154321451137,1.18516017093795,14.035278784794,-32.6067619167152
988,117.838,10.608,5.038,2.29993169518341,1.89749972591208,1.21208538993485,13.7102865812569,-29.9163521948078
988,117.914,10.559,5.081,2.27359026017846,1.85715706078659,1.22423154626216,13.265105446923,-58.0348280253494
988,117.99,10.563,5.06,2.19391890017055,1.58178491133686,1.38698939688098,10.9022935309737,-66.5079755829276
988,118.066,10.487,4.996,2.13522582724482,2.00399839776166,1.06548280159791,13.4428408365151,-45
988,118.142,10.456,4.929,2.35373351251027,1.96935248717763,1.19518142528335,14.5623216501011,-74.9874194509248
988,118.218,10.555,4.946,2.42889727975226,1.96849949735293,1.23388260094475,15.0208437809988,-40.6945267290311
988,118.294,10.55,4.99,2.51340987940976,1.70722396312326,1.47222036106594,13.4804282289916,-42.7211436697447
988,118.37,10.47,5.034,2.69059770299206,2.01617667537564,1.33450492501644,17.0422615415082,-74.6812547724514
988,118.446,10.485,5.09,2.5486855786664,1.76067725525932,1.44755977908683,14.0976228635713,-65.3718073245817
988,118.522,10.538,5.056,2.30675480925648,1.71366184430849,1.3460968492225,12.4187085364841,-20.9781320561706
988,118.598,10.64,5.057,2.26222430418934,1.60626425246407,1.40837617516483,11.4156995701247,-59.916756702467
988,118.674,10.625,5.038,2.33307605920586,1.80326037298538,1.29380986470819,13.2171314412071,-41.4291959046179
988,118.75,10.51,5.039,2.49993586155524,1.98540839161293,1.25915447527867,15.5929609900964,-50.6935117374169
988,118.826,10.531,4.997,2.25831530412574,1.88607831095175,1.19736030630995,13.381172559443,-52.7140610890045
988,118.902,10.485,4.942,2.22172942041098,1.9076470569906,1.16464385394008,13.3149354583014,-56.1581624275658
988,118.978,10.454,5.032,2.23976291929348,1.70794307146184,1.31138031279723,12.0178094547641,-68.6880276090032
988,119.054,10.531,5.137,2.58900787024857,2.00090794572477,1.2939165321325,16.2746010852243,-56.21591968195
988,119.13,10.516,5.138,2.00468197611063,1.5738434058622,1.27374932515119,9.91189920859322,-71.9145966163164
988,119.206,10.479,5.088,2.57401277182319,1.83462175257311,1.40302095961365,14.8356680943965,-62.7171924997361
988,119.282,10.52,5.031,1.99695941156887,1.632597926077,1.22317894667881,10.242320252362,-67.7345388864397
988,119.358,10.566,5.008,2.38498752926485,1.67256488738545,1.42594619034066,12.5319588597299,-56.2105616694735
988,119.434,10.586,5.082,2.56065744212392,1.90688494953472,1.3428484202724,15.3400172261091,-54.9427639197482
988,119.51,10.531,5.089,2.28246324696215,1.60303931248679,1.42383485494275,11.4947052322275,-75.5610155318536
988,119.586,10.439,5.048,2.47253142888434,1.85283539469804,1.33445822330445,14.3922446169173,-64.8495367417372
988,119.662,10.421,5.042,2.39759236936777,1.74023159640516,1.37774326952834,13.1078743626096,-58.3427734277017
988,119.738,10.484,5.038,2.57938249392756,1.94797685615261,1.32413405517662,15.7851754514307,-81.3510512391096
988,119.814,10.523,5.052,2.32211301520178,1.6970520944559,1.36832158705551,12.3802210583435,-64.864835758527
988,119.89,10.505,5.09,2.77892081523548,2.17975777657006,1.27487597250747,19.0298024673492,-56.1432263710568
988,119.966,10.49,5.046,1.98944844113258,1.69604501379735,1.17299271242708,10.6003434239601,-58.6189786223744
988,120.042,10.534,4.985,2.39024314849831,2.10493789211108,1.13554093802791,15.806337135655,-45
988,120.118,10.596,5.013,2.22542043253987,1.74136227279125,1.27797671243487,12.1744983443152,-27.7546150354937
988,120.194,10.578,5.022,2.25659839487427,1.77064800311003,1.27444776765947,12.5526777996407,-55.5749069437427
988,120.27,10.59,5.052,2.50363070399079,1.84060097921882,1.36022458547934,14.477040536237,-45.7028121667401
988,120.346,10.599,5.081,2.1472582412583,1.77498145327368,1.2097355931793,11.9736889083674,-18.9904453507425
988,120.422,10.583,5.062,2.60690348284323,1.84485101992252,1.41306991984248,15.109014070603,-49.9336067806466
988,120.498,10.559,5.065,2.30693062731509,1.77409587339343,1.3003415778779,12.8576468522297,-69.3733815471067
988,120.574,10.478,5.114,2.21116505563886,1.82489917261252,1.21166423264545,12.6768079022691,-49.8131995102152
988,120.65,10.46,5.122,2.48228347399442,1.76887792128604,1.40330965982644,13.7942823082368,-62.4518644662766
988,120.726,10.504,5.096,2.30569190777005,1.56134277163664,1.47673653066787,11.3096562503222,-70.3257474407488
988,120.802,10.528,5.098,2.11413666024262,1.89966358821583,1.1129005542651,12.6171024159024,6.84277341263094
988,120.878,10.515,5.092,2.34513321699738,2.01785916686069,1.16218874711948,14.8664831499935,-44.063617868181
988,120.954,10.491,5.114,2.21567899446097,1.84387906385863,1.20164008469421,12.8348012029982,-26.5959772785116
988,121.03,10.479,5.134,2.12987832570442,1.71675875672899,1.24063926708175,11.4871935341307,-49.370829292754
988,121.106,10.461,5.085,2.48513013852184,1.80914821396931,1.37364651460447,14.1245024007584,-61.6558244456633
988,121.182,10.502,5.037,2.36007589797194,1.94686911117796,1.21224168816566,14.4348606978049,-28.0938399647172
988,121.258,10.548,5.084,2.29907122308263,1.75511337950617,1.30992746675404,12.676736850517,-61.8254655353252
988,121.334,10.54,5.096,2.05200611266422,1.67866505169005,1.22240354655522,10.8216272780006,-52.6956064676317
988,121.41,10.579,5.076,2.69486491552931,1.64119786895849,1.64201097655548,13.894656586142,-66.9435055645443
988,121.486,10.558,5.111,2.41867424558842,1.81007738185283,1.33622698666761,13.7538535120512,-43.3607710263279
988,121.562,10.508,5.108,2.12831178444856,1.98594915963905,1.07168492915266,13.2786293584831,-37.9211836751614
988,121.638,10.529,5.115,2.0460990782936,1.62725300754301,1.25739455930274,10.4599983330766,-61.0907647718762
988,121.714,10.466,5.158,2.00468197611063,1.5738434058622,1.27374932515119,9.91189920859322,-71.9145966163164
988,121.79,10.478,5.168,1.84279321408805,1.52980744408692,1.20459161132396,8.8565228388697,-80.2547347460123
988,121.866,10.525,5.089,2.48004238702166,1.91411475270372,1.29566024373333,14.9134096249457,-47.2646331959977
988,121.942,10.535,5.074,2.27359026017846,1.85715706078659,1.22423154626216,13.265105446923,-58.0348280253494
988,122.018,10.566,5.121,2.35005358892217,1.56382896062291,1.50275615051028,11.5456101770283,-66.8077386466634
988,122.094,10.536,5.109,2.64540434194345,2.08685641093273,1.26765038940129,17.3434104629299,-56.4182966259939
988,122.17,10.525,5.021,2.52356762251456,1.9882950760001,1.26921182523435,15.7632461182869,-52.96983144159
988,122.246,10.49,4.979,2.40889071742629,2.04479312153368,1.17806084735825,15.4744900592737,-53.54907941715
988,122.322,10.471,5.039,2.22546249078826,1.79613203036578,1.2390305685574,12.5576510048275,-63.4079140183429
988,122.398,10.537,5.019,2.32211301520178,1.6970520944559,1.36832158705551,12.3802210583435,-64.864835758527
988,122.474,10.517,4.974,2.37394413370659,1.76516849492683,1.34488245203186,13.1645656494493,-30.907248707395
988,122.55,10.483,5.014,2.52767346270662,2.04353820585976,1.23691030363838,16.2275741884949,-77.3774919713558
988,122.626,10.546,5.088,2.28201007937142,1.83324563656044,1.24479231471291,13.1428058071029,-43.5707791170016
988,122.702,10.551,5.163,2.30157399128563,1.52533797055901,1.50889444549928,11.0291208452507,-72.148375358827
988,122.778,10.564,5.188,2.40546938354495,1.69760051770813,1.41698200398318,12.8287755048838,-60.3607096663519
988,122.854,10.583,5.149,2.35005358892217,1.56382896062291,1.50275615051028,11.5456101770283,-66.8077386466634
988,122.93,10.581,5.124,2.61708971481734,1.69559969140307,1.54345965506266,13.9409321087068,-63.1388571468575
988,123.006,10.597,5.171,2.05652662471711,1.82074977524422,1.12949437241658,11.763443588351,-79.57735317623
988,123.082,10.606,5.229,2.4476242077445,1.88896663181348,1.29574772074967,14.5250922334806,-63.8232324503664
988,123.158,10.595,5.221,1.92591671646369,1.5658580612279,1.2299433544784,9.47413934227281,-81.4644893543405
988,123.234,10.644,5.143,1.97535032054795,1.68618450142311,1.17149120922461,10.4640328182139,-66.8014094863518
988,123.31,10.707,5.105,2.3732472712354,1.91056304693497,1.2421716598375,14.2447304795414,-49.9262162891808
988,123.386,10.71,5.076,2.19715916199553,1.79507946440423,1.2239899155243,12.3906779616907,-28.2979185921985
988,123.462,10.728,5.036,2.33081565694745,1.92767212502222,1.2091349076911,14.11532775287,-80.4519438429047
988,123.538,10.713,5.061,2.38357959627754,1.9039076291895,1.25194077681817,14.2569099330863,-16.3025249532412
988,123.614,10.703,5.122,2.30598568904797,1.90935619087543,1.20772944308033,13.8322692525851,-56.743046902124
988,123.69,10.669,5.054,2.03747005619348,1.77853008999417,1.14559211995123,11.3841949612269,-62.3540246362613
988,123.766,10.714,4.964,2.35056343244234,1.91654834744207,1.22645663261223,14.152775824889,-47.878571311574
988,123.842,10.771,5.03,2.35158880024273,1.97839348493661,1.18863553592731,14.6158450101165,-53.9304310141321
988,123.918,10.808,5.067,2.31428846354973,1.92405245400229,1.2028198393114,13.9889227159945,-43.6359045191329
988,123.994,10.81,5.078,2.41046879151583,1.98100191281249,1.2167927632607,15.0015550695479,87.3974377975002
988,124.07,10.813,5.048,2.37215391528989,2.05908426074284,1.15204314875104,15.344998704227,-34.4870098101649
988,124.146,10.843,5.008,2.7034155648386,2.27470382895682,1.18846925495281,19.3191289479748,-21.0208326822786
988,124.222,10.834,4.909,2.68756027805922,1.97278724800799,1.36231632720304,16.6566760095748,-8.73970764084048
988,124.298,10.85,4.915,2.51551300317149,2.18105245562251,1.15334823639238,17.2362406914049,-72.7378620760596
988,124.374,10.818,4.925,2.00353900917368,1.93679686735239,1.03446006287305,12.1907871700389,69.392239954744
988,124.45,10.829,4.838,2.4032876628477,2.27141495656621,1.05805751428213,17.1495256015121,20.8674937954485
988,124.526,10.826,4.887,2.53934020742189,1.89293424546053,1.34148357953348,15.1010202577507,-89.704290350556
988,124.602,10.813,4.88,2.51461463681994,2.07753033712241,1.2103864823957,16.4122712517607,79.0272305781319
988,124.678,10.857,4.844,2.49559652557073,2.24450040707002,1.11187171885101,17.597214728957,-16.6677652535396
988,124.754,10.923,4.833,2.33701444086616,2.07140433760521,1.12822706723112,15.2081416882574,51.9413473280629
988,124.83,10.968,4.819,2.6007815479679,2.364236311035,1.10005143556455,19.3172202299277,61.2687918313277
988,124.906,10.915,4.832,2.2621249777275,2.06297728587866,1.09653411756495,14.6609095395047,45
988,124.982,10.85,4.768,2.55582326365447,1.9357830760646,1.32030458126042,15.5430906608343,80.8511979853857
988,125.058,10.905,4.737,2.4741775785109,2.44253254321424,1.01295582954854,18.9854588736038,22.1919700458006
988,125.134,10.918,4.748,2.38454741469441,1.98390811070037,1.20194448615496,14.862004485875,49.0875554063505
988,125.21,10.901,4.721,2.62654501521823,1.89985616341553,1.38249677306953,15.6767287233092,-86.40518361808
988,125.286,10.96,4.72,2.57063525341752,2.19321587296892,1.17208492109703,17.7121675641373,85.0479083935131
988,125.362,10.94,4.702,2.47237412326948,1.89902082551295,1.30192048978803,14.7500600903018,-64.5265684730132
988,125.438,10.887,4.696,2.27753978577403,2.11510593372603,1.07679702915014,15.1337992449481,-70.2064844819047
988,125.514,10.918,4.707,2.59235988624903,2.26341276202066,1.14533236259334,18.4335476369672,11.8199615638851
988,125.59,10.96,4.721,2.57929850451992,2.48040213815978,1.0398711018825,20.0989595462,22.8099341643571
988,125.666,10.957,4.752,2.48214710890435,2.24804750642228,1.10413463319316,17.5300386853955,-56.4378736553375
988,125.742,10.938,4.777,2.57123895032328,1.75794271010276,1.46264092427277,14.2002839523596,67.3632865964863
988,125.818,10.951,4.764,2.45727704074506,2.41541915432445,1.01732945039608,18.6464646224349,-87.5750780491085
988,125.894,10.91,4.771,2.68998445141003,2.02718371738029,1.32695642153553,17.1313959025325,73.9604294177823
988,125.97,10.867,4.772,2.32972104653422,2.01810071899352,1.15441267356374,14.7705488366464,67.1172342995742
988,126.046,10.852,4.729,2.63171096116261,2.57439333885774,1.02226451624145,21.2844761105033,-29.8131302245191
988,126.122,10.854,4.688,2.32338747068676,1.84171858393629,1.26153229432099,13.442956276821,-70.4547427428369
988,126.198,10.893,4.723,2.54907741815615,2.20734468805108,1.15481620607554,17.6767758169758,-81.9916502083078
988,126.274,10.906,4.776,2.45720274567105,2.3995895945395,1.02400958533187,18.5237040887308,73.3007557660064
988,126.35,10.952,4.711,2.53377991654813,2.01799855670666,1.25559054942201,16.0634791332058,80.9182965613813
988,126.426,11.017,4.609,2.36422376296454,1.93781543633558,1.22004589221113,14.3929846406931,74.1752959533807
988,126.502,11.002,4.618,2.41748046724763,2.10039496987554,1.15096470041103,15.9519513328828,57.8477048587177
988,126.578,10.964,4.593,2.20576967652512,2.12632901426921,1.03736047513005,14.7346729258747,90
988,126.654,11.031,4.558,2.38826715143105,2.07902274970812,1.14874507831449,15.5988298061809,59.9312658014341
988,126.73,11.022,4.627,2.34795321970246,1.99956174066942,1.17423391933694,14.7493924341635,-79.2700196347571
988,126.806,11.019,4.67,2.32567860521759,2.11912908043331,1.09746906249904,15.4830665900604,63.8411967604626
988,126.882,11.039,4.603,2.47683577843791,2.0958875899855,1.18175983782367,16.3085395577777,51.0418672092635
988,126.958,11.019,4.554,2.22876188987575,1.72762608076382,1.29007191700323,12.0965993702708,-68.9469035266195
988,127.034,10.98,4.619,2.31435716815626,2.1002118666626,1.10196366609144,15.2701521354914,64.3648938986619
988,127.11,11.004,4.625,2.38826715143105,2.07902274970812,1.14874507831449,15.5988298061809,59.9312658014341
988,127.186,11.103,4.556,2.26448739883603,2.06697895712667,1.09555416180139,14.7046887490325,90
988,127.262,11.082,4.521,2.38079426522607,2.04118135728635,1.16638056521897,15.266986922636,90
988,127.338,11.104,4.516,2.49314277862538,2.36357617273409,1.05481803691624,18.5125662838527,74.5085051214487
988,127.414,11.16,4.545,2.26176281915648,2.17996590516009,1.03752210702139,15.4898293937154,-86.523521265913
988,127.49,11.155,4.54,2.41276949798494,2.02246067625353,1.19298710047329,15.330128413671,-45
988,127.566,11.19,4.532,2.3654866530733,1.98271504193734,1.19305427307494,14.7343396235026,53.4554043778622
988,127.642,11.149,4.531,2.46926643119528,2.01776577841609,1.22376266740613,15.6526753296649,-88.5066815047624
988,127.718,11.109,4.523,2.4063358813394,2.15133630619758,1.11853078219673,16.2635154330153,40.3271716225659
988,127.794,11.154,4.486,2.29522632319075,2.15452563343903,1.06530471838812,15.5355650656832,77.9778883653161
988,127.87,11.162,4.392,2.41748046724763,2.10039496987554,1.15096470041103,15.9519513328828,32.1522951412824
988,127.946,11.146,4.388,2.24664556553118,1.87051143474317,1.20108625042416,13.2021542608157,25.2516027842443
988,128.022,11.215,4.386,2.69559340293355,2.45375014525401,1.09856066973539,20.7794761994131,55.2616391260382
988,128.098,11.292,4.376,2.20826902792746,1.73699456219834,1.27131602826245,12.0503680842833,5.00398990072067
988,128.174,11.29,4.393,2.18941388391226,2.07338446202744,1.05596136365919,14.2612495712111,-47.6311976997975
988,128.25,11.304,4.397,2.18751417305612,1.94802692967347,1.12293836380527,13.3873834999119,28.6197999184659
988,128.326,11.307,4.329,2.32492141732438,2.11746874641936,1.09797201080574,15.4658986501691,34.1906919718352
988,128.402,11.273,4.31,2.22010209975427,1.97823615162724,1.12226343549939,13.7975175282542,13.5704343851615
988,128.478,11.258,4.351,2.37459135089792,2.18376287893383,1.08738516155072,16.2908683324215,13.6830045367093
988,128.554,11.196,4.375,2.16688286100872,2.12078978999177,1.02173391782367,14.4371986143152,30.2564371635293
988,128.63,11.18,4.3,2.35094493137019,1.89510859750345,1.24053309370621,13.996725031419,22.8843606182463
988,128.706,11.242,4.26,2.62640725491091,2.1924251509373,1.19794614369757,18.0899229719372,79.0633792980574
988,128.782,11.26,4.241,2.32846272606341,1.87154494838547,1.24413935560143,13.6905036306401,45
988,128.858,11.293,4.212,2.46918832344423,2.19294744554497,1.12596785137758,17.0110966121235,82.9109677926465
988,128.934,11.327,4.232,2.25169974181094,2.13459947985452,1.05485818911771,15.0999931396506,75.7029975906156
988,129.01,11.327,4.213,2.35373351251027,1.96935248717763,1.19518142528335,14.5623216501011,15.0125805490752
988,129.086,11.317,4.243,2.58513858223756,2.11452977138738,1.22255955778831,17.1730528411777,77.1658542621261
988,129.162,11.355,4.234,2.28514938921317,1.91736012507447,1.19182064930261,13.7647446997162,39.7473303665787
988,129.238,11.389,4.299,2.32678248496803,2.12810071526529,1.09336107463221,15.5559964847217,70.2963676985012
988,129.314,11.375,4.304,2.37151271216514,1.92676363955359,1.23082700102987,14.3550190015167,48.6158029713292
988,129.39,11.385,4.247,2.61791942381987,1.99044021183261,1.31524645063794,16.3702489890623,83.5276327562696
988,129.466,11.363,4.246,2.41748046724763,2.10039496987554,1.15096470041103,15.9519513328828,57.8477048587177
988,129.542,11.376,4.213,2.2621249777275,2.06297728587866,1.09653411756495,14.6609095395047,45
988,129.618,11.409,4.191,2.60133371379922,2.3241370813526,1.11926862432972,18.9936172504633,-56.2717467660123
988,129.694,11.441,4.177,2.50799434886367,2.27195834415563,1.10389099136224,17.9009793139317,84.631703100358
988,129.77,11.446,4.235,2.29397976704956,1.93263146219457,1.18697217339341,13.9279917585654,7.79459018656641
988,129.846,11.463,4.289,2.54063599662561,1.94801181370252,1.30422001486568,15.548335601763,45.2273594308466
988,129.922,11.53,4.245,2.5946083626663,2.17467448319971,1.19310194822754,17.7262122387524,66.3622717808729
988,129.998,11.471,4.203,2.65849638122393,2.08729685762798,1.27365514469516,17.4329211356636,36.7635541426317
988,130.074,11.406,4.208,2.584982981058,1.89620473648582,1.36324044092869,15.3990095349637,12.3476548587535
988,130.15,11.359,4.262,2.20251451261944,1.78486763889298,1.23399319065782,12.3502192310066,25.3325754114839
988,130.226,11.284,4.306,2.54376426758628,2.09463764816783,1.21441733361916,16.7392363046926,70.3715544624449
988,130.302,11.283,4.286,2.55621480274476,2.18754597742254,1.16853077792523,17.5672753247242,80.9924760381803
988,130.378,11.308,4.308,2.28601060831304,1.95037586614859,1.17208721046535,14.0070419227854,46.7420135005667
988,130.454,11.275,4.351,2.30768981023461,2.14445479789879,1.0761195864309,15.5469141877748,52.5059129923964
988,130.53,11.274,4.349,2.41930017429283,2.00071112690796,1.20922013265942,15.2063161973024,45
988,130.606,11.252,4.318,2.31536892146077,1.93674077463783,1.19549758634774,14.0877477991151,62.9967302637793
988,130.682,11.236,4.318,2.22546249078826,1.79613203036578,1.2390305685574,12.5576510048275,26.5920859816571
988,130.758,11.248,4.35,2.25169974181094,2.13459947985452,1.05485818911771,15.0999931396506,75.7029975906156
988,130.834,11.171,4.332,2.24768206529898,2.09825439486932,1.07121523052449,14.8164068302277,45
988,130.91,11.112,4.307,2.1416576783782,1.8213393575362,1.17586965302024,12.2543646594362,-11.5179945183462
988,130.986,11.11,4.316,2.48771553812719,2.37603637251988,1.04700229630276,18.5696481938991,45
988,131.062,11.136,4.322,2.08145349184036,1.94800619043243,1.06850455715354,12.7381663693004,-44.7106372171961
988,131.138,11.114,4.371,2.18160267830755,2.04812434207373,1.06517101207766,14.0372440320469,-79.8117823930818
988,131.214,10.997,4.322,2.12568549117951,2.00149027652165,1.06205137047865,13.3660279689911,78.3475547303985
988,131.29,10.976,4.24,2.60102823330386,1.62564653772295,1.59999616949151,13.2837612827037,-80.5172749302021
988,131.366,10.986,4.272,2.41494921476368,1.81252807385357,1.33236513662892,13.7512639056472,-86.4486351472974
988,131.442,11,4.22,2.37855996777218,1.9045121278523,1.24890775594821,14.2314031139784,-72.5039899007207
988,131.518,11.019,4.136,1.84095833356055,1.48756864352217,1.23756193811779,8.60341450235156,74.3522338033264
988,131.594,11.016,4.185,1.99657706449901,1.84668511872998,1.08116811266239,11.5832065337707,-62.3889156831818
988,131.67,11.061,4.247,2.0700140295638,1.69912520481179,1.2182822217584,11.0496505594396,-61.3304563608369
988,131.746,11.063,4.237,2.16528149838574,1.89495007660906,1.14265886215874,12.890269889001,-87.9952492292804
988,131.822,11.107,4.294,2.68299964050991,1.97705463181419,1.35706904469703,16.6643798909946,-81.0769869189869
988,131.898,11.216,4.297,2.13522582724482,2.0339720186963,1.04978131833565,13.6439041786657,-18.434948822922
988,131.974,11.186,4.283,2.25169974181094,2.13459947985452,1.05485818911771,15.0999931396506,75.7029975906156
988,132.05,11.127,4.275,2.11508447799008,2.06404944710664,1.02472568230135,13.7150592453122,-13.3510610792163
988,132.126,11.183,4.189,2.07664901517742,1.90083232675303,1.09249458037402,12.4010021388085,-75.5531370604838
988,132.202,11.223,4.204,2.60364725120258,2.16755339652367,1.20119174705376,17.729717761374,72.6897281889709
988,132.278,11.198,4.274,2.11413666024262,1.89966358821583,1.1129005542651,12.6171024159024,83.157226587369
988,132.354,11.18,4.298,2.04926516385942,1.80859364988779,1.13307108204575,11.6436470344261,89.3916407085435
988,132.43,11.193,4.299,2.11413666024262,1.89966358821583,1.1129005542651,12.6171024159024,6.84277341263095
988,132.506,11.259,4.308,2.08821683978879,1.98535997881445,1.05180766313007,13.0246100443429,-69.604492462085
988,132.582,11.302,4.296,2.25169974181094,2.13459947985452,1.05485818911771,15.0999931396506,75.7029975906156
988,132.658,11.277,4.24,2.15549741313675,1.91944659460145,1.12297858101351,12.9979065963684,-45
988,132.734,11.261,4.226,1.96180286760243,1.74907642445916,1.1216221545088,10.7798824167797,-25.7983691489471
988,132.81,11.203,4.226,2.1878195316634,1.59325091485573,1.37317952324007,10.950792361973,-80.0314171121227
988,132.886,11.225,4.248,2.44013104917474,1.92019828035998,1.27077035436011,14.7200437305077,-45
988,132.962,11.322,4.209,2.07304318082685,1.83866289307977,1.12747322449875,11.9745811794785,-80.2959840121513
988,133.038,11.407,4.132,2.22618550859967,2.20634064447461,1.00899446972287,15.4306346832339,90
988,133.114,11.39,4.18,2.35930679550984,2.0835745130251,1.13233617552962,15.4434144866391,58.0698933344774
988,133.19,11.391,4.189,2.42986339634491,2.04105386874794,1.19049449578491,15.580672485853,51.8493585035423
988,133.266,11.426,4.126,2.57475341033526,2.2876300883267,1.12551125440852,18.5042426489506,66.4989832347523
988,133.342,11.401,4.142,2.22559610990052,1.89359681122641,1.17532734355372,13.2398705780447,-8.62572613388649
988,133.418,11.441,4.143,2.53480816556159,2.32626060582839,1.08964926767478,18.5247918296618,44.6519261235078
988,133.494,11.485,4.103,2.41930017429283,2.00117298935733,1.20894104965398,15.2098265623672,18.434948822922
988,133.57,11.562,4.11,2.30124211879277,2.18688101934703,1.05229415703644,15.8101992082147,32.1778099329754
988,133.646,11.721,4.132,2.52417722378159,2.32564227249623,1.08536779436515,18.4421958277134,-9.40289505687503
988,133.722,11.729,4.141,2.54280676788354,1.95689952018086,1.29940589266869,15.6326195319954,12.5985268824258
988,133.798,11.73,4.134,2.24955884240598,1.82554264186709,1.23226858185313,12.9014704552096,27.7020496616843
988,133.874,11.79,4.084,2.51606880113181,1.83698896421231,1.36967006887311,14.5204117795113,12.7632451422052
988,133.95,11.765,4.098,2.54027560676239,2.1738063899575,1.16858411057116,17.3480862075544,-1.66962088392325
988,134.026,11.784,4.121,2.06712308522312,1.88899173821047,1.09429969618682,12.2672232291146,-37.4053566314085
988,134.102,11.765,4.101,2.53173322303376,1.85308856451939,1.36622354241897,14.7388632513563,3.94328117223855
988,134.178,11.8,4.094,2.1148436171826,2.05801182209822,1.02761490214689,13.6733835641464,-11.0631674046865
988,134.254,11.894,4.104,2.33916834253551,1.91470935656379,1.22168324634579,14.070651608491,8.88147597759187
988,134.33,11.902,4.138,2.51890500968631,2.191678259162,1.14930419150548,17.3435685985454,12.9790635308929
988,134.406,11.969,4.072,2.44853781385628,2.20051910880606,1.11270918032827,16.9270716427385,20.7411276905797
988,134.482,12.071,4.02,2.75141466514642,1.95221473055382,1.40938116185911,16.8746007343902,4.86608403105038
988,134.558,12.066,4.051,2.85302804378717,1.96658065441946,1.45075567451333,17.6265645553605,12.9472327526819
988,134.634,12.014,4.068,2.66879181209364,1.74025972253588,1.53355948973221,14.5907843268759,8.46690029890643
988,134.71,11.961,4.15,2.2722532871492,1.8763528084091,1.21099468978639,13.394333703784,9.79008956889811
988,134.786,12.045,4.11,2.87238255320567,2.19378727368037,1.30932592583914,19.7964202931659,10.1542882184885
988,134.862,12.162,4.024,2.9164469991301,1.74117625385594,1.67498666069644,15.9531591098075,3.21076576294773
988,134.938,12.102,4.079,2.78262648209134,1.72891724102644,1.60946193146834,15.1139851730733,6.03182993817105
988,135.014,12.117,4.045,2.63262804597653,2.14945757969639,1.2247871606512,17.7774004313465,6.32561720106581
988,135.09,12.203,4.018,2.94793210133968,1.70237265061917,1.7316608677116,15.7660167121084,0.844132795946071
988,135.166,12.297,3.971,2.87746708468557,1.75344752800352,1.64103404221161,15.850866610031,-1.23972956051332
988,135.242,12.418,3.97,2.94523511138936,2.19812735210234,1.33988374630454,20.3386766723892,9.40755693978773
988,135.318,12.447,4.052,2.94481087280473,1.87889914031905,1.56730651987242,17.38244037485,4.45655842491445
988,135.394,12.471,4.049,2.94825093803694,1.86857612799623,1.57780616687986,17.3071323300887,4.85812566753209
988,135.47,12.431,4.029,2.95817580021224,1.65498313033859,1.78743562153834,15.3803926878362,5.71887761249905
988,135.546,12.437,3.984,3.00029798370209,2.20742620957104,1.3591838181015,20.8065683574876,13.4584634026128
988,135.622,12.439,3.915,3.05184982195046,2.03272643236708,1.50135786761853,19.489108161446,2.58071057593914
988,135.698,12.396,3.951,2.94248680772576,2.16910927797345,1.35654152495021,20.0514520974292,6.55735239100294
988,135.774,12.388,4.036,2.78559053575211,1.79884212586734,1.54854642088671,15.7420105960361,12.573149669148
988,135.85,12.364,3.966,2.87999819231637,2.12450736174792,1.35560753715011,19.2220776889851,10.8424503416266
988,135.926,12.371,3.916,2.87401914975006,1.8864448096113,1.52351085762337,17.0327053701343,-3.12980350886697
988,136.002,12.446,3.942,3.1090853161555,1.73173569545264,1.79535787379081,16.9146930582149,2.36546931188962
988,136.078,12.478,3.957,2.85516573687955,1.61457588289177,1.7683688745343,14.4823706096358,3.44701957479806
988,136.154,12.447,3.951,2.86360460692869,1.65175967541528,1.73366903766356,14.8596912045866,1.16076529491636
988,136.23,12.511,3.938,2.91291773992379,1.94816545561552,1.49521065139894,17.8280536115443,4.02581165185083
988,136.306,12.466,3.961,2.80513521770497,1.66039846936148,1.68943495761214,14.6324145871486,2.29794384593238
988,136.382,12.481,3.94,3.04570621896912,2.14001102053704,1.42321987585129,20.4764135731202,11.5900200021865
988,136.458,12.593,3.891,2.86172181979329,1.62039960898096,1.76605931273519,14.5679827082966,-0.843737242695076
988,136.534,12.578,3.882,2.91291773992379,1.94816545561552,1.49521065139894,17.8280536115443,4.02581165185083
988,136.61,12.638,3.901,3.02746815207533,1.96807437678192,1.53828950155109,18.7184965194027,3.94624354705828
988,136.686,12.682,3.871,2.83328292737001,1.84828712233251,1.53292358808109,16.4516421760111,11.1192538075723
988,136.762,12.681,3.828,3.03107974538442,1.9590525873804,1.54721714205616,18.6549173478171,7.50607266360981
988,136.838,12.879,3.79,2.96156263235742,1.63258038739012,1.81403786008469,15.1895661412869,2.57051851652751
988,136.914,12.774,3.835,2.53757214159743,2.19645972959203,1.15530100889614,17.5102164961824,40.3156908892028
988,136.99,12.569,3.898,2.80650352283173,1.60275632985064,1.75104816032345,14.1313276188019,-0.591229187757947
988,137.066,12.612,3.911,2.67894201664477,1.9632994118104,1.36451017126036,16.5234116621687,10.5831193335609
988,137.142,12.666,3.904,3.08634756947476,1.9623518234529,1.57277993303164,19.0270552177296,5.25253193495867
988,137.218,12.709,3.904,2.99448437172396,1.94967490530853,1.53588906723406,18.3414693897311,-1.28172589978454
988,137.294,12.771,3.928,3.0811312878589,1.98933927062319,1.54882142697243,19.2561266078441,9.61916709897546
988,137.37,12.69,3.908,3.0246602111233,1.69042814807398,1.78928646838347,16.0628713752548,-2.09366515351862
988,137.446,12.587,3.92,2.95102630701076,2.1596850333827,1.36641513063068,20.0222727128552,11.4589154136465
988,137.522,12.661,3.907,2.94776890337092,1.87167872189604,1.57493317035991,17.3330347971679,4.67545952290427
988,137.598,12.72,3.907,2.9423013197475,2.35938086262545,1.24706501029825,21.8089658135267,13.4108213920269
988,137.674,12.892,3.899,2.69740167266856,1.92199787835543,1.40343634248785,16.2872738704318,12.8717560759337
988,137.75,12.917,3.87,2.8772764036434,1.54011014621325,1.86822767885654,13.921410471532,0.199209466527807
988,137.826,12.786,3.874,2.978292619498,1.5914549092367,1.87142758629992,14.890578697599,3.98550153146832
988,137.902,12.707,3.818,2.81018019773022,1.92342569365208,1.46102872962793,16.9808511476319,2.64504060268563
988,137.978,12.628,3.83,3.02243609857317,1.9937498424598,1.51595552972895,18.9311791965384,5.7522083352302
988,138.054,12.458,3.925,2.56025331799594,1.96604481817887,1.30223548025089,15.8134352326236,3.85304476245598
988,138.13,12.527,3.899,3.02922481341936,1.9927535736101,1.52012012600814,18.9642195678597,11.5352061249123
988,138.206,12.758,3.811,3.11750497628828,1.55113035863672,2.00982783873061,15.1916632872965,3.506780794889
988,138.282,12.722,3.791,2.93104788327654,1.92010445766196,1.52650438968595,17.6806261777569,2.70200088991636
988,138.358,12.704,3.776,2.95905483631203,1.96666300229278,1.50460695750228,18.2823843082595,-3.96186007127783
988,138.434,12.938,3.744,3.00468834565535,1.6145322208459,1.86102717979893,15.2403879308344,6.030964876911
988,138.51,12.989,3.728,3.0246602111233,1.69042814807398,1.78928646838347,16.0628713752548,2.09366515351861
988,138.586,12.847,3.69,2.92253565389436,1.89664790112769,1.54089520366786,17.4139144102143,-4.84663128530162
988,138.662,12.876,3.696,3.09068386919612,2.59478251153165,1.19111480652448,25.1944812290013,9.68530036737023
988,138.738,12.81,3.757,2.62417398583294,1.50557150568956,1.74297532592519,12.4120605439212,14.7569255900234
988,138.814,12.995,3.699,3.02221464051337,2.57401502197119,1.17412470973031,24.4391588887408,0
988,138.89,13.101,3.645,2.84274261487228,1.56892674040109,1.81190271136914,14.011675722744,-2.19274547428403
988,138.966,12.981,3.684,2.8222122363305,1.89168233301188,1.49190600719787,16.7721118922263,-4.79102521657492
988,139.042,13.074,3.671,3.15301365897958,2.01133696224866,1.56762080057164,19.9232671998092,9.80275698436594
988,139.118,13.173,3.665,2.87422380940198,2.20667909281336,1.30251100794976,19.9255186959905,7.14321147619181
988,139.194,13.251,3.658,2.8486336505902,1.44000692007626,1.97820830641518,12.886976960695,1.62348902268196
988,139.27,13.411,3.561,3.05226264232225,1.49769687961036,2.03797088975463,14.3613642980533,4.44492188192387
988,139.346,13.509,3.614,2.9992987439235,1.73378455778254,1.72991432554891,16.3367148558766,2.2742118333831
988,139.422,13.501,3.67,2.61912938774583,1.47247329544604,1.77872793744109,12.1158601984071,4.83836341503218
988,139.498,13.634,3.61,2.70594153352592,1.8478266270963,1.46439146067403,15.7083114098691,-3.25913157262284
988,139.574,13.736,3.592,2.74476798282596,1.60039699687733,1.71505444472934,13.8001319704641,-2.31631511404801
988,139.65,13.749,3.623,2.89510210096779,1.56283882972235,1.85246363598614,14.2143809406873,1.43147743931984
988,139.726,13.772,3.656,2.74169579334679,1.45051537165628,1.89015287043541,12.4937115222323,0.489137346255775
988,139.802,13.817,3.582,2.46342485824534,1.18117043905195,2.0855795038543,9.14116949451293,6.11200312797811
988,139.878,13.864,3.505,2.62530449184389,1.76465199157695,1.48771797746809,14.5542095960956,3.49749640943311
988,139.954,13.934,3.489,2.52496128092282,1.64796631634104,1.53216801574498,13.0723276958592,0.871715625793359
988,140.03,13.995,3.493,2.72826376560525,1.6685165542937,1.63514336048057,14.3010112314376,-2.52862426627957
988,140.106,13.916,3.52,2.61583814682162,1.75957496958313,1.48663068754686,14.4600074562887,-4.73259536303617
988,140.182,14.038,3.513,2.50057568199044,1.68748105965335,1.48183925839388,13.2564971580939,-7.64454762177904
988,140.258,14.13,3.499,2.6334863252622,1.68372923816334,1.56407946454317,13.9300666319459,-16.3584921866022
988,140.334,14.086,3.504,2.65186138741179,1.70635373717649,1.5541099888232,14.2157494482324,-4.38073724167122
988,140.41,14.159,3.503,2.69027866077626,1.76398055375861,1.52511809443927,14.9087397149236,-11.5899594395972
988,140.486,14.143,3.465,2.67958879473762,1.88825205512834,1.41908427291795,15.8956390240443,-4.62113614423322
988,140.562,14.134,3.403,3.02437007639184,1.58517874310762,1.90790476439445,15.0613203185872,6.95295746817392
988,140.638,14.129,3.401,2.83536217304352,1.79711444664512,1.57773044356559,16.0078921322145,3.04426407709759
988,140.714,14.141,3.374,2.7284608799591,1.7531938401645,1.55628021126465,15.0278738283112,-5.72993873459426
988,140.79,14.107,3.366,3.03415936536309,1.69833865063659,1.78654555393048,16.1887215762183,-5.73381344091782
988,140.866,14.172,3.402,2.29039840513928,1.59786234393952,1.4334140946662,11.4974165837817,-5.84350413199549
988,140.942,14.225,3.424,3.01911631533192,2.25818458653794,1.33696613347298,21.4185051240013,-6.65261825304555
988,141.018,14.16,3.433,2.61562492841253,1.75176940863443,1.49313312329818,14.3946887386623,-4.61152260595829
988,141.094,14.139,3.408,2.65315094371087,1.69068908320217,1.56927194365376,14.0920955688743,-2.25391773631964
988,141.17,14.104,3.375,2.4360760794093,1.54992604500103,1.571736978849,11.8618300183752,2.62433029030972
988,141.246,14.173,3.329,2.37926340292573,1.57835465030122,1.50743269421208,11.7976902989781,3.34516925000723
988,141.322,14.146,3.31,2.89653330673399,1.58953372711852,1.82225344282866,14.4643241778466,1.68205513010107
988,141.398,14.089,3.284,2.89412302250549,1.71951096456823,1.68310821049763,15.6340612906196,5.50550034230885
988,141.474,14.181,3.304,2.21456662427061,1.78127744423302,1.24324631821976,12.3928214227277,90
988,141.55,14.171,3.327,3.0378932741585,1.70232593572664,1.78455442075008,16.2466977465587,11.4905830684948
988,141.626,14.2,3.289,2.55488749732946,1.57725550217727,1.61983108875045,12.6597084712602,8.98605516584943
988,141.702,14.219,3.262,3.10779387970277,2.08824676822302,1.4882311453772,20.388435318171,-13.9140062475771
988,141.778,14.212,3.269,2.79407975773645,1.61146367993549,1.7338769669623,14.1452032873257,7.75569735440701
988,141.854,14.197,3.26,2.55374338183015,2.23782773223592,1.1411706741513,17.9536923260176,-21.4606704921741
988,141.93,14.168,3.191,2.22559610990052,1.89359681122641,1.17532734355372,13.2398705780447,8.62572613388649
988,142.006,14.211,3.174,2.45741186132753,1.93455912740928,1.27026970978057,14.9351583236408,-4.87471836997519
988,142.082,14.193,3.21,2.97339326686209,2.22373928042402,1.33711415409054,20.7723721149263,-6.42213046025772
988,142.158,14.211,3.233,2.34107609962936,1.68113454619517,1.39255724946454,12.3642528152152,13.7007132512502
988,142.234,14.183,3.228,2.48691522747196,1.8934040244899,1.31346252321501,14.7929282269977,3.69538240601149
988,142.31,14.205,3.236,2.77924860172913,1.66076002976148,1.67347994407614,14.5005392256562,5.87739766304332
988,142.386,14.16,3.248,2.97580322999795,2.21514549815793,1.34338951209867,20.7088670960338,-13.5626415073472
988,142.462,14.188,3.253,2.17783147293888,1.3925660837817,1.56389811464077,9.52774128936704,8.62850435801955
988,142.538,14.241,3.26,2.44370815679141,1.89041717911624,1.29268194543907,14.5129890112103,19.2840522586184
988,142.614,14.266,3.193,2.22316129741019,1.59067482703055,1.39762147462933,11.1096980198004,10.1949288100806
988,142.69,14.327,3.155,2.87703612209677,2.1141500388841,1.36084765469878,19.1086934255314,3.12916157237647
988,142.766,14.257,3.187,2.46887781537048,1.81883677824065,1.35739382714627,14.1072771110397,21.714892616991
988,142.842,14.36,3.174,2.55005037358306,1.9292990384273,1.32174967321902,15.4560381164357,4.14707783840462
988,142.918,14.344,3.192,2.5416992373566,2.08298237652775,1.22022119149827,16.632580223383,9.35707941663538
988,142.994,14.322,3.194,2.6629675687664,1.7528509332984,1.51922078379786,14.6642796559588,10.7624477254806
988,143.07,14.405,3.209,2.22920045062795,1.8356635306983,1.21438401610558,12.8555918224645,2.92304483039178
988,143.146,14.429,3.214,2.27217615634739,1.76304288653469,1.28878098978829,12.5850442706294,-16.1833190323625
988,143.222,14.379,3.181,2.54715271316717,1.81541535674475,1.40306883694898,14.5271647289892,-3.45911268085437
988,143.298,14.367,3.175,2.73376847382346,1.72543113400554,1.58439732536707,14.8186702412826,7.65903110430534
988,143.374,14.447,3.159,2.57435138923207,1.87657453660268,1.37183540489291,15.176915562438,1.33031219159249
988,143.45,14.405,3.186,2.25514041496943,1.86585695081518,1.20863521396117,13.2190974926408,-5.5160956152278
988,143.526,14.57,3.179,2.46287808017705,1.70004786024394,1.44871102618467,13.1538817736535,22.5734350450259
988,143.602,14.609,3.171,2.01124880579146,1.82755122654521,1.10051569366595,11.5474271502502,67.4528041781894
988,143.678,14.62,3.148,2.64187123651747,1.58020473630687,1.67185376414694,13.1151988105307,18.0425365214261
988,143.754,14.699,3.109,1.78990353557578,1.64022329103218,1.09125601700815,9.22321798719471,45
988,143.83,14.692,3.126,2.3219296449728,1.54773272050978,1.50021357964702,11.2900247282017,9.82205933325591
988,143.906,14.784,3.148,1.6539365051036,1.55768359793659,1.06179233529486,8.09371583432663,20.3006473225022
988,143.982,14.779,3.148,1.93129028017508,1.53767344760811,1.25598207030189,9.32956817349422,-9.31966621257173
988,144.058,14.802,3.1,2.01650787253608,1.80361947206167,1.11803398874989,11.4260128960359,0
988,144.134,14.8,3.093,1.86546757888873,1.48269876465706,1.25815683087872,8.68941429336909,-3.69803827985633
988,144.21,14.814,3.1,1.81960671423979,1.5392612620477,1.18212986911601,8.79913018401825,30.0431770042326
988,144.286,14.833,3.091,2.11413666024262,1.89966358821583,1.1129005542651,12.6171024159024,6.84277341263095
988,144.362,14.852,3.094,2.0648143096495,1.49767238571502,1.37868223340695,9.71510941826588,0
988,144.438,14.842,3.065,1.75667766415582,1.48437875004947,1.18344301553581,8.1919384491057,-8.39132207263535
988,144.514,14.887,3.084,2.00500245892671,1.29550111003133,1.54766556616708,8.16023323150987,-4.44792848483165
988,144.59,14.971,3.16,1.8020271970721,1.5687395314782,1.14871026127204,8.8810037750873,-16.110633405797
988,144.666,14.97,3.186,1.86139710386987,1.53832212461206,1.21001776811816,8.99572546081243,12.1737080344432
988,144.742,15.04,3.175,1.85747068168877,1.84830965983502,1.00495643238404,10.7856562200628,-45.0000000000011
988,144.818,15.045,3.156,1.94600964259732,1.46264045471801,1.33047710824633,8.94195421530433,-3.90009394209085
988,144.894,15.011,3.165,2.010055641594,1.56627642779559,1.28333390321337,9.89068485346513,-17.1078510662187
988,144.97,15.04,3.181,1.90980403881306,1.90247767339798,1.00385095999681,11.4145356525598,14.0362434679259
988,145.046,15.104,3.194,2.22559610990052,1.89359681122641,1.17532734355372,13.2398705780447,-8.62572613388649
988,145.122,15.209,3.237,2.01273856631525,1.62122011914256,1.24149616856455,10.2513066666121,3.7100074476306
988,145.198,15.209,3.256,1.94081095856886,1.80342085391328,1.07618305198005,10.9958851675928,-29.3501993326858
988,145.274,15.262,3.275,2.07515693043293,1.66021621813152,1.24993173043954,10.8234438847543,-5.25843366165694
988,145.35,15.295,3.303,1.96868685780377,1.72062236845343,1.14417137304411,10.6417261638604,21.7484785393582
988,145.426,15.343,3.282,2.07922443960344,1.58086353309735,1.31524600072826,10.3263210989179,-1.52983445151218
988,145.502,15.424,3.279,2.02839671457014,1.79939239482201,1.12726758232786,11.4664412897689,-11.2397171985515
988,145.578,15.385,3.351,2.01234247281417,1.64802554011984,1.22106267398492,10.4187520859808,-8.30788571039967
988,145.654,15.362,3.39,1.98344576543231,1.63872304115197,1.21036057687821,10.2111760198755,-12.491578503655
988,145.73,15.41,3.39,1.96850152843602,1.60802265186653,1.22417524787419,9.94438182837752,-3.50825087236146
988,145.806,15.516,3.425,1.97775719978378,1.52952456997921,1.29305356618799,9.50340646591146,-27.0306892906092
988,145.882,15.611,3.492,1.89690897387109,1.61118742110097,1.17733601257567,9.60157384464637,-6.13238686394619
988,145.958,15.655,3.503,1.93459803088011,1.31186170906923,1.47469662198824,7.97312678402633,-7.20249820514168
988,146.034,15.64,3.501,1.98399931389044,1.56435394062499,1.26825474872892,9.75048931747517,7.83514912210131
988,146.11,15.656,3.56,1.99697031130721,1.34522206017615,1.48449120069122,8.4394755956031,0
988,146.186,15.734,3.572,1.93459803088011,1.31186170906923,1.47469662198824,7.97312678402633,-7.20249820514168
988,146.262,15.757,3.522,1.7217517608316,1.35224758855024,1.27325186261009,7.31436492463308,-12.8205029121526
988,146.338,15.78,3.5,1.81497971744478,1.50704206570304,1.20433248596686,8.5930437643014,-25.4696708098478
988,146.414,15.809,3.501,1.7217517608316,1.35224758855024,1.27325186261009,7.31436492463308,-12.8205029121526
988,146.49,15.815,3.466,1.7217517608316,1.35224758855024,1.27325186261009,7.31436492463308,-12.8205029121526
988,146.566,15.851,3.456,1.6802903820816,1.66692912665642,1.0080154910077,8.7993653376987,0
988,146.642,15.855,3.45,1.71425531749871,1.58254633226178,1.08322599000858,8.52279047249394,-22.3574743612081
988,146.718,15.905,3.425,1.78990353557578,1.64022329103218,1.09125601700815,9.22321798719471,-45
988,146.794,15.982,3.479,2.09357883829342,1.5045226634033,1.39152363019753,9.89550418178121,-29.4674175572507
988,146.87,16,3.564,1.96718632148105,1.73162061357763,1.1360377129126,10.7015852566316,-31.5510800207435
988,146.946,15.988,3.594,2.05277000180749,1.65680332316545,1.23899437736853,10.6846702170138,-34.1880938677219
988,147.022,15.975,3.621,2.07302327268491,1.57488251241682,1.31630344253657,10.2565714785858,-39.5958845298401
988,147.098,15.977,3.613,2.05804980853837,1.59821194176969,1.28772020453026,10.3333258674337,-27.5606174011065
988,147.174,16.013,3.596,2.13656640182723,1.56980187635957,1.36104207416417,10.5368576099412,-27.9708366477144
988,147.25,16.065,3.624,2.11183548831417,1.5527828836447,1.36003269391871,10.3019797425779,-35.9439709725861
988,147.326,16.094,3.673,2.08334535310908,1.65961712766141,1.25531685494518,10.8622313692678,-60.8149103192555
988,147.402,16.104,3.746,2.42729231691636,1.59441985527823,1.52236709100238,12.1583501884109,-54.7720820088656
988,147.478,16.107,3.762,2.13117675914748,1.762391285581,1.20925289212657,11.799719428713,-55.4928681635325
988,147.554,16.129,3.741,2.35521568473058,1.62636468303223,1.44814733700406,12.0336809405842,-44.8177253244366
988,147.63,16.132,3.744,2.17332892900061,1.58576080767504,1.37052758428746,10.8271215798984,-47.0811519562278
988,147.706,16.132,3.735,2.1614035277761,1.55119590751065,1.39337882295262,10.5330071489816,-41.8129091380817
988,147.782,16.155,3.752,1.9946560917541,1.60639765768088,1.24169509474618,10.0663253412826,-73.826278250279
988,147.858,16.174,3.779,2.03121770289876,1.62969068532972,1.24638234800232,10.3994777227233,-82.8093027044547
988,147.934,16.169,3.823,2.03121770289876,1.62969068532972,1.24638234800232,10.3994777227233,-82.8093027044547
988,148.01,16.163,3.875,2.03776689484166,1.49522383292738,1.36285073175437,9.57217403344613,-69.1010102916611
988,148.086,16.156,3.835,2.0570262239357,1.36887032336228,1.50271810910703,8.84610335570204,-83.8387516812237
988,148.162,16.108,3.819,2.04818842961167,1.49996425806469,1.36549148994678,9.65163060133567,-73.6575092396372
988,148.238,16.086,3.841,2.0570262239357,1.36887032336228,1.50271810910703,8.84610335570204,-83.8387516812237
988,148.314,16.107,3.827,1.98344576543231,1.63872304115197,1.21036057687821,10.2111760198755,-77.508421496345
988,148.39,16.104,3.854,2.01527395811404,1.4692791075795,1.37160730573105,9.30225560445309,-84.3980993885362
988,148.466,16.103,3.903,2.0570262239357,1.36887032336228,1.50271810910703,8.84610335570204,-83.8387516812237
988,148.542,16.109,3.937,2.03698475403772,1.47514571808878,1.38087019408284,9.44001260455945,-88.8070279848056
988,148.618,16.123,3.965,1.97203733301551,1.31744510005548,1.49686490384493,8.16201768866096,-84.8874763077243
988,148.694,16.146,4.006,2.0702679933837,1.31585280573851,1.57332794698248,8.55822601171633,-79.9264871268404
988,148.77,16.091,4.029,1.99254120092328,1.49891629113016,1.32932119873147,9.38284544856229,79.5479604583337
988,148.846,16.073,4.02,1.92134432005977,1.62330284988376,1.18360188931926,9.79838781557713,-80.4579175012228
988,148.922,16.077,4.041,2.0076016859575,1.30438608987049,1.53911614172214,8.22685008172033,-74.8717814182354
988,148.998,16.048,4.099,2.00119485497172,1.55907805215178,1.28357579802354,9.80182869552468,-70.4280067927145
988,149.074,16.055,4.127,1.88790411612034,1.77213950239895,1.06532477469447,10.5106049360549,74.7533207987622
988,149.15,16.07,4.136,2.21870775316352,1.52904034238378,1.45104592185223,10.6578331676066,-77.8489544945545
988,149.226,16.049,4.186,1.86143540426318,1.62314904208524,1.1468049797028,9.49196749606702,-79.1296104727641
988,149.302,16.075,4.221,1.9743831786965,1.68971934481114,1.16846811558353,10.4808351732654,-53.8298882369
988,149.378,16.074,4.284,1.92923611246757,1.85980575535145,1.03733204767021,11.2720483438813,85.7724861614114
988,149.454,16.089,4.318,1.88457474650625,1.75036900836209,1.07667282584587,10.3631755512668,-19.2926990963302
988,149.53,16.134,4.32,1.93129028017508,1.53767344760811,1.25598207030189,9.32956817349422,80.6803337874283
988,149.606,16.197,4.426,2.08969406840249,1.61757817834826,1.29186588714761,10.6193482238247,-81.9933791645572
988,149.682,16.183,4.5,2.18817317100586,1.47355067300686,1.48496635445917,10.1297012400347,86.8325486289997
988,149.758,16.173,4.502,2.25261495044115,1.84236656091975,1.22267468278224,13.0380570615529,84.824165256454
988,149.834,16.236,4.503,2.22615319620967,1.42552834119212,1.56163376895616,9.96966984305343,-85.4802585983225
988,149.91,16.185,4.516,2.29432030361508,1.82694030542829,1.25582663910697,13.1682565266498,-86.1071354181615
988,149.986,16.204,4.559,2.149899586823,1.80681444350131,1.18988399420632,12.2034212387184,-77.0036712100841
988,150.062,16.209,4.581,2.19317461125746,1.84206386642494,1.19060725919018,12.6919328601226,-83.9142708957063
988,150.138,16.185,4.614,2.26483941386206,1.81044016973617,1.25098826888718,12.8816490810784,-78.8788181597267
988,150.214,16.172,4.686,2.28073783800128,1.7488502316832,1.30413559530833,12.5307729025235,-74.3936206066297
988,150.29,16.155,4.737,2.27825611560884,1.76751342955725,1.2889611346147,12.6507169745412,-67.8727210283203
988,150.366,16.168,4.769,2.49346761315402,1.5791738120988,1.57896970811597,12.3703941565163,-76.8565889810259
988,150.442,16.146,4.777,2.40199805914715,1.52055313600311,1.57968702459223,11.474245193254,-70.5765520755984
988,150.518,16.17,4.76,2.31764338713719,1.79334196660388,1.29235997946683,13.0574868396492,-67.6803242430026
988,150.594,16.141,4.745,2.43682583451753,1.74846726432176,1.39369256962486,13.3854158649893,-72.6023209821119
988,150.67,16.15,4.748,2.40600342518131,1.68140898519656,1.43094478878382,12.7092369829121,-62.1947363079977
988,150.746,16.185,4.773,2.41171824200918,1.76866510854774,1.36358105915792,13.4005322845261,-79.7490775511186
988,150.822,16.122,4.823,2.15547032433025,1.76499994194019,1.22122968568533,11.9518907907876,-69.374532261174
988,150.898,16.115,4.846,2.32424106286027,1.610297335085,1.44336142910997,11.7580991105567,-80.2068658651293
988,150.974,16.136,4.84,2.32424106286027,1.610297335085,1.44336142910997,11.7580991105567,-80.2068658651293
988,151.05,16.163,4.87,2.32424106286027,1.610297335085,1.44336142910997,11.7580991105567,-80.2068658651293
988,151.126,16.147,4.886,2.09357883829342,1.5045226634033,1.39152363019753,9.89550418178122,-60.5325824427493
988,151.202,16.146,4.895,2.27324154204608,1.8210741120296,1.24829710500499,13.0053809268749,-77.1423810465421
988,151.278,16.133,4.972,2.1901333044868,1.55521046536182,1.40825525114845,10.7006360264559,-71.8058986365782
988,151.354,16.154,5.081,2.26510889368742,1.58786392615186,1.42651322722397,11.2993182342294,-62.4232677667205
988,151.43,16.202,5.203,1.84687011456689,1.54852942815937,1.19266065015125,8.98474363043685,-52.5166290646941
988,151.506,16.219,5.312,2.010055641594,1.56627642779559,1.28333390321337,9.89068485346513,-72.8921489337813
988,151.582,16.267,5.378,2.11040361059102,1.65497057182346,1.2751910194184,10.9725020233317,-82.3475702960995
988,151.658,16.319,5.456,2.06689996429327,1.67505178754726,1.23393197730309,10.8767104954816,-68.2286541152167
988,151.734,16.336,5.529,2.0186086153669,1.73829069028162,1.16126067213756,11.0236241967946,-54.5502226858758
988,151.81,16.384,5.584,2.0112573012685,1.81672190658667,1.10708044746779,11.4790503141556,-67.5446924594626
988,151.886,16.445,5.623,2.2655608258188,1.63941496681106,1.38193250133961,11.6684856087807,-38.159291221363
988,151.962,16.455,5.654,2.35903368388319,1.65496910695372,1.42542460398275,12.265179432208,-60.4316717107846
988,152.038,16.463,5.678,2.35903368388319,1.65496910695372,1.42542460398275,12.265179432208,-60.4316717107846
988,152.114,16.473,5.685,2.28462116312271,1.66510745566045,1.37205629303758,11.9510574355167,-62.8944867295917
988,152.19,16.519,5.782,2.35903368388319,1.65496910695372,1.42542460398275,12.265179432208,-60.4316717107846
988,152.266,16.572,5.869,2.33223399550839,1.72423943300649,1.35261608733873,12.6333802266259,-65.1329976660563
988,152.342,16.567,5.862,2.31734011407499,1.68720372859441,1.37347972553708,12.2830771226225,-63.434948822922
988,152.418,16.602,5.901,2.28114594891302,1.76916284254186,1.28939286653543,12.6785840666652,-63.6150274762582
988,152.494,16.625,5.914,2.06915443458505,1.63456530470973,1.26587443684454,10.6253942955016,-69.4954565492149
988,152.57,16.648,5.9,2.31734011407499,1.68720372859441,1.37347972553708,12.2830771226225,-63.434948822922
988,152.646,16.653,5.895,2.06915443458505,1.63456530470973,1.26587443684454,10.6253942955016,-69.4954565492149
988,152.722,16.661,5.943,1.98344576543231,1.63872304115197,1.21036057687821,10.2111760198755,-77.508421496345
988,152.798,16.699,6.034,1.98344576543231,1.63872304115197,1.21036057687821,10.2111760198755,-77.508421496345
988,152.874,16.683,6.036,1.87446813810984,1.72243739047391,1.08826489048412,10.1431157135603,-71.565051177078
988,152.95,16.705,6.014,2.16470119790018,1.95984310353564,1.10452780326903,13.3281273942915,-71.565051177078
988,153.026,16.718,6.059,1.94944599022576,1.69943932553621,1.14711126248104,10.4079870673123,-80.2587828686989
988,153.102,16.722,6.085,1.95233255518635,1.87245876933203,1.04265716669575,11.4846015542864,-80.5876449908799
988,153.178,16.705,6.12,2.1416576783782,1.8213393575362,1.17586965302024,12.2543646594362,-78.4820054816538
988,153.254,16.693,6.16,2.10521322566877,1.61084967511864,1.30689614194678,10.65371258581,-76.5727893297407
988,153.33,16.743,6.202,1.95233255518635,1.87245876933203,1.04265716669575,11.4846015542864,-80.5876449908799
988,153.406,16.75,6.242,2.010055641594,1.56627642779559,1.28333390321337,9.89068485346513,-72.8921489337813
988,153.482,16.764,6.212,2.020867894648,1.68496887474028,1.19935028174303,10.6974355816197,90
988,153.558,16.816,6.23,1.96718632148105,1.73162061357763,1.1360377129126,10.7015852566316,-58.4489199792565
988,153.634,16.867,6.334,1.95696679583482,1.85747068168877,1.05356537528527,11.4197158369211,-90
988,153.71,16.876,6.357,2.12780826192063,1.71932379487211,1.23758437373276,11.4931754696845,-77.5078376656768
988,153.786,16.894,6.358,1.96791017990925,1.74003568655249,1.13095966658491,10.7575481931306,90
988,153.862,16.945,6.475,2.2490429720989,1.73130019820919,1.29904852689629,12.2326346506485,-80.1730879709734
988,153.938,16.97,6.504,2.14467278001408,1.8070321893462,1.18684813289908,12.1752195496132,90
988,154.014,16.968,6.507,2.22548478533074,1.63968993655483,1.35725952554587,11.4640014804809,-87.0847187677981
988,154.09,16.952,6.535,2.17276720642901,1.8070321893462,1.20239540791752,12.3347104579279,90
988,154.166,17.064,6.561,2.14792173851067,1.60656442113191,1.33696583234263,10.8409282722516,-86.1605180963157
988,154.242,17.109,6.613,2.36036355328373,1.51383600264405,1.55919369678165,11.2255493196545,-88.9246725432148
988,154.318,17.134,6.66,2.44649086907745,1.64520773515074,1.48704070422651,12.6448655115219,-77.7151811646428
988,154.394,17.161,6.662,2.34165525501371,1.64647178333955,1.42222616792382,12.1123140406099,-63.434948822922
988,154.47,17.175,6.707,2.2840163303436,1.58846217681385,1.43787895216045,11.3979292175711,-75.3963218627352
988,154.546,17.215,6.764,2.30554696528823,1.87491744166842,1.22967919229372,13.5801946638525,-76.4251591511084
988,154.622,17.239,6.804,2.23665396302852,1.88052279368264,1.18937881026609,13.2137861298696,81.5283958062254
988,154.698,17.296,6.849,2.02839671457014,1.79939239482201,1.12726758232786,11.4664412897689,78.7602828014485
988,154.774,17.324,6.865,2.40473911428054,1.61084960778961,1.4928389979126,12.1695028247991,-89.2732498123056
988,154.85,17.35,6.901,2.20068861900029,1.49222324628156,1.47477170355317,10.3167349103426,-82.6802192715874
988,154.926,17.376,6.916,2.03121770289876,1.62969068532972,1.24638234800232,10.3994777227233,82.8093027044547
988,155.002,17.433,6.916,2.20068861900029,1.49222324628156,1.47477170355317,10.3167349103426,-82.6802192715874
988,155.078,17.495,6.928,2.29365897382476,1.49137380677047,1.53795042088853,10.7464551485881,78.4053773723559
988,155.154,17.534,6.992,2.05969281112269,1.66413238615185,1.23769769055786,10.7681277311454,90
988,155.23,17.613,7.005,2.26909441472317,1.33016881475201,1.70586950284668,9.48220196481735,-85.651315617993
988,155.306,17.676,7.014,2.17164557365606,1.56111487036491,1.39108634148648,10.6505903377413,85.2844295827509
988,155.382,17.68,7.097,2.11513039179479,1.61249305346557,1.31171442087701,10.7148197777738,83.0098547119837
988,155.458,17.682,7.145,2.41930017429283,1.60202039104792,1.51015566831225,12.1760849395832,90
988,155.534,17.735,7.166,2.03121770289876,1.62969068532972,1.24638234800232,10.3994777227233,82.8093027044547
988,155.61,17.756,7.214,2.45218291868014,1.49204515868507,1.64350449073622,11.4943575767998,90
988,155.686,17.743,7.229,1.90614843084246,1.790709222666,1.06446563557907,10.7233790813178,-85.934948822922
988,155.762,17.803,7.229,2.22615319620967,1.42552834119212,1.56163376895616,9.96966984305343,85.4802585983225
988,155.838,17.871,7.25,2.47494237735006,1.27683711789759,1.93833836959975,9.92774157895188,90
988,155.914,17.908,7.289,2.12325250391994,1.66360201344431,1.27629834946159,11.0968816674842,90
988,155.99,17.929,7.331,2.17558012096661,1.88209817883835,1.15593338616873,12.8637392720625,90
988,156.066,17.958,7.393,2.17558012096661,1.88209817883835,1.15593338616873,12.8637392720625,90
988,156.142,17.972,7.449,2.04192149276881,1.8005302217933,1.13406676991797,11.5501953217272,-77.4210449534099
988,156.218,18.01,7.455,2.24584774053322,1.73502697183891,1.29441661541025,12.2415500542095,74.8146731468927
988,156.294,18.038,7.51,2.3583289260921,1.55343791948395,1.51813528980646,11.5092799169047,78.9660502187949
988,156.37,18.026,7.549,2.3197223466883,1.51973650310593,1.5263977287822,11.0752662117985,74.2650053991887
988,156.446,18.081,7.528,2.37134738300874,1.4638302464624,1.61996064006706,10.9052535745414,83.9949069390925
988,156.522,18.129,7.537,2.33269933619049,1.4161725447914,1.64718582122639,10.3782662699288,79.3379698069915
988,156.598,18.173,7.597,2.40056828450035,1.3766806421474,1.74373649995968,10.3823853134001,86.2026783157043
988,156.674,18.182,7.67,2.30417151600123,1.58209549591102,1.45640482635621,11.4524227348916,84.5325301920215
988,156.75,18.175,7.661,2.40056828450035,1.3766806421474,1.74373649995968,10.3823853134001,86.2026783157043
988,156.826,18.197,7.617,2.24994014654552,1.60135829680322,1.4050198203844,11.3190336755704,-85.3060117424556
988,156.902,18.226,7.578,2.28317740103301,1.65968642551171,1.3756679369894,11.9046209496039,81.1454248112076
988,156.978,18.26,7.564,2.37593714843919,1.61816356816403,1.46829232543836,12.0783396957766,90
988,157.054,18.207,7.555,2.37593714843919,1.61816356816403,1.46829232543836,12.0783396957766,90
988,157.13,18.228,7.506,2.26781145091401,1.50616830101899,1.50568263146936,10.7307559969481,87.6665708142805
988,157.206,18.226,7.515,2.55117820551729,1.54795233465383,1.64809868392221,12.406470646244,-86.6121719153005
988,157.282,18.23,7.522,2.3386174307012,1.35577000836493,1.72493669005231,9.96081966412267,90
988,157.358,18.287,7.556,2.40640207509443,1.52654393818306,1.57637262505435,11.5405730704999,-89.0205015485342
988,157.434,18.314,7.555,2.37593714843919,1.61816356816403,1.46829232543836,12.0783396957766,90
988,157.51,18.303,7.527,2.4716711803193,1.50443359394863,1.64292474607137,11.6819028194431,88.1629743365974
988,157.586,18.278,7.553,2.25474471291765,1.64284651996833,1.37246217800134,11.637085952445,90
988,157.662,18.338,7.571,2.44813888281032,1.68276782018288,1.45482867775797,12.9422600746777,-87.8572636317116
988,157.738,18.331,7.617,2.38001308139008,1.5039444466084,1.58251395971263,11.2450401698966,-78.148015837992
988,157.814,18.316,7.584,2.31514187474798,1.66413844569948,1.39119547458977,12.1036661701181,-84.0161941094621
988,157.89,18.317,7.539,2.51187316606456,1.41548964224106,1.77456131864566,11.1700283387827,87.5404638084675
988,157.966,18.348,7.531,2.48202300933167,1.5425313042223,1.60905843695862,12.0278959462903,-84.8663458542767
988,158.042,18.385,7.525,2.50901542313449,1.29741904136156,1.93385124092324,10.2266518456952,-87.3503127638163
988,158.118,18.389,7.571,2.38093152781049,1.5553879573943,1.5307637663591,11.634172818618,-89.5349777016408
988,158.194,18.411,7.614,2.45136722757384,1.85347440869966,1.32257948427443,14.2739720625884,-86.0199571483622
988,158.27,18.369,7.582,2.40856061678624,1.5593792909501,1.54456368041078,11.7993807601875,-82.9446116376583
988,158.346,18.378,7.559,2.45592328500875,1.61206311440293,1.52346596300503,12.437889966383,-67.4829578308286
988,158.422,18.358,7.594,2.41788458669082,1.56444525187553,1.54552202053229,11.8835393602805,-76.1026080662295
988,158.498,18.341,7.575,2.24994014654552,1.60135829680322,1.4050198203844,11.3190336755704,-85.3060117424556
988,158.574,18.329,7.54,2.55096157626078,1.49517213507797,1.70613236858361,11.9824323152735,-78.3519285875443
988,158.65,18.257,7.525,2.25474471291765,1.64284651996833,1.37246217800134,11.637085952445,90
988,158.726,18.286,7.512,2.19516481413329,1.6007863669138,1.37130404125405,11.0395248784842,-80.8248832064007
988,158.802,18.317,7.476,2.40640207509443,1.52654393818306,1.57637262505435,11.5405730704999,-89.0205015485342
988,158.878,18.305,7.454,2.40593566135581,1.68069825644851,1.43150958366543,12.703507012136,-86.4472592611599
988,158.954,18.281,7.516,2.39695072393473,1.57107336726493,1.52567714142311,11.830563889071,-86.0871274167956
988,159.03,18.342,7.531,2.25474471291765,1.64284651996833,1.37246217800134,11.637085952445,90
988,159.106,18.324,7.483,2.41281587274126,1.54057122732772,1.56618261456599,11.6776602666955,-84.4788764153869
988,159.182,18.268,7.469,2.34831263656168,1.56644203526771,1.4991379085153,11.5563348344657,-78.231097002601
988,159.258,18.278,7.455,2.46951487063946,1.48988515639498,1.65752028607014,11.5588415847631,-58.2716720600731
988,159.334,18.283,7.441,2.1878195316634,1.59325091485573,1.37317952324007,10.950792361973,-80.0314171121227
988,159.41,18.284,7.47,2.38736825956617,1.46870356224808,1.62549361282404,11.0154802581227,-56.2207637558989
988,159.486,18.233,7.451,2.58170787932759,1.62525856637845,1.58849055327879,13.1819432222761,-86.9001333589824
988,159.562,18.221,7.371,2.21870775316352,1.52904034238378,1.45104592185223,10.6578331676066,-77.8489544945545
988,159.638,18.241,7.408,2.03767095430123,1.4584412431685,1.39715669989855,9.33625843478678,-63.7400111683208
988,159.714,18.272,7.429,2.34506977610542,1.66778488177089,1.40609847333271,12.2869948092917,-85.5991458383961
988,159.79,18.3,7.46,2.34062920005911,1.6783186868105,1.39462738421108,12.3411866733078,-73.9050555908428
988,159.866,18.344,7.521,2.53943572791219,1.68840302322553,1.50404594932604,13.4698642624572,-87.3436173486628
988,159.942,18.294,7.492,2.55096157626078,1.49517213507797,1.70613236858361,11.9824323152735,-78.3519285875443
988,160.018,18.299,7.448,2.60135605285904,1.58306606606588,1.64323909697827,12.9374508043349,-85.0214173159478
988,160.094,18.339,7.44,2.2470617147548,1.53142123879338,1.46730478710435,10.810842465848,-88.6007281460031
988,160.17,18.286,7.447,2.05473070882545,1.73135547934515,1.18677575653188,11.1761193280991,-80.9646623063655
988,160.246,18.287,7.453,2.07451795954193,1.76473779984582,1.17553891559594,11.5013086886935,88.5747261719912
988,160.322,18.294,7.499,2.61744510230664,1.53612855578575,1.70392321166621,12.63150263116,-84.8274360211751
988,160.398,18.331,7.511,2.58170787932759,1.62525856637845,1.58849055327879,13.1819432222761,-86.9001333589824
988,160.474,18.345,7.502,2.50901542313449,1.29741904136156,1.93385124092324,10.2266518456952,-87.3503127638163
988,160.55,18.36,7.548,2.38293403399624,1.79519696809243,1.32739419481547,13.4392180031892,-70.4325785076217
988,160.626,18.344,7.552,2.34989793157723,1.73095522428736,1.35757291615945,12.7786420647239,-75.5325305488366
988,160.702,18.35,7.528,2.16210231625243,1.76560583540288,1.2245668160465,11.9927800926334,-71.1121578470227
988,160.778,18.352,7.551,2.19269894843318,1.80991660897882,1.21149169942715,12.4677316587275,-61.4225291513889
988,160.854,18.293,7.578,2.45920729621513,1.7845929418412,1.37802141796993,13.7874573610192,-66.9510095736607
988,160.93,18.359,7.56,2.24994014654552,1.60135829680322,1.4050198203844,11.3190336755704,-85.3060117424556
988,161.006,18.362,7.535,2.41788458669082,1.56444525187553,1.54552202053229,11.8835393602805,-76.1026080662295
988,161.082,18.37,7.497,2.12768611366542,1.73847984091588,1.22387735744148,11.6205608966485,-62.1833789331296
988,161.158,18.442,7.513,2.53262251596781,1.57183281380411,1.61125438642448,12.5062379409693,-81.6560466164738
988,161.234,18.407,7.575,2.38001308139008,1.5039444466084,1.58251395971263,11.2450401698966,-78.148015837992
988,161.31,18.378,7.565,2.20068861900029,1.49222324628156,1.47477170355317,10.3167349103426,-82.6802192715874
988,161.386,18.369,7.559,2.22542043253987,1.74136227279125,1.27797671243487,12.1744983443152,-62.2453849645063
988,161.462,18.352,7.557,2.21770430423,1.76718484762246,1.25493623783254,12.3121951690796,-58.1794760698469
988,161.538,18.315,7.567,2.40302602558244,1.82330706037761,1.31794916928845,13.7647446997162,-75.5776537914398
988,161.614,18.371,7.628,2.19516481413329,1.6007863669138,1.37130404125405,11.0395248784842,-80.8248832064007
988,161.69,18.435,7.659,2.31439451502,1.80073216655071,1.28525194252136,13.0929161492606,-73.9532064837699
988,161.766,18.439,7.644,2.28263470000203,1.83762030875145,1.24216884692188,13.1777744401019,-68.8073364572697
988,161.842,18.426,7.632,2.15802138494664,1.68319868633163,1.28209545460723,11.4114544281557,-77.1906640412229
988,161.918,18.439,7.639,2.15895766496634,1.77639264102967,1.2153606219146,12.0484995119706,-63.762874366046
988,161.994,18.446,7.645,2.15802138494664,1.68319868633163,1.28209545460723,11.4114544281557,-77.1906640412229
988,162.07,18.462,7.681,2.01068375535392,1.6610753352652,1.21047114039105,10.4925964853895,-26.9996255229196
988,162.146,18.524,7.71,2.21961435578292,1.59231133932306,1.39395751381545,11.1033846608104,-79.1697022717606
988,162.222,18.523,7.693,2.10230018400771,1.57342231019684,1.33613218166756,10.3917790675805,-80.1208108579116
988,162.298,18.513,7.687,2.10230018400771,1.57342231019684,1.33613218166756,10.3917790675805,-80.1208108579116
988,162.374,18.509,7.661,2.1878195316634,1.59325091485573,1.37317952324007,10.950792361973,-80.0314171121227
988,162.45,18.494,7.672,2.1878195316634,1.59325091485573,1.37317952324007,10.950792361973,-80.0314171121227
988,162.526,18.48,7.679,2.00218773774895,1.68941254210762,1.18513843590336,10.6265033623684,-65.0058814204833
988,162.602,18.461,7.627,2.21870775316352,1.52904034238378,1.45104592185223,10.6578331676066,-77.8489544945545
988,162.678,18.488,7.574,2.05161598903626,1.78947598356418,1.14648981482835,11.5337842122719,-84.3542010873991
988,162.754,18.514,7.569,1.92134432005977,1.62330284988376,1.18360188931926,9.79838781557713,-80.4579175012228
988,162.83,18.497,7.565,2.15802138494664,1.68319868633163,1.28209545460723,11.4114544281557,-77.1906640412229
988,162.906,18.517,7.495,2.36557729653946,1.5862334429522,1.49131725033914,11.788379759882,-71.4391020336019
988,162.982,18.492,7.406,1.92591671646369,1.5658580612279,1.2299433544784,9.47413934227281,-81.4644893543405
988,163.058,18.48,7.347,1.98772681779657,1.64712955511633,1.20678231510222,10.2857112870181,-39.7132382907195
988,163.134,18.456,7.331,2.020867894648,1.68608783593151,1.19855434075387,10.7045395794685,-45
988,163.21,18.469,7.323,2.01650787253608,1.80361947206167,1.11803398874989,11.4260128960359,90
988,163.286,18.511,7.272,2.20161035572149,1.53339523842555,1.43577487431228,10.6058246471882,-75.9815850529134
988,163.362,18.513,7.236,1.9615161555871,1.61450531275106,1.21493323069018,9.94904145834118,-68.2856553129308
988,163.438,18.507,7.237,1.88169883145446,1.53989168339589,1.2219683057868,9.10311776976795,-70.3951160037717
988,163.514,18.46,7.203,1.96108988973806,1.7563307672802,1.11658346267824,10.8206582963633,-70.3153413788176
988,163.59,18.422,7.169,1.84269186508887,1.7306721978498,1.06472610317439,10.0188392460796,0
988,163.666,18.395,7.15,1.88887163176395,1.75384557050842,1.0769885693051,10.407434039656,-32.5629230429361
988,163.742,18.44,7.19,1.98471856567782,1.87632385434451,1.057769724071,11.6992118390929,-30.9637565320735
988,163.818,18.465,7.202,1.97511200545608,1.68526050159063,1.17199210661609,10.4570369739967,-81.094279917361
988,163.894,18.437,7.148,1.89027486269989,1.78217414260881,1.06065665386259,10.5833941355564,-79.2080153791152
988,163.97,18.421,7.136,1.84269186508887,1.7306721978498,1.06472610317439,10.0188392460796,0
988,164.046,18.36,7.083,1.96791017990925,1.74003568655249,1.13095966658491,10.7575481931306,0
988,164.122,18.362,7.022,1.86143540426318,1.62314904208524,1.1468049797028,9.49196749606702,-79.1296104727641
988,164.198,18.369,7.015,2.02485364704818,1.75521996721865,1.15361817029509,11.1654199453371,-61.5160772389276
988,164.274,18.354,6.986,1.70928916967397,1.55190752614225,1.10141174063569,8.333573168503,45
988,164.35,18.265,6.945,2.07535468544953,1.70863859778558,1.21462472411616,11.1401853149065,-11.1703239799971
988,164.426,18.181,6.874,1.77188512293797,1.64647178333955,1.07617096197302,9.16515315692089,0
988,164.502,18.201,6.804,2.12972164844715,1.4995833543437,1.42020891488172,10.0332891688848,-21.1626484243058
988,164.578,18.222,6.77,1.94027233709293,1.76118970865854,1.10168275884986,10.7354116865533,-42.3880262018658
988,164.654,18.248,6.747,2.17981643789748,1.56963810480797,1.38873822648703,10.7490313399662,-29.3277596526424
988,164.73,18.257,6.738,2.1878195316634,1.59325091485573,1.37317952324007,10.950792361973,-9.96858288787726
988,164.806,18.32,6.709,2.16100981605834,1.50260232932226,1.43817813528417,10.201186090157,-19.7362299241719
988,164.882,18.306,6.7,2.08969406840249,1.61757817834826,1.29186588714761,10.6193482238247,-8.00662083544286
988,164.958,18.282,6.686,1.88169883145446,1.53989168339589,1.2219683057868,9.10311776976795,-19.6048839962283
988,165.034,18.221,6.663,1.89690897387109,1.61118742110097,1.17733601257567,9.60157384464637,6.13238686394619
988,165.11,18.185,6.587,1.96850152843602,1.60802265186653,1.22417524787419,9.94438182837752,-3.50825087236146
988,165.186,18.212,6.544,1.73526619675661,1.63204003378854,1.06324977379902,8.89706548652897,-58.9007293899671
988,165.262,18.208,6.533,1.6802903820816,1.66692912665642,1.0080154910077,8.7993653376987,0
988,165.338,18.245,6.439,2.12315493569561,1.5001431012272,1.41530160286625,10.0060864203923,-3.33870108902062
988,165.414,18.259,6.425,2.14391192480275,1.49100770297328,1.43789460009327,10.0423811295998,-11.6166302963134
988,165.49,18.299,6.454,2.21870775316352,1.52904034238378,1.45104592185223,10.6578331676066,-12.1510455054455
988,165.566,18.272,6.449,2.28000345944646,1.45700320620168,1.56485823074493,10.4362839319616,-0.566836763551451
988,165.642,18.294,6.455,2.26909441472317,1.33016881475201,1.70586950284668,9.48220196481735,-4.34868438200696
988,165.718,18.298,6.446,2.0570262239357,1.36887032336228,1.50271810910703,8.84610335570204,-6.16124831877628
988,165.794,18.251,6.424,2.24131794820631,1.41631310718107,1.58250173414498,9.97269681272764,-6.96271976587786
988,165.87,18.241,6.431,2.35911804789283,1.4603944563299,1.61539783834944,10.82354984407,-4.36111409502286
988,165.946,18.174,6.434,2.17288837328766,1.35270975186359,1.60632269435045,9.23404336414518,-3.0577517831427
988,166.022,18.199,6.382,1.99697031130721,1.34522206017615,1.48449120069122,8.4394755956031,0
988,166.098,18.127,6.356,2.20161035572149,1.53339523842555,1.43577487431228,10.6058246471882,-14.0184149470866
988,166.174,18.091,6.316,1.96352293469915,1.50143335827964,1.30776562534149,9.26172563865084,-9.74040011413968
988,166.25,18.103,6.313,2.30619368435285,1.4336950549377,1.60856639381592,10.3872943458506,-14.8282650631974
988,166.326,18.061,6.318,1.96352293469915,1.50143335827964,1.30776562534149,9.26172563865084,-9.74040011413968
988,166.402,18.093,6.278,2.11912607666715,1.57018423831267,1.34960345732701,10.4533930895847,-26.2436940985718
988,166.478,18.085,6.268,1.89690897387109,1.61118742110097,1.17733601257567,9.60157384464637,6.13238686394619
988,166.554,18.09,6.302,2.4059117111813,1.30650131350189,1.84149199569697,9.87505241672886,-4.78164191477153
988,166.63,18.053,6.303,2.05232560280281,1.53915547899551,1.3334101920244,9.9238142871026,-6.02838126691632
988,166.706,18.098,6.263,2.09640030104516,1.56839501197251,1.33665325701884,10.3295056734695,0
988,166.782,18.102,6.282,2.04080028611877,1.73665299281834,1.17513417738499,11.1343130655587,-6.63532193820184
988,166.858,18.066,6.304,2.05277000180749,1.65680332316545,1.23899437736853,10.6846702170138,-34.1880938677219
988,166.934,18.102,6.326,2.21277597288677,1.55468971156857,1.423291063433,10.8076443377158,-6.86484112971634
988,167.01,18.133,6.313,2.18443723867559,1.51457515343996,1.44227721794736,10.3939415945025,-3.95229090599558
988,167.086,18.138,6.284,2.20805365705943,1.62136961145446,1.3618447277291,11.2471250671427,-25.0398039300073
988,167.162,18.122,6.262,2.36109124815891,1.50687807997562,1.5668760993571,11.1773991355664,2.1362156461454
988,167.238,18.125,6.247,2.34970948907862,1.42952425635691,1.64370032801455,10.5525051398826,-12.415578640905
988,167.314,18.021,6.261,1.98471856567782,1.87632385434451,1.057769724071,11.6992118390929,-30.9637565320735
988,167.39,18.026,6.254,2.11513039179479,1.61249305346557,1.31171442087701,10.7148197777738,-6.99014528801633
988,167.466,18.038,6.224,2.0186086153669,1.73829069028162,1.16126067213756,11.0236241967946,-35.4497773141242
988,167.542,18.006,6.216,1.85747068168877,1.83191028506229,1.01395286485092,10.6899590420594,44.9999999999998
988,167.618,18.065,6.176,1.99140232801028,1.77237166076002,1.12358055147211,11.0882671400882,-4.91196586170794
988,167.694,18.017,6.147,2.06915443458505,1.63456530470973,1.26587443684454,10.6253942955016,-20.5045434507851
988,167.77,18.005,6.13,2.04328002098244,1.60950836115665,1.26950568900062,10.3316812348602,-14.8906355585407
988,167.846,18.035,6.109,1.91772857093877,1.62035868140676,1.18352102713076,9.76221057962435,0
988,167.922,18.013,6.133,2.06915443458505,1.63456530470973,1.26587443684454,10.6253942955016,-20.5045434507851
988,167.998,18.037,6.108,1.98344576543231,1.63872304115197,1.21036057687821,10.2111760198755,-12.491578503655
988,168.074,18.095,6.06,1.91772857093877,1.62035868140676,1.18352102713076,9.76221057962435,0
988,168.15,18.063,6.065,2.05787646012773,1.79330080124363,1.14753557166796,11.5937068403733,-19.1279077483281
988,168.226,18.027,6.053,2.19137702028794,1.65002510400383,1.32808707877868,11.3594558408545,-4.22509358896882
988,168.302,18.063,6.009,2.10521322566877,1.61084967511864,1.30689614194678,10.65371258581,-13.4272106702593
988,168.378,18.056,5.965,1.96868685780377,1.72062236845343,1.14417137304411,10.6417261638604,-21.7484785393583
988,168.454,18.013,5.914,2.15726249999584,1.60284938542903,1.3458922089666,10.86289500393,-8.8486378427449
988,168.53,17.941,5.86,2.17490061963232,1.85191023309327,1.17440931032578,12.653457804111,-27.2589745804744
988,168.606,17.9,5.808,2.05565417193399,1.73025894219888,1.18806157957004,11.1740607736058,-32.5952958122703
988,168.682,17.889,5.772,2.21975076618844,1.79383087348627,1.23743592497904,12.5093741308886,-17.2343203922038
988,168.758,17.88,5.735,2.23966658105333,1.57406629631589,1.42285403498904,11.0753194708679,-19.9993282642673
988,168.834,17.906,5.698,2.22875262821926,1.6870842920979,1.32106773719515,11.812682273618,-27.8206599629041
988,168.91,17.941,5.682,2.24664556553118,1.87051143474317,1.20108625042416,13.2021542608157,-25.2516027842443
988,168.986,17.916,5.685,2.27459141176787,1.78424763836246,1.27481822750537,12.7499475537591,-28.0681547155909
988,169.062,17.907,5.681,2.30724500300751,1.71610302128391,1.34446765397647,12.4390422426818,-27.1931363191271
988,169.138,17.938,5.642,2.27459141176787,1.78424763836246,1.27481822750537,12.7499475537591,-28.0681547155909
988,169.214,17.904,5.602,2.27459141176787,1.78424763836246,1.27481822750537,12.7499475537591,-28.0681547155909
988,169.29,17.847,5.59,2.27459141176787,1.78424763836246,1.27481822750537,12.7499475537591,-28.0681547155909
988,169.366,17.859,5.525,2.26030576437586,1.90631262568287,1.18569521804756,13.5366496724062,-17.0294201232147
988,169.442,17.872,5.479,2.12981496798214,1.80981956803045,1.17681066422546,12.1095227407188,-20.2935289502406
988,169.518,17.862,5.489,2.12981496798214,1.80981956803045,1.17681066422546,12.1095227407188,-20.2935289502406
988,169.594,17.842,5.508,2.12981496798214,1.80981956803045,1.17681066422546,12.1095227407188,-20.2935289502406
988,169.67,17.773,5.51,2.00424935241767,1.79585996979473,1.116038770354,11.307695229471,-45
988,169.746,17.811,5.46,2.22702149409671,1.85158843450857,1.20276269423112,12.9544428899408,-19.0907100841737
988,169.822,17.844,5.411,2.19859596557354,1.83780760925355,1.19631454049019,12.6939079512981,-12.8763692123211
988,169.898,17.789,5.384,2.13736861408783,1.70421476556315,1.25416623378542,11.4433616726455,-41.6627654764412
988,169.974,17.746,5.335,1.96074108438621,1.88860976970422,1.03819281030897,11.6335524863155,0
988,170.05,17.758,5.306,2.27459992489182,1.59311158620899,1.42777188025135,11.3841625774795,-13.5730968444036
988,170.126,17.734,5.305,2.07535468544953,1.70863859778558,1.21462472411616,11.1401853149065,-11.1703239799971
988,170.202,17.743,5.27,2.24010771497994,1.61207423540844,1.38958099185326,11.3449820084247,0
988,170.278,17.776,5.236,1.9946560917541,1.60639765768088,1.24169509474618,10.0663253412826,-16.173721749721
988,170.354,17.744,5.182,1.98399931389044,1.56435394062499,1.26825474872892,9.75048931747517,-7.83514912210131
988,170.43,17.798,5.124,2.04919401971905,1.77752127869523,1.15283796840015,11.4432071774311,-35.7395752612645
988,170.506,17.827,5.09,2.07484544698154,1.64806481973602,1.25895864175651,10.7426125796965,-35.868555028903
988,170.582,17.81,5.064,2.11183548831417,1.5527828836447,1.36003269391871,10.3019797425779,-35.9439709725861
988,170.658,17.799,5.033,2.14068605703544,1.6931047052654,1.26435538828645,11.3864061186275,-47.6369479786759
988,170.734,17.798,4.997,2.09357883829342,1.5045226634033,1.39152363019753,9.89550418178122,-29.4674175572507
988,170.81,17.786,4.95,2.28033775276091,1.57767897030205,1.44537500701067,11.3023222773529,-45
988,170.886,17.762,4.878,2.11402781484593,1.76804632627734,1.19568575971482,11.7423280706033,-43.6867971808546
988,170.962,17.734,4.85,2.16583865557395,1.78120340912774,1.21594122517122,12.1196336160966,-52.8641553808894
988,171.038,17.681,4.862,2.16583865557395,1.78120340912774,1.21594122517122,12.1196336160966,-52.8641553808894
988,171.114,17.715,4.844,2.23487665288093,1.86384414749571,1.19906841775572,13.0861840949602,-47.6059405851103
988,171.19,17.677,4.825,2.11402781484593,1.76804632627734,1.19568575971482,11.7423280706033,-43.6867971808546
988,171.266,17.668,4.804,2.22569417256311,1.64740349816739,1.35103159307299,11.5190150381134,-15.6440547999057
988,171.342,17.655,4.837,2.18643088809099,1.77223662028193,1.23371273512177,12.1732721972482,-29.4359123379108
988,171.418,17.602,4.892,2.2139688718602,1.7755259787175,1.24693690680854,12.3494726952651,-22.2157045309607
988,171.494,17.631,4.845,2.40508209976684,1.77971448135644,1.35138648640639,13.4471457771021,-49.7789509879994
988,171.57,17.641,4.791,2.23535447228479,1.78988517090283,1.24888149732939,12.5695996113161,-17.940320695009
988,171.646,17.658,4.808,2.23535447228479,1.78988517090283,1.24888149732939,12.5695996113161,-17.940320695009
988,171.722,17.582,4.828,2.2277330195044,1.76641905007744,1.26115771872294,12.3625128057348,-45.1122560467563
988,171.798,17.542,4.835,2.29536773296162,1.89580997579024,1.21075833668658,13.6708950464174,-40.2945090412284
988,171.874,17.544,4.873,2.27613369530209,2.03528721997096,1.11833537447092,14.5536975823578,-34.6029425222482
988,171.95,17.587,4.904,2.12981496798214,1.80981956803045,1.17681066422546,12.1095227407188,-20.2935289502406
988,172.026,17.554,4.947,2.33032884980333,1.73934885248877,1.33977082657625,12.7336755368213,-34.7901234247008
988,172.102,17.504,5.012,2.43807315271711,1.50913552265582,1.61554288274026,11.5591219792476,-15.2745616303567
988,172.178,17.502,5.025,2.21277597288677,1.55468971156857,1.423291063433,10.8076443377158,-6.86484112971634
988,172.254,17.439,5.002,2.00424935241767,1.79585996979473,1.116038770354,11.307695229471,-45
988,172.33,17.475,4.969,2.19221115693358,1.83286816314514,1.1960550142198,12.6230262107383,-33.7397171985516
988,172.406,17.428,4.96,2.19146368122939,1.83228031440747,1.19603079506864,12.6146749979894,-31.4767415085418
988,172.482,17.438,4.996,2.29230630220263,1.64050254434818,1.39731956533687,11.814066997019,-22.2568149266557
988,172.558,17.45,4.996,1.92591671646369,1.5658580612279,1.2299433544784,9.47413934227281,-8.53551064565955
988,172.634,17.447,4.954,2.28357677538399,1.55780550430608,1.46589337954689,11.1758026520882,-15.4013198439739
988,172.71,17.426,4.98,2.19269894843318,1.80991660897882,1.21149169942715,12.4677316587275,-61.4225291513889
988,172.786,17.376,4.996,2.28237937900676,1.64682802051308,1.38592454741915,11.8082613136914,-19.197582251623
988,172.862,17.401,5.023,2.2857036535845,1.68560418682949,1.35601446142807,12.1039019382167,-32.509380196892
988,172.938,17.409,5.046,2.1878195316634,1.59325091485573,1.37317952324007,10.950792361973,-9.96858288787726
988,173.014,17.43,5.03,2.00424935241767,1.79585996979473,1.116038770354,11.307695229471,-45
988,173.09,17.356,5.028,2.1878195316634,1.59325091485573,1.37317952324007,10.950792361973,-9.96858288787726
988,173.166,17.366,5.041,2.25711170165148,1.70982380172187,1.32008438493982,12.1242332649396,-22.041888416953
988,173.242,17.352,5.035,1.91772857093877,1.62035868140676,1.18352102713076,9.76221057962435,0
988,173.318,17.326,5.014,2.43268468210622,1.74940110721022,1.39058142359681,13.3698055294227,-35.5605720272476
988,173.394,17.321,5.03,2.25711170165148,1.70982380172187,1.32008438493982,12.1242332649396,-22.041888416953
988,173.47,17.266,5.031,2.32999425645313,1.66553577912998,1.39894578408291,12.1915434227178,-24.4627383196696
988,173.546,17.178,4.987,2.32747074268887,1.7235882278043,1.35036356430321,12.6028167731529,-31.1770123181307
988,173.622,17.158,4.993,2.24955884240598,1.82554264186709,1.23226858185313,12.9014704552096,-27.7020496616843
988,173.698,17.154,5.02,2.10948908435597,1.78211405208075,1.1837003820788,11.8103467819127,-45
988,173.774,17.139,5.032,2.2538733043201,1.75957752736653,1.28091730501546,12.4591317704883,-34.0701667566877
988,173.85,17.135,5.033,2.29012842778795,1.80971406897824,1.26546423385046,13.0202604927636,-36.4650495070447
988,173.926,17.127,5.022,2.18643088809099,1.77223662028193,1.23371273512177,12.1732721972482,-29.4359123379108
988,174.002,17.175,5.002,2.12110232516664,1.77868703014781,1.19251014327708,11.8525291206692,-36.2836037504578
988,174.078,17.149,5.015,2.43592272988663,1.88447635185171,1.29262578832208,14.4212887461463,-27.4172395138018
988,174.154,17.165,5.072,2.22360421073007,1.78479037770609,1.24586295315417,12.4679363456726,-22.4374501217627
988,174.23,17.21,5.067,2.21908009019989,1.55055134879541,1.43115549957365,10.8095845472979,-17.3326609347443
988,174.306,17.138,5.023,2.28033775276091,1.57767897030205,1.44537500701067,11.3023222773529,-45
988,174.382,17.151,4.963,2.27304062174788,1.86053652284399,1.22171244360919,13.2860312488946,-35.1539893806318
988,174.458,17.121,4.997,2.41697554354186,1.59786228711588,1.51263069604356,12.132812198227,-53.4098648884334
988,174.534,17.079,5.051,2.15392861816964,1.81518323441368,1.18661773496678,12.2829207810651,-16.0940097047225
988,174.61,17.121,4.998,2.34160290740642,1.66182264116616,1.40905704941126,12.2249697450542,-21.306580522335
988,174.686,17.095,4.971,2.2538733043201,1.75957752736653,1.28091730501546,12.4591317704883,-34.0701667566877
988,174.762,17.047,4.984,2.27459141176787,1.78424763836246,1.27481822750537,12.7499475537591,-28.0681547155909
988,174.838,17.047,4.966,2.25711170165148,1.70982380172187,1.32008438493982,12.1242332649396,-22.041888416953
988,174.914,17.068,4.943,2.28238733239544,1.75057944459148,1.30378963345366,12.552234542852,-27.1889946791255
988,174.99,17.01,4.916,2.15802138494664,1.68319868633163,1.28209545460723,11.4114544281557,-12.8093359587771
988,175.066,17.01,4.889,2.42754628126976,1.64273160155151,1.47774979124832,12.5280651451967,-7.61474341601796
988,175.142,16.994,4.896,2.31764338713719,1.79334196660388,1.29235997946683,13.0574868396492,-22.3196757569974
988,175.218,16.972,4.862,2.52115927583809,1.62814361721138,1.54848703098823,12.8956390017964,-5.73448424280073
988,175.294,16.966,4.786,2.19947774644537,1.77442393738313,1.23954467706804,12.2610265418546,-24.9968719929117
988,175.37,16.962,4.788,2.62828406974153,1.6367171933232,1.60582663911842,13.5143704691585,-2.52170466038412
988,175.446,16.944,4.79,2.33132217870255,1.62578558700506,1.43396656812366,11.907358713362,-0.663173338379008
988,175.522,16.947,4.765,2.52143594622527,1.55747598239901,1.61892444873625,12.3372728836198,-6.36482625628934
988,175.598,16.976,4.739,2.22067011260113,1.80054618826315,1.23333137859865,12.561404091374,-7.11864023288053
988,175.674,16.971,4.733,2.70898583165823,1.59153501090922,1.70212141931494,13.5448064363659,-1.72802035265771
988,175.75,16.972,4.757,2.23986445789941,1.73901175295213,1.28800995973549,12.2369765639569,-21.2960288382189
988,175.826,16.933,4.756,2.49078712007697,1.41796946356016,1.75658727785522,11.0956656698335,-0.840929645587035
988,175.902,16.942,4.759,2.0860735621872,1.71307303335223,1.21773766884011,11.226784087091,-3.49196873004265
988,175.978,16.977,4.709,2.42640709761622,1.78670119141001,1.35803743193419,13.6196349542642,-1.43760981677722
988,176.054,16.964,4.662,2.46372350422683,1.68862712776144,1.45900978595134,13.0700004150633,-5.61477436816427
988,176.13,16.952,4.687,2.64201583224435,1.45379241522591,1.81732674113161,12.0666769853509,-0.706540899130451
988,176.206,16.965,4.709,2.74687202011105,1.38148525153388,1.98834697443288,11.9216001398192,-2.63119769979756
988,176.282,16.977,4.704,2.49078712007697,1.41796946356016,1.75658727785522,11.0956656698335,-0.840929645587035
988,176.358,16.993,4.692,2.66792817431955,1.53236336985052,1.74105452193092,12.8435703230371,-2.62970173760322
988,176.434,16.943,4.679,2.6522281994675,1.35180077796548,1.96199635530556,11.2635023258814,-6.73657905636558
988,176.51,16.848,4.607,2.2470617147548,1.53142123879338,1.46730478710435,10.810842465848,1.39927185399686
988,176.586,16.826,4.583,2.0474522587144,1.59150336567755,1.28648943060371,10.2369649899174,0
988,176.662,16.81,4.543,2.32486785194692,1.53264343377122,1.51690067025332,11.1941023585264,-2.77329573431653
988,176.738,16.814,4.452,2.22548478533074,1.63968993655483,1.35725952554587,11.4640014804809,-2.91528123220188
988,176.814,16.829,4.406,2.32172058893758,1.3630108451889,1.70337646038011,9.94166527518123,0
988,176.89,16.791,4.37,1.91772857093877,1.62035868140676,1.18352102713076,9.76221057962435,0
988,176.966,16.772,4.324,1.91772857093877,1.62035868140676,1.18352102713076,9.76221057962435,0
988,177.042,16.766,4.249,1.95914230718012,1.44112847635849,1.35945013877636,8.86989657143648,2.36671916528774
988,177.118,16.711,4.157,1.95914230718012,1.44112847635849,1.35945013877636,8.86989657143648,2.36671916528774
988,177.194,16.681,4.116,1.84423372242635,1.48864549307842,1.23886696396238,8.62496057533079,5.79979761055817
988,177.27,16.654,4.081,2.09640030104516,1.56839501197251,1.33665325701884,10.3295056734695,0
988,177.346,16.568,4.033,2.40056828450035,1.3766806421474,1.74373649995968,10.3823853134001,3.79732168429572
988,177.422,16.567,3.994,2.30417151600123,1.58209549591102,1.45640482635621,11.4524227348916,-5.46746980797848
988,177.498,16.585,3.976,2.14698405804254,1.48731608177112,1.44352910881316,10.0318716302425,4.2498737080015
988,177.574,16.547,3.998,2.22548478533074,1.63968993655483,1.35725952554587,11.4640014804809,2.91528123220189
988,177.65,16.519,4.001,2.21870775316352,1.52904034238378,1.45104592185223,10.6578331676066,12.1510455054455
988,177.726,16.516,3.994,2.11577777074882,1.55525182999704,1.36040847529679,10.3376218981908,11.4880562750337
988,177.802,16.481,3.998,2.26909441472317,1.33016881475201,1.70586950284668,9.48220196481735,4.34868438200696
988,177.878,16.46,3.944,2.35911804789283,1.4603944563299,1.61539783834944,10.82354984407,4.36111409502287
988,177.954,16.453,3.942,2.20153204185422,1.61286523466819,1.36498201742636,11.1550870627516,2.56065825538931
988,178.03,16.443,3.983,2.2990214008853,1.63484760468259,1.40626037209852,11.8078319068644,1.41772284002103
988,178.106,16.465,3.984,2.24010771497994,1.56222414899918,1.43392208884688,10.9941617291786,0
988,178.182,16.432,4.005,2.20068861900029,1.49222324628156,1.47477170355317,10.3167349103426,7.3197807284126
988,178.258,16.452,3.931,2.26568471060885,1.37092863227083,1.65266422866661,9.75807593886191,2.00125532582213
988,178.334,16.461,3.924,2.27904874140477,1.54974327217386,1.47059760305196,11.0959181830407,6.77312437364659
988,178.41,16.519,3.975,2.23377243986546,1.52251113949642,1.46716328171122,10.6843788723281,4.38538164136608
988,178.486,16.541,3.959,1.92591671646369,1.5658580612279,1.2299433544784,9.47413934227281,8.53551064565955
988,178.562,16.53,3.971,2.29589520989413,1.44030528694993,1.59403373069334,10.3885871995324,0
988,178.638,16.491,3.981,1.92591671646369,1.5658580612279,1.2299433544784,9.47413934227281,8.53551064565955
988,178.714,16.422,3.959,2.24116863012705,1.52340980364374,1.47115282097211,10.7260830120212,14.1679840154642
988,178.79,16.442,3.946,2.23381986477602,1.57120198515688,1.42172673270456,11.0263059941293,0
988,178.866,16.413,3.958,2.24010771497994,1.56222414899918,1.43392208884688,10.9941617291786,0
988,178.942,16.393,3.948,2.1727603344222,1.61807941807575,1.34280203440575,11.0448934517541,-1.62977758952503
988,179.018,16.356,3.942,2.17867065918437,1.51885749684063,1.43441413280457,10.3958136629732,7.66516046859925
988,179.094,16.364,3.91,2.1538239985921,1.57606778600475,1.366580814428,10.6643644079121,4.58277048421472
988,179.17,16.305,3.873,2.1878195316634,1.59325091485573,1.37317952324007,10.950792361973,9.96858288787726
988,179.246,16.281,3.857,2.35568992119805,1.6597251765978,1.41932529217089,12.2829922668899,5.48078178181475
988,179.322,16.316,3.823,2.26909441472317,1.33016881475201,1.70586950284668,9.48220196481735,4.34868438200696
988,179.398,16.18,3.816,2.14165998322187,1.43257139512583,1.494976090203,9.63866019630261,18.7451640322547
988,179.474,16.17,3.735,2.26909441472317,1.33016881475201,1.70586950284668,9.48220196481735,4.34868438200696
988,179.55,16.109,3.615,2.32313118849647,1.33470726217461,1.7405548424989,9.74113655546421,9.66802493077927
988,179.626,16.049,3.572,2.02776648362564,1.45640271410839,1.39231166214012,9.27789157206768,9.63804942673393
988,179.702,16.052,3.498,2.40056828450035,1.3766806421474,1.74373649995968,10.3823853134001,3.79732168429572
988,179.778,16.01,3.389,2.22548478533074,1.63968993655483,1.35725952554587,11.4640014804809,2.91528123220189
988,179.854,15.966,3.374,2.31514187474798,1.66413844569948,1.39119547458977,12.1036661701181,5.9838058905379
988,179.93,15.958,3.366,2.2990214008853,1.63484760468259,1.40626037209852,11.8078319068644,-1.41772284002102
988,180.006,15.999,3.297,2.25474471291765,1.64284651996833,1.37246217800134,11.637085952445,0
988,180.082,15.986,3.265,2.34506977610542,1.66778488177089,1.40609847333271,12.2869948092917,4.4008541616039
988,180.158,15.983,3.254,2.2639992238019,1.59846925496515,1.41635456344842,11.3692138057652,15.2903299559221
988,180.234,15.96,3.216,2.55167776379814,1.55474298178725,1.64122159976877,12.4633360987007,15.6904598981532
988,180.31,15.997,3.185,1.95444655422791,1.95444655422791,1,12.0004483025317,0
988,180.386,15.876,3.145,2.04317253576271,1.79178995240776,1.14029690423096,11.5011697076267,42.2127159296522
988,180.462,15.8,3.131,2.05969281112269,1.66413238615185,1.23769769055786,10.7681277311454,0
988,180.538,15.879,3.14,2.34211879374379,1.58245088686046,1.48005780981329,11.6436470344261,10.4609497602008
988,180.614,15.862,3.098,2.14224255158468,1.81071022442759,1.18309518700702,12.1861766150692,21.1156112651943
988,180.69,15.878,3.048,2.1266757964276,1.71114971460066,1.24283443948907,11.4324463048692,37.3232575482092
988,180.766,15.905,3.059,2.00353900917368,1.93679686735239,1.03446006287305,12.1907871700389,20.607760045256
988,180.842,15.862,3.046,2.08216911151548,1.98623529958813,1.0482993187903,12.9926149595498,29.9528792617774
988,180.918,15.801,2.986,2.12573151336434,1.72332141445935,1.23350844220272,11.5086549220676,13.499962701552
988,180.994,15.786,2.947,2.1755849381991,1.7357190590302,1.25341997420635,11.8632955044031,21.3402131834546
988,181.07,15.769,2.922,2.05688973541066,1.4428204457189,1.42560340166638,9.3233754075935,2.05499898063739
988,181.146,15.794,2.869,1.89531158129621,1.69108831300683,1.12076440166881,10.0692419675143,25.4696708098478
988,181.222,15.763,2.831,1.95704487244729,1.5250927223196,1.28323009073882,9.37663271475934,12.8451872029783
988,181.298,15.62,2.842,1.96850152843602,1.60802265186653,1.22417524787419,9.94438182837752,-3.50825087236146
988,181.374,15.681,2.789,2.17647391484805,1.68627925464696,1.29069601541396,11.5300936923127,15.6865025700542
988,181.45,15.635,2.721,1.89690897387109,1.61118742110097,1.17733601257567,9.60157384464637,6.1323868639462
988,181.526,15.562,2.731,2.3154027152245,1.6964353606895,1.36486350666696,12.3399593001498,14.4674336294352
988,181.602,15.558,2.725,2.22548478533074,1.63968993655483,1.35725952554587,11.4640014804809,2.91528123220189
988,181.678,15.55,2.641,2.1472582412583,1.77498145327368,1.2097355931793,11.9736889083674,18.9904453507425
988,181.754,15.575,2.62,2.16373079122365,1.85032992906619,1.16937566497431,12.5777301152736,-6.86813415281128
988,181.83,15.564,2.623,2.19933072557039,1.8138691011811,1.21250796109724,12.53274943552,4.69808996169736
988,181.906,15.543,2.585,2.16373079122365,1.85032992906619,1.16937566497431,12.5777301152736,-6.86813415281128
988,181.982,15.493,2.536,2.12437905933009,1.77130091350648,1.19933267302655,11.8215447642514,11.7339494461718
988,182.058,15.444,2.492,2.12346936133676,1.85033308842779,1.14761465090647,12.3437121876742,22.5269500294502
988,182.134,15.359,2.484,1.92591671646369,1.5658580612279,1.2299433544784,9.47413934227281,8.53551064565955
988,182.21,15.411,2.492,2.13728341396206,1.66571441302137,1.2831031521696,11.18439590435,0
988,182.286,15.409,2.51,2.1878195316634,1.59325091485573,1.37317952324007,10.950792361973,9.96858288787727
988,182.362,15.375,2.459,2.13637275068734,1.7751137055086,1.2035131856949,11.9138761138903,8.94126364790489
988,182.438,15.334,2.399,1.98678928881774,1.79623631533138,1.10608457910573,11.2115370159294,6.34019174590991
988,182.514,15.368,2.367,2.28228746779136,1.73698518237696,1.31393606056453,12.4542142281728,7.94507222155445
988,182.59,15.348,2.368,1.85747068168877,1.82468921219161,1.01796550847023,10.6478210761029,90
988,182.666,15.311,2.358,2.25377941773845,1.85098927801959,1.21760803506642,13.1058497342629,2.66343135366217
988,182.742,15.363,2.298,1.84269186508887,1.7306721978498,1.06472610317439,10.0188392460796,0
988,182.818,15.277,2.282,1.95696679583482,1.85747068168877,1.05356537528527,11.4197158369211,0
988,182.894,15.258,2.239,2.19889651694768,1.85290129022521,1.18673160224332,12.7999109363872,4.45746347857393
988,182.97,15.219,2.207,1.97611529625401,1.78448052812379,1.10738966612973,11.0783215368208,15.4099590286145
988,183.046,15.133,2.209,2.18844605634162,1.79365618922621,1.22010342310123,12.3317558898512,-5.02533024244709
988,183.122,15.18,2.181,2.24994014654552,1.60135829680322,1.4050198203844,11.3190336755704,-4.69398825754439
988,183.198,15.12,2.185,1.96850152843602,1.60802265186653,1.22417524787419,9.94438182837752,3.50825087236145
988,183.274,14.993,2.178,2.020867894648,1.68496887474028,1.19935028174303,10.6974355816197,0
988,183.35,15.059,2.123,1.86143540426318,1.62314904208524,1.1468049797028,9.49196749606702,10.8703895272359
988,183.426,15.121,2.117,2.10829447087016,1.66571441302137,1.26569984289565,11.0326968763829,0
988,183.502,14.984,2.119,2.07535468544953,1.70863859778558,1.21462472411616,11.1401853149065,11.1703239799971
988,183.578,14.933,2.099,1.98344576543231,1.63872304115197,1.21036057687821,10.2111760198755,12.491578503655
988,183.654,14.964,2.069,1.98344576543231,1.63872304115197,1.21036057687821,10.2111760198755,12.491578503655
988,183.73,14.998,2.007,1.94070868574699,1.82581529359489,1.0629271715245,11.1318427502543,30.6761917715956
988,183.806,14.978,1.969,1.97191610006952,1.67694680670061,1.17589663082353,10.3886135826261,35.8849609913925
988,183.882,14.917,2.002,2.36925767855883,1.82744648892217,1.29648539255244,13.6021274046584,63.9639674455645
988,183.958,14.889,2.027,1.91619508030251,1.57692611424252,1.21514575920569,9.4929444332978,25.6216387308115
988,184.034,14.901,1.958,2.28752725279452,2.01257589531153,1.13661664045739,14.463334029733,73.1687293345611
988,184.11,14.94,1.855,1.7217517608316,1.35224758855024,1.27325186261009,7.31436492463308,-12.8205029121526
988,184.186,14.914,1.772,2.35622521529336,2.02755794913903,1.16210006046628,15.0085918552697,39.8302877576034
988,184.262,14.82,1.741,1.98471856567782,1.87632385434451,1.057769724071,11.6992118390929,59.0362434679264
988,184.338,14.785,1.784,2.4157550968761,1.57653990835694,1.53231458593001,11.9648634376465,1.05275709442802
988,184.414,14.782,1.793,1.92067687087172,1.46172641530895,1.31397835515326,8.82003431022905,19.1365579754993
988,184.49,14.684,1.735,2.53509290680561,1.65962622770498,1.52750834162898,13.2176437503866,0
988,NaN,14.644,1.636,NaN,NaN,NaN,NaN,NaN
988,NaN,14.568,1.636,NaN,NaN,NaN,NaN,NaN
988,NaN,14.481,1.67,NaN,NaN,NaN,NaN,NaN
988,NaN,14.454,1.628,NaN,NaN,NaN,NaN,NaN
988,NaN,14.443,1.581,NaN,NaN,NaN,NaN,NaN
988,NaN,14.368,1.554,NaN,NaN,NaN,NaN,NaN
988,NaN,14.296,1.538,NaN,NaN,NaN,NaN,NaN
988,NaN,14.208,1.478,NaN,NaN,NaN,NaN,NaN
988,NaN,14.141,1.453,NaN,NaN,NaN,NaN,NaN
988,NaN,14.107,1.445,NaN,NaN,NaN,NaN,NaN
988,NaN,14.031,1.407,NaN,NaN,NaN,NaN,NaN
988,NaN,14.029,1.34,NaN,NaN,NaN,NaN,NaN
988,NaN,14.048,1.192,NaN,NaN,NaN,NaN,NaN
988,NaN,14.011,1.112,NaN,NaN,NaN,NaN,NaN
988,NaN,13.94,1.203,NaN,NaN,NaN,NaN,NaN
988,NaN,13.902,1.213,NaN,NaN,NaN,NaN,NaN
988,NaN,13.879,1.118,NaN,NaN,NaN,NaN,NaN
988,NaN,13.836,1.08,NaN,NaN,NaN,NaN,NaN
988,NaN,13.761,1.062,NaN,NaN,NaN,NaN,NaN
988,NaN,13.729,1.102,NaN,NaN,NaN,NaN,NaN
988,NaN,13.75,1.065,NaN,NaN,NaN,NaN,NaN
988,NaN,13.704,1.081,NaN,NaN,NaN,NaN,NaN
988,NaN,13.708,1.058,NaN,NaN,NaN,NaN,NaN
988,NaN,13.763,0.746,NaN,NaN,NaN,NaN,NaN
988,NaN,13.786,0.647,NaN,NaN,NaN,NaN,NaN
988,NaN,13.752,0.781,NaN,NaN,NaN,NaN,NaN
988,NaN,13.772,0.521,NaN,NaN,NaN,NaN,NaN
988,NaN,13.784,0.592,NaN,NaN,NaN,NaN,NaN
988,NaN,13.677,1.058,NaN,NaN,NaN,NaN,NaN
988,NaN,13.659,1.072,NaN,NaN,NaN,NaN,NaN
988,NaN,13.715,0.737,NaN,NaN,NaN,NaN,NaN
988,NaN,13.696,0.711,NaN,NaN,NaN,NaN,NaN
988,NaN,13.599,1.055,NaN,NaN,NaN,NaN,NaN
988,NaN,13.494,1.173,NaN,NaN,NaN,NaN,NaN
988,NaN,13.435,1.028,NaN,NaN,NaN,NaN,NaN
988,NaN,13.452,0.96,NaN,NaN,NaN,NaN,NaN
988,NaN,13.44,1.078,NaN,NaN,NaN,NaN,NaN
988,NaN,13.381,1.052,NaN,NaN,NaN,NaN,NaN
988,NaN,13.344,1.057,NaN,NaN,NaN,NaN,NaN
988,NaN,13.331,1.015,NaN,NaN,NaN,NaN,NaN
988,NaN,13.311,0.846,NaN,NaN,NaN,NaN,NaN
988,NaN,13.265,0.868,NaN,NaN,NaN,NaN,NaN
988,NaN,13.261,0.875,NaN,NaN,NaN,NaN,NaN
988,NaN,13.331,0.393,NaN,NaN,NaN,NaN,NaN
988,NaN,13.221,0,NaN,NaN,NaN,NaN,NaN
988,NaN,13.069,0,NaN,NaN,NaN,NaN,NaN
988,NaN,13.069,0,NaN,NaN,NaN,NaN,NaN
988,NaN,13.069,0,NaN,NaN,NaN,NaN,NaN
988,NaN,13.069,0,NaN,NaN,NaN,NaN,NaN
988,NaN,13.069,0,NaN,NaN,NaN,NaN,NaN
988,NaN,12.917,0,NaN,NaN,NaN,NaN,NaN
988,NaN,12.917,0,NaN,NaN,NaN,NaN,NaN
988,NaN,12.917,0,NaN,NaN,NaN,NaN,NaN
988,NaN,12.765,0,NaN,NaN,NaN,NaN,NaN
988,NaN,12.765,0,NaN,NaN,NaN,NaN,NaN
988,NaN,12.765,0,NaN,NaN,NaN,NaN,NaN
988,NaN,12.765,0,NaN,NaN,NaN,NaN,NaN
988,NaN,12.765,0,NaN,NaN,NaN,NaN,NaN
988,NaN,12.765,0,NaN,NaN,NaN,NaN,NaN
988,NaN,12.613,0,NaN,NaN,NaN,NaN,NaN
988,NaN,12.613,0,NaN,NaN,NaN,NaN,NaN
988,NaN,12.613,0,NaN,NaN,NaN,NaN,NaN
988,NaN,12.461,0,NaN,NaN,NaN,NaN,NaN
988,NaN,12.461,0,NaN,NaN,NaN,NaN,NaN
988,NaN,12.461,0,NaN,NaN,NaN,NaN,NaN
988,NaN,12.461,0,NaN,NaN,NaN,NaN,NaN
988,NaN,12.461,0,NaN,NaN,NaN,NaN,NaN
988,NaN,12.461,0,NaN,NaN,NaN,NaN,NaN
988,NaN,12.461,0,NaN,NaN,NaN,NaN,NaN
988,NaN,12.461,0,NaN,NaN,NaN,NaN,NaN
988,NaN,12.461,0,NaN,NaN,NaN,NaN,NaN
988,NaN,12.461,0,NaN,NaN,NaN,NaN,NaN
988,NaN,12.461,0,NaN,NaN,NaN,NaN,NaN
988,NaN,12.461,0,NaN,NaN,NaN,NaN,NaN
988,NaN,12.461,0,NaN,NaN,NaN,NaN,NaN
988,NaN,12.309,0,NaN,NaN,NaN,NaN,NaN
988,NaN,12.157,0,NaN,NaN,NaN,NaN,NaN
988,NaN,12.157,0,NaN,NaN,NaN,NaN,NaN
988,NaN,12.157,0,NaN,NaN,NaN,NaN,NaN
988,NaN,12.005,0,NaN,NaN,NaN,NaN,NaN
988,NaN,12.005,0,NaN,NaN,NaN,NaN,NaN
988,NaN,12.157,0,NaN,NaN,NaN,NaN,NaN
988,NaN,12.157,0,NaN,NaN,NaN,NaN,NaN
988,NaN,12.157,0,NaN,NaN,NaN,NaN,NaN
988,NaN,12.157,0,NaN,NaN,NaN,NaN,NaN
988,NaN,12.005,0,NaN,NaN,NaN,NaN,NaN
988,NaN,11.853,0,NaN,NaN,NaN,NaN,NaN
988,NaN,11.853,0,NaN,NaN,NaN,NaN,NaN
988,NaN,11.853,0,NaN,NaN,NaN,NaN,NaN
988,NaN,11.853,0,NaN,NaN,NaN,NaN,NaN
988,NaN,11.701,0,NaN,NaN,NaN,NaN,NaN
988,NaN,11.701,0,NaN,NaN,NaN,NaN,NaN
988,NaN,11.853,0,NaN,NaN,NaN,NaN,NaN
988,NaN,11.853,0,NaN,NaN,NaN,NaN,NaN
988,NaN,11.853,0,NaN,NaN,NaN,NaN,NaN
988,NaN,11.853,0,NaN,NaN,NaN,NaN,NaN
988,NaN,11.701,0,NaN,NaN,NaN,NaN,NaN
988,NaN,11.549,0,NaN,NaN,NaN,NaN,NaN
988,NaN,11.549,0,NaN,NaN,NaN,NaN,NaN
988,NaN,11.549,0,NaN,NaN,NaN,NaN,NaN
988,NaN,11.549,0,NaN,NaN,NaN,NaN,NaN
988,NaN,11.549,0,NaN,NaN,NaN,NaN,NaN
988,NaN,11.549,0,NaN,NaN,NaN,NaN,NaN
988,NaN,11.549,0,NaN,NaN,NaN,NaN,NaN
988,NaN,11.549,0,NaN,NaN,NaN,NaN,NaN
988,NaN,11.549,0,NaN,NaN,NaN,NaN,NaN
988,NaN,11.549,0,NaN,NaN,NaN,NaN,NaN
988,NaN,11.397,0,NaN,NaN,NaN,NaN,NaN
988,NaN,11.397,0,NaN,NaN,NaN,NaN,NaN
988,NaN,11.549,0,NaN,NaN,NaN,NaN,NaN
988,NaN,11.549,0,NaN,NaN,NaN,NaN,NaN
988,NaN,11.549,0,NaN,NaN,NaN,NaN,NaN
988,NaN,11.549,0,NaN,NaN,NaN,NaN,NaN
988,NaN,11.549,0,NaN,NaN,NaN,NaN,NaN
988,NaN,11.549,0,NaN,NaN,NaN,NaN,NaN
988,NaN,11.549,0,NaN,NaN,NaN,NaN,NaN
988,NaN,11.397,0,NaN,NaN,NaN,NaN,NaN
988,NaN,11.245,0,NaN,NaN,NaN,NaN,NaN
988,NaN,11.245,0,NaN,NaN,NaN,NaN,NaN
988,NaN,11.397,0,NaN,NaN,NaN,NaN,NaN
988,NaN,11.397,0,NaN,NaN,NaN,NaN,NaN
988,NaN,11.245,0,NaN,NaN,NaN,NaN,NaN
988,NaN,11.245,0,NaN,NaN,NaN,NaN,NaN
988,NaN,11.245,0,NaN,NaN,NaN,NaN,NaN
988,NaN,11.397,0,NaN,NaN,NaN,NaN,NaN
988,NaN,11.397,0,NaN,NaN,NaN,NaN,NaN
988,NaN,11.245,0,NaN,NaN,NaN,NaN,NaN
988,NaN,11.245,0,NaN,NaN,NaN,NaN,NaN
988,NaN,11.245,0,NaN,NaN,NaN,NaN,NaN
988,NaN,11.245,0,NaN,NaN,NaN,NaN,NaN
988,NaN,11.245,0,NaN,NaN,NaN,NaN,NaN
988,NaN,11.245,0,NaN,NaN,NaN,NaN,NaN
988,NaN,11.245,0,NaN,NaN,NaN,NaN,NaN
988,NaN,11.245,0,NaN,NaN,NaN,NaN,NaN
988,NaN,11.245,0,NaN,NaN,NaN,NaN,NaN
988,NaN,11.093,0,NaN,NaN,NaN,NaN,NaN
988,NaN,10.941,0,NaN,NaN,NaN,NaN,NaN
988,NaN,11.093,0,NaN,NaN,NaN,NaN,NaN
988,NaN,11.245,0,NaN,NaN,NaN,NaN,NaN
988,NaN,11.093,0,NaN,NaN,NaN,NaN,NaN
988,NaN,11.093,0,NaN,NaN,NaN,NaN,NaN
988,NaN,11.093,0,NaN,NaN,NaN,NaN,NaN
988,NaN,10.941,0,NaN,NaN,NaN,NaN,NaN
988,NaN,10.941,0,NaN,NaN,NaN,NaN,NaN
988,NaN,10.941,0,NaN,NaN,NaN,NaN,NaN
988,NaN,10.941,0,NaN,NaN,NaN,NaN,NaN
988,NaN,10.789,0,NaN,NaN,NaN,NaN,NaN
988,NaN,10.789,0,NaN,NaN,NaN,NaN,NaN
988,NaN,10.789,0,NaN,NaN,NaN,NaN,NaN
988,NaN,10.637,0,NaN,NaN,NaN,NaN,NaN
988,NaN,10.637,0,NaN,NaN,NaN,NaN,NaN
988,NaN,10.637,0,NaN,NaN,NaN,NaN,NaN
988,NaN,10.789,0,NaN,NaN,NaN,NaN,NaN
988,NaN,10.789,0,NaN,NaN,NaN,NaN,NaN
988,NaN,10.637,0,NaN,NaN,NaN,NaN,NaN
988,NaN,10.637,0,NaN,NaN,NaN,NaN,NaN
988,NaN,10.637,0,NaN,NaN,NaN,NaN,NaN
988,NaN,10.637,0,NaN,NaN,NaN,NaN,NaN
988,NaN,10.637,0,NaN,NaN,NaN,NaN,NaN
988,NaN,10.637,0,NaN,NaN,NaN,NaN,NaN
988,NaN,10.637,0,NaN,NaN,NaN,NaN,NaN
988,NaN,10.637,0,NaN,NaN,NaN,NaN,NaN
988,NaN,10.637,0,NaN,NaN,NaN,NaN,NaN
988,NaN,10.637,0,NaN,NaN,NaN,NaN,NaN
988,NaN,10.637,0,NaN,NaN,NaN,NaN,NaN
988,NaN,10.637,0,NaN,NaN,NaN,NaN,NaN
988,NaN,10.637,0,NaN,NaN,NaN,NaN,NaN
988,NaN,10.637,0,NaN,NaN,NaN,NaN,NaN
988,NaN,10.637,0,NaN,NaN,NaN,NaN,NaN
988,NaN,10.637,0,NaN,NaN,NaN,NaN,NaN
988,NaN,10.637,0,NaN,NaN,NaN,NaN,NaN
988,NaN,10.637,0,NaN,NaN,NaN,NaN,NaN
988,NaN,10.637,0,NaN,NaN,NaN,NaN,NaN
988,NaN,10.637,0,NaN,NaN,NaN,NaN,NaN
988,NaN,10.637,0,NaN,NaN,NaN,NaN,NaN
988,NaN,10.637,0,NaN,NaN,NaN,NaN,NaN
988,NaN,10.637,0,NaN,NaN,NaN,NaN,NaN
988,NaN,10.637,0,NaN,NaN,NaN,NaN,NaN
988,NaN,10.637,0,NaN,NaN,NaN,NaN,NaN
988,NaN,10.789,0,NaN,NaN,NaN,NaN,NaN
988,NaN,10.941,0,NaN,NaN,NaN,NaN,NaN
988,NaN,10.789,0,NaN,NaN,NaN,NaN,NaN
988,NaN,10.637,0,NaN,NaN,NaN,NaN,NaN
988,NaN,10.789,0,NaN,NaN,NaN,NaN,NaN
988,NaN,10.941,0,NaN,NaN,NaN,NaN,NaN
988,NaN,10.941,0,NaN,NaN,NaN,NaN,NaN
988,NaN,10.941,0,NaN,NaN,NaN,NaN,NaN
988,NaN,10.789,0,NaN,NaN,NaN,NaN,NaN
988,NaN,10.637,0,NaN,NaN,NaN,NaN,NaN
988,NaN,10.637,0,NaN,NaN,NaN,NaN,NaN
988,NaN,10.637,0,NaN,NaN,NaN,NaN,NaN
988,NaN,10.637,0,NaN,NaN,NaN,NaN,NaN
988,NaN,10.637,0,NaN,NaN,NaN,NaN,NaN
988,NaN,10.637,0,NaN,NaN,NaN,NaN,NaN
988,NaN,10.637,0,NaN,NaN,NaN,NaN,NaN
988,NaN,10.637,0,NaN,NaN,NaN,NaN,NaN
988,NaN,10.637,0,NaN,NaN,NaN,NaN,NaN
988,NaN,10.637,0,NaN,NaN,NaN,NaN,NaN
988,NaN,10.637,0,NaN,NaN,NaN,NaN,NaN
988,NaN,10.485,0,NaN,NaN,NaN,NaN,NaN
988,NaN,10.485,0,NaN,NaN,NaN,NaN,NaN
988,NaN,10.637,0,NaN,NaN,NaN,NaN,NaN
988,NaN,10.637,0,NaN,NaN,NaN,NaN,NaN
988,NaN,10.637,0,NaN,NaN,NaN,NaN,NaN
988,NaN,10.637,0,NaN,NaN,NaN,NaN,NaN
988,NaN,10.485,0,NaN,NaN,NaN,NaN,NaN
988,NaN,10.333,0,NaN,NaN,NaN,NaN,NaN
988,NaN,10.485,0,NaN,NaN,NaN,NaN,NaN
988,NaN,10.637,0,NaN,NaN,NaN,NaN,NaN
988,NaN,10.485,0,NaN,NaN,NaN,NaN,NaN
988,NaN,10.333,0,NaN,NaN,NaN,NaN,NaN
988,NaN,10.333,0,NaN,NaN,NaN,NaN,NaN
988,NaN,10.333,0,NaN,NaN,NaN,NaN,NaN
988,NaN,10.333,0,NaN,NaN,NaN,NaN,NaN
988,NaN,10.333,0,NaN,NaN,NaN,NaN,NaN
988,NaN,10.333,0,NaN,NaN,NaN,NaN,NaN
988,NaN,10.333,0,NaN,NaN,NaN,NaN,NaN
988,NaN,10.333,0,NaN,NaN,NaN,NaN,NaN
988,NaN,10.485,0,NaN,NaN,NaN,NaN,NaN
988,NaN,10.485,0,NaN,NaN,NaN,NaN,NaN
988,NaN,10.333,0,NaN,NaN,NaN,NaN,NaN
988,NaN,10.333,0,NaN,NaN,NaN,NaN,NaN
988,NaN,10.333,0,NaN,NaN,NaN,NaN,NaN
988,NaN,10.333,0,NaN,NaN,NaN,NaN,NaN
988,NaN,10.333,0,NaN,NaN,NaN,NaN,NaN
988,NaN,10.333,0,NaN,NaN,NaN,NaN,NaN
988,NaN,10.333,0,NaN,NaN,NaN,NaN,NaN
988,NaN,10.333,0,NaN,NaN,NaN,NaN,NaN
988,NaN,10.333,0,NaN,NaN,NaN,NaN,NaN
988,NaN,10.333,0,NaN,NaN,NaN,NaN,NaN
988,NaN,10.333,0,NaN,NaN,NaN,NaN,NaN
988,NaN,10.333,0,NaN,NaN,NaN,NaN,NaN
988,NaN,10.333,0,NaN,NaN,NaN,NaN,NaN
988,NaN,10.333,0,NaN,NaN,NaN,NaN,NaN
988,NaN,10.333,0,NaN,NaN,NaN,NaN,NaN
988,NaN,10.333,0,NaN,NaN,NaN,NaN,NaN
988,NaN,10.333,0,NaN,NaN,NaN,NaN,NaN
988,NaN,10.333,0,NaN,NaN,NaN,NaN,NaN
988,NaN,10.333,0,NaN,NaN,NaN,NaN,NaN
988,NaN,10.333,0,NaN,NaN,NaN,NaN,NaN
988,NaN,10.181,0,NaN,NaN,NaN,NaN,NaN
988,NaN,10.181,0,NaN,NaN,NaN,NaN,NaN
988,NaN,10.333,0,NaN,NaN,NaN,NaN,NaN
988,NaN,10.333,0,NaN,NaN,NaN,NaN,NaN
988,NaN,10.333,0,NaN,NaN,NaN,NaN,NaN
988,NaN,10.333,0,NaN,NaN,NaN,NaN,NaN
988,NaN,10.181,0,NaN,NaN,NaN,NaN,NaN
988,NaN,10.181,0,NaN,NaN,NaN,NaN,NaN
988,NaN,10.333,0,NaN,NaN,NaN,NaN,NaN
988,NaN,10.181,0,NaN,NaN,NaN,NaN,NaN
988,NaN,10.181,0,NaN,NaN,NaN,NaN,NaN
988,NaN,10.181,0,NaN,NaN,NaN,NaN,NaN
988,NaN,10.181,0,NaN,NaN,NaN,NaN,NaN
988,NaN,10.181,0,NaN,NaN,NaN,NaN,NaN
988,NaN,10.181,0,NaN,NaN,NaN,NaN,NaN
988,NaN,10.333,0,NaN,NaN,NaN,NaN,NaN
988,NaN,10.333,0,NaN,NaN,NaN,NaN,NaN
988,NaN,10.181,0,NaN,NaN,NaN,NaN,NaN
988,NaN,10.029,0,NaN,NaN,NaN,NaN,NaN
988,NaN,10.029,0,NaN,NaN,NaN,NaN,NaN
988,NaN,10.029,0,NaN,NaN,NaN,NaN,NaN
988,NaN,10.181,0,NaN,NaN,NaN,NaN,NaN
988,NaN,10.181,0,NaN,NaN,NaN,NaN,NaN
988,NaN,10.029,0,NaN,NaN,NaN,NaN,NaN
988,NaN,10.029,0,NaN,NaN,NaN,NaN,NaN
988,NaN,10.029,0,NaN,NaN,NaN,NaN,NaN
988,NaN,10.029,0,NaN,NaN,NaN,NaN,NaN
988,NaN,9.877,0,NaN,NaN,NaN,NaN,NaN
988,NaN,9.877,0,NaN,NaN,NaN,NaN,NaN
988,NaN,9.877,0,NaN,NaN,NaN,NaN,NaN
988,NaN,9.726,0,NaN,NaN,NaN,NaN,NaN
988,NaN,9.726,0,NaN,NaN,NaN,NaN,NaN
988,NaN,9.877,0,NaN,NaN,NaN,NaN,NaN
988,NaN,9.877,0,NaN,NaN,NaN,NaN,NaN
988,NaN,9.726,0,NaN,NaN,NaN,NaN,NaN
988,NaN,9.726,0,NaN,NaN,NaN,NaN,NaN
988,NaN,9.726,0,NaN,NaN,NaN,NaN,NaN
988,NaN,9.726,0,NaN,NaN,NaN,NaN,NaN
988,NaN,9.574,0,NaN,NaN,NaN,NaN,NaN
988,NaN,9.422,0,NaN,NaN,NaN,NaN,NaN
988,NaN,9.574,0,NaN,NaN,NaN,NaN,NaN
988,NaN,9.726,0,NaN,NaN,NaN,NaN,NaN
988,NaN,9.726,0,NaN,NaN,NaN,NaN,NaN
988,NaN,9.726,0,NaN,NaN,NaN,NaN,NaN
988,NaN,9.726,0,NaN,NaN,NaN,NaN,NaN
988,NaN,9.726,0,NaN,NaN,NaN,NaN,NaN
988,NaN,9.574,0,NaN,NaN,NaN,NaN,NaN
988,NaN,9.422,0,NaN,NaN,NaN,NaN,NaN
988,NaN,9.422,0,NaN,NaN,NaN,NaN,NaN
988,NaN,9.422,0,NaN,NaN,NaN,NaN,NaN
988,NaN,9.422,0,NaN,NaN,NaN,NaN,NaN
988,NaN,9.422,0,NaN,NaN,NaN,NaN,NaN
988,NaN,9.422,0,NaN,NaN,NaN,NaN,NaN
988,NaN,9.422,0,NaN,NaN,NaN,NaN,NaN
988,NaN,9.422,0,NaN,NaN,NaN,NaN,NaN
988,NaN,9.422,0,NaN,NaN,NaN,NaN,NaN
988,NaN,9.422,0,NaN,NaN,NaN,NaN,NaN
988,NaN,9.422,0,NaN,NaN,NaN,NaN,NaN
988,NaN,9.422,0,NaN,NaN,NaN,NaN,NaN
988,NaN,9.422,0,NaN,NaN,NaN,NaN,NaN
988,NaN,9.422,0,NaN,NaN,NaN,NaN,NaN
988,NaN,9.422,0,NaN,NaN,NaN,NaN,NaN
988,NaN,9.422,0,NaN,NaN,NaN,NaN,NaN
988,NaN,9.422,0,NaN,NaN,NaN,NaN,NaN
988,NaN,9.27,0,NaN,NaN,NaN,NaN,NaN
988,NaN,9.27,0,NaN,NaN,NaN,NaN,NaN
988,NaN,9.422,0,NaN,NaN,NaN,NaN,NaN
988,NaN,9.422,0,NaN,NaN,NaN,NaN,NaN
988,NaN,9.27,0,NaN,NaN,NaN,NaN,NaN
988,NaN,9.27,0,NaN,NaN,NaN,NaN,NaN
988,NaN,9.27,0,NaN,NaN,NaN,NaN,NaN
988,NaN,9.118,0,NaN,NaN,NaN,NaN,NaN
988,NaN,9.118,0,NaN,NaN,NaN,NaN,NaN
988,NaN,9.118,0,NaN,NaN,NaN,NaN,NaN
988,NaN,9.118,0,NaN,NaN,NaN,NaN,NaN
988,NaN,9.118,0,NaN,NaN,NaN,NaN,NaN
988,NaN,9.118,0,NaN,NaN,NaN,NaN,NaN
988,NaN,9.27,0,NaN,NaN,NaN,NaN,NaN
988,NaN,9.27,0,NaN,NaN,NaN,NaN,NaN
988,NaN,9.118,0,NaN,NaN,NaN,NaN,NaN
988,NaN,9.118,0,NaN,NaN,NaN,NaN,NaN
988,NaN,9.118,0,NaN,NaN,NaN,NaN,NaN
988,NaN,9.118,0,NaN,NaN,NaN,NaN,NaN
988,NaN,9.27,0,NaN,NaN,NaN,NaN,NaN
988,NaN,9.27,0,NaN,NaN,NaN,NaN,NaN
988,NaN,9.118,0,NaN,NaN,NaN,NaN,NaN
988,NaN,9.27,0,NaN,NaN,NaN,NaN,NaN
988,NaN,9.27,0,NaN,NaN,NaN,NaN,NaN
988,NaN,9.27,0,NaN,NaN,NaN,NaN,NaN
988,NaN,9.27,0,NaN,NaN,NaN,NaN,NaN
999,51.262,15.013,66.26,3.04144645211343,2.31586872367994,1.31330693359879,22.1280928394724,26.313911135404
999,51.338,15.036,66.096,1.94944599022576,1.69943932553621,1.14711126248104,10.4079870673123,9.74121713130113
999,51.414,15.114,65.926,2.50484142797204,2.09083383853985,1.19801075618774,16.4531717207064,-58.3363749419532
999,51.49,15.028,65.895,2.0604696140208,1.96051600936,1.05098331469042,12.6907263658005,54.4623222080256
999,51.566,15.053,65.796,2.75082114964072,2.20025329411067,1.25022930632747,19.0144998905614,-10.2969685798639
999,51.642,15.06,65.743,2.50507194283806,2.06420804213084,1.21357532366366,16.2451430978708,-83.2063964230697
999,51.718,15.077,65.73,2.42427906292306,2.1048771505826,1.15174373110187,16.0309491714505,-75.4862334513472
999,51.794,14.925,65.628,2.30741579482054,1.94288833077511,1.1876214182109,14.0839207847114,-87.5498532261855
999,51.87,14.829,65.58,2.54711867424505,2.21948545257296,1.14761674661678,17.7603432656176,-80.9811564224913
999,51.946,14.914,65.506,2.23731497637537,1.98478657438758,1.12723201841775,13.9505334911971,-73.9713121328973
999,52.022,14.981,65.435,2.58711080224035,2.24192116779567,1.15397046042618,18.221546746514,29.1436327119551
999,NaN,14.879,65.335,NaN,NaN,NaN,NaN,NaN
999,52.25,14.766,65.097,2.29338294519981,2.040318929318,1.12403159733777,14.70024287139,3.61116199127884e-15
999,52.326,14.783,65,2.94698151248661,2.18358685232834,1.34960581455428,20.2161175760809,-15.1503905795485
999,52.402,14.845,65.029,2.51441942723905,2.02021525755429,1.24462946106201,15.9582492133664,22.3242482800633
999,52.478,14.834,65.019,2.17742558832107,2.03102169263812,1.07208386607274,13.8933749655263,71.830301835415
999,52.554,14.667,64.905,3.11696802081947,2.17189455341485,1.43513782283707,21.2677210524252,22.5411016787663
999,52.63,14.659,64.777,3.09879672889,2.25772455502303,1.37253090594942,21.9793030927114,3.28898201543478
999,52.706,14.719,64.697,3.00428191690849,2.07600475490864,1.4471459710316,19.5938103568261,11.9644631764436
999,52.782,14.725,64.681,3.02254459094507,2.69558791185723,1.12129327248043,25.5962350402671,-7.66208873186286
999,52.858,14.71,64.597,1.75514481833646,1.75514481833646,1,9.67778088913848,0
999,52.934,14.686,64.473,2.39944474119618,1.8199347269971,1.31842351574624,13.7188098753933,32.2724311633144
999,53.01,14.648,64.396,2.20023651011014,2.00486556079511,1.09744840409027,13.8581256699544,-63.8328105992916
999,53.086,14.697,64.309,3.0854850587561,2.72129370938125,1.1338302249843,26.3784175271726,6.47523420572332
999,53.162,14.627,64.322,2.35390878487105,1.70332096301029,1.38195257147013,12.5960969241461,90
999,53.238,14.522,64.387,3.06128362190423,2.46523207217514,1.24178313938743,23.7088915371775,1.41900733054613
999,53.314,14.49,64.271,3.01049361161715,1.94624932540375,1.54681806299027,18.4071290747128,4.28192713525275
999,53.39,14.484,64.206,2.38216049693867,2.21737414366254,1.07431598936386,16.5943356497455,-33.3133880871787
999,53.466,14.513,64.278,3.05309536964525,2.16888976684557,1.40767659856023,20.8030840129287,19.7104252968475
999,53.542,14.527,64.068,3.10235251116863,2.22678935429881,1.39319532185636,21.7030191175516,-18.9908114205342
999,53.618,14.385,63.877,2.85898281931434,1.92817003247306,1.48274414142171,17.318359356185,-0.569641218522941
999,53.694,14.288,63.791,3.15926067300563,2.10617378200375,1.5,20.9040067205391,0
999,53.77,14.35,63.695,3.06741802405756,2.11923046366548,1.44742069192044,20.422129514463,-7.13860280299491
999,53.846,14.278,63.701,2.70313733975217,1.85711006471463,1.45556119215128,15.770869136817,38.7756119984471
999,53.922,14.234,63.618,2.9957677019928,1.93070048156518,1.55164808347911,18.1707524520784,6.39759726799532
999,53.998,14.203,63.536,2.93512922094112,1.87982104797955,1.56138757149029,17.3337930348766,1.58991505993212
999,54.074,14.067,63.384,2.95447954955233,1.85326054465461,1.59420625344557,17.2015404385297,6.29936816776328
999,54.15,13.996,63.293,2.71125278561644,2.12855006968447,1.27375570076129,18.130248403356,14.4415902409596
999,54.226,14.018,63.311,2.1453529798302,1.69204918392539,1.26790225734053,11.4041156631171,-48.6900401120605
999,54.302,14.006,63.291,2.87643658423583,2.27073823668347,1.26674071796008,20.5197350780622,14.0701319030859
999,54.378,13.976,63.226,2.80649790365553,2.25019396465306,1.24722488271727,19.8396748537392,-2.01640937447385
999,54.454,13.971,63.254,2.71536483769788,2.29919775662859,1.1810053440899,19.6134679262156,36.3118924501404
999,54.53,14.027,63.303,2.60935131268541,2.38058630119878,1.09609607993268,19.5149012318369,-1.68773259315144
999,54.606,13.965,63.243,3.03776433290531,2.56853762370634,1.18268243566621,24.5126284783857,5.93946963606286
999,54.682,13.991,63.179,2.71363535475768,2.15379984647904,1.25992921728258,18.3614385357246,46.5975799330416
999,54.758,13.987,63.026,2.79369340476321,2.18433216399261,1.27896912878708,19.1711116281032,15.9663151275153
999,54.834,13.886,62.984,2.60508960752649,2.15661855037445,1.20795103384146,17.6500473809834,20.5173989727101
999,54.91,13.915,62.877,2.69204055958237,2.04419418175572,1.31692017500521,17.2883529158477,26.7286737087046
999,54.986,13.833,62.744,2.76963676138442,2.21238786981048,1.25187667098432,19.2501428344895,15.2803013627169
999,55.062,13.802,62.614,3.06213764161959,2.23511295788932,1.3700147148318,21.5017623350622,6.79751610512565
999,55.138,13.828,62.501,2.99955366547789,2.24412767430572,1.33662344608173,21.1472583273064,8.39223214442185
999,55.214,13.909,62.476,2.64276089976625,2.26950473304933,1.16446591244399,18.8425136342581,0
999,55.29,14.012,62.289,2.73737219929716,2.30215724927332,1.18904657801339,19.7978810150199,24.3750602836363
999,55.366,13.951,62.152,2.86524041496254,2.26780951223746,1.26343963172447,20.413501904705,3.7088765047818
999,55.442,13.945,62.023,2.57903882731591,2.25351825302947,1.1444499390448,18.2586571290857,43.4849110842325
999,55.518,13.757,61.909,2.87450476372921,2.47973258681054,1.15919949554981,22.3932822791616,-2.95894363359729
999,55.594,13.678,61.938,2.89842331840609,2.25095038269273,1.28764425048713,20.4964010260261,-2.82798314358867
999,55.67,13.78,61.96,3.13064320807267,2.42059941375983,1.29333387022926,23.8070931600798,0.826801739481945
999,55.746,13.619,61.91,2.74521067255432,2.04373016987964,1.34323538058647,17.6258109398945,-83.8506498888058
999,55.822,13.612,61.645,2.79223480290897,1.98759282798775,1.40483240007253,17.4352921766156,9.99155326095
999,55.898,13.585,61.552,2.97894090813325,2.17083424205567,1.3722562738426,20.3160103067053,-3.86647668965982
999,55.974,13.712,61.595,2.56896343279074,2.34326651261653,1.0963172216899,18.9116525922766,-2.74128832348224
999,56.05,13.716,61.434,2.42538040369243,2.09186889108172,1.15943232103722,15.9391147926645,-52.7449909961325
999,56.126,13.592,61.224,2.30234298676316,1.5483561293434,1.48695958451077,11.1992967549465,-82.0835394694604
999,56.202,13.688,61.191,2.91227875988861,2.29585450566952,1.26849447676098,21.0052172517047,1.20423040794223
999,56.278,13.649,61.228,2.78127357542941,2.17500733444586,1.2787421593399,19.0044063606827,13.1512346206611
999,56.354,13.648,61.168,2.6639486336727,2.20636370262577,1.20739324640918,18.4651492966864,4.5399248358443
999,56.43,13.508,61.09,2.97007525525584,2.23906608159748,1.32647949949598,20.8922030150064,14.0281648534405
999,56.506,13.52,60.908,2.30858584866389,1.52591253299826,1.51292148058301,11.0668886920611,85.0969536200515
999,56.582,13.512,60.896,3.1316110842192,2.5327860774381,1.23642936611007,24.9181734477499,24.7730399159053
999,56.658,13.487,60.835,2.2320887254917,1.53204679377719,1.45693247396745,10.7431924792347,-88.0137520296247
999,56.734,13.544,60.669,2.9330229117881,2.3978183924915,1.22320477688074,22.0943696339476,41.3434011168335
999,56.81,13.496,60.591,2.32529420454784,1.64284651996833,1.4154056244966,12.0012027827443,90
999,56.886,13.463,60.496,3.01507401093817,2.45706346763616,1.22710465181384,23.2736353033594,10.8513118787451
999,56.962,13.476,60.517,2.62688370210951,1.87468855073533,1.40123739544851,15.4710519974692,-87.0863527506655
999,57.038,13.575,60.434,2.80481610489671,2.45160469614536,1.14407355692649,21.6025346150216,65.6341814806046
999,57.114,13.431,60.349,3.15856040501405,2.84495675980433,1.11023142764085,28.2302503488898,26.5099503190625
999,57.19,13.39,60.365,2.55919733668075,1.59957955260063,1.599918761477,12.8605485048016,90
999,57.266,13.446,60.293,2.97856671055076,1.93536554270383,1.53902022374001,18.110073323064,-81.1774124726727
999,57.342,13.306,60.247,2.31514187474798,1.66413844569948,1.39119547458977,12.1036661701181,-84.0161941094621
999,57.418,13.297,60.138,2.80088238763943,2.33111980373212,1.20151799283556,20.5120628832145,11.3763589808578
999,57.494,13.361,60.07,2.58422427319882,1.93124296299399,1.33811453178968,15.6789504788797,90
999,57.57,13.335,60.138,2.69595065629244,2.47286871306628,1.09021180220665,20.9441563686361,26.0848061036857
999,57.646,13.306,60.128,2.24994014654552,1.60135829680322,1.4050198203844,11.3190336755704,85.3060117424556
999,57.722,13.391,60.153,2.70546608794459,2.17424803215265,1.24432265681574,18.479961110516,61.4430189147798
999,57.798,13.232,60.141,2.85266633069857,2.52595827747896,1.1293402413383,22.6374248607316,-87.5733216130864
999,57.874,13.12,60.027,3.12392371610538,2.16654235857432,1.44189367161095,21.2626542550718,30.5192622587409
999,57.95,13.237,59.906,2.82579910813022,2.38682212260045,1.1839169250918,21.1890365900086,49.9662885939464
999,58.026,13.168,59.915,3.25954849113344,2.51945198418553,1.29375297151661,25.7996256792142,40.6600097477639
999,58.102,13.108,59.987,3.12672434904138,2.20642741920573,1.41709821126449,21.6735031975718,11.0773910393504
999,58.178,13.088,59.963,3.00384194342021,2.5182041797212,1.19285082901927,23.7639095280095,10.1170420245371
999,58.254,13.121,59.904,2.84174774382782,2.46069134523286,1.1548574547284,21.9681020982634,2.85263573285383
999,58.33,13.276,59.837,2.68387576555303,2.23223818610864,1.20232499482132,18.8214385750489,38.6888915759629
999,58.406,13.3,59.795,2.75929016213442,2.14255075896196,1.28785287844068,18.5728420249689,11.9700034088954
999,58.482,13.21,59.864,2.83945722567505,2.33386336572861,1.21663387298964,20.8190366846792,22.9138816905982
999,58.558,13.247,59.886,2.75929016213442,2.14255075896196,1.28785287844068,18.5728420249689,11.9700034088954
999,58.634,13.255,59.81,2.83028828888708,1.88078522141511,1.50484396445734,16.7232141291694,86.033454528119
999,58.71,13.222,59.699,3.05935574971205,2.37906651932824,1.28594796524475,22.8658020085866,21.5322368466361
999,58.786,13.169,59.482,2.64630428310867,2.30275243166815,1.14919183092194,19.1441858621501,63.7175328979882
999,58.862,13.14,59.33,2.58874963151163,1.9992667685967,1.29484952792403,16.2596304266521,50.83542904477
999,58.938,13.024,59.219,3.12433449028039,2.26966678747734,1.37656087118981,22.2776562505662,17.0191686186642
999,59.014,13.026,59.197,2.38079426522607,2.04118135728635,1.16638056521897,15.266986922636,90
999,59.09,12.956,59.24,2.57371721320527,2.14073160051961,1.20226057885097,17.3090375393762,80.9769652934244
999,59.166,12.93,59.259,2.83417364306005,2.0493123528447,1.3829876344257,18.2467064609996,11.6184980910922
999,59.242,13.092,59.149,3.21875946271711,2.4976960451634,1.28869141981867,25.2567800414431,29.700600210049
999,59.318,13.01,59.032,2.39643059139242,1.86529474079066,1.28474634007525,14.0430742896033,69.7588692837277
999,59.394,13.089,58.999,2.38357959627754,1.9039076291895,1.25194077681817,14.2569099330863,73.6974750467588
999,59.47,13.066,59.022,3.33822397588642,2.62494409472326,1.27173145614682,27.5286809889,38.2362434278435
999,59.546,13.04,59.066,2.9700823308234,1.9868339046115,1.49488204521261,18.5387276063434,18.1852144262906
999,59.622,13.087,58.987,3.13304192731042,2.24220959019019,1.39730110022617,22.0694893900569,23.6771944607626
999,59.698,13.172,58.991,3.09052213142384,2.24747425140645,1.3751090271623,21.8210907523191,10.2658152809624
999,59.774,13.125,59.123,3.01258046249077,2.16974864602573,1.38844675304157,20.5351535194189,19.3986179352524
999,59.85,13.087,59.106,3.00478732063716,2.02729279754234,1.48216741275844,19.1372745795178,14.5242727707345
999,59.926,13.17,59.042,3.06646833789947,2.44021887984438,1.25663659240888,23.5080789425018,19.7476950909286
999,60.002,12.908,59.045,3.19263732978901,2.24688905733978,1.42091453930928,22.5362208078435,19.0797520578353
999,60.078,13.012,59.019,2.57107462414223,1.80546478398175,1.4240513838614,14.5832250029384,5.46299311398689
999,60.154,13.12,59.029,3.16249658266251,2.36366992341786,1.33796032657959,23.4837131355544,13.1204054397443
999,60.23,13.089,59.082,2.2448548425056,1.78251181262933,1.25937725999935,12.5710210335533,11.3754881713938
999,60.306,13.107,59.046,3.33544697247052,2.66079362960702,1.25355342682594,27.8814339153677,40.9819510609059
999,60.382,13.161,59.007,2.66177764586082,2.08318744238632,1.27774274734093,17.4200739812405,4.32232530050891
999,60.458,13.208,59.018,2.06406876294995,1.95325371795828,1.05673356408993,12.6658019758321,62.2812623244409
999,60.534,13.027,58.935,2.54880729922843,1.77488990566629,1.43603684436507,14.2121012989118,5.77738319308463
999,60.61,13.141,58.891,2.76944768592809,1.97684986937906,1.40093981279317,17.1995358416797,-6.29348377908552
999,60.686,13.058,58.815,3.23169062411889,2.40770212686194,1.34223024852783,24.4445702970035,26.2197525850161
999,60.762,13.196,58.724,2.57179008165408,1.82712563432239,1.40756061506841,14.7622923077327,-10.5407303663068
999,60.838,13.23,58.699,2.920139934341,2.38471073578315,1.22452584731708,21.8770743657999,8.59799101127095
999,60.914,13.023,58.746,3.0674225424196,1.90977644172484,1.60616838463523,18.4037366183036,7.88503638270537
999,60.99,13.065,58.736,2.14598169704683,1.90372184489885,1.12725590810292,12.8345125701258,0
999,61.066,13.008,58.651,2.77946795141313,1.77023630448988,1.57011125823345,15.4576256922057,-0.178887263048602
999,61.142,13.103,58.715,2.85396865587802,1.74001415452072,1.64019852853676,15.6009790249459,-4.94974565336404
999,61.218,13.063,58.7,3.24088197642915,2.37101046578233,1.36687797173422,24.1405165783699,28.267508167266
999,61.294,13.167,58.6,1.86347367036821,1.53216162773561,1.21623831104702,8.96969580889881,-81.7730953655217
999,61.37,13.129,58.574,3.09495312251564,1.70059121920343,1.81992773311233,16.5349878607206,4.3334870627332
999,61.446,13.088,58.579,2.42453629078334,1.97297215710188,1.22887506651121,15.0279422764664,-27.2235073799746
999,61.522,13.06,58.597,2.13062906143234,1.7931933139319,1.18817588983787,12.0028624722747,81.6248677474871
999,61.598,12.994,58.554,2.92888811715904,2.39071466707904,1.22510986254062,21.9978583256525,0.355233842995551
999,61.674,13.059,58.526,2.00119485497172,1.55907805215178,1.28357579802354,9.80182869552468,-70.4280067927145
999,61.75,13.015,58.459,2.94437736480488,1.98034180372838,1.48680261117627,18.3182296075718,-8.11362263776107
999,61.826,13.09,58.443,3.08650997541866,2.30395756785042,1.33965573780005,22.3404560297121,-8.31960008650333
999,61.902,13.018,58.387,2.93154476463627,2.26758195347039,1.29280653347488,20.883793726223,-9.5608174231088
999,61.978,13.026,58.285,3.06201515649255,2.58863850289083,1.18286703727581,24.9016781274434,64.329904127045
999,62.054,12.919,58.368,3.11312892586081,2.69517382084714,1.15507538021511,26.35929308541,36.6279195231037
999,NaN,12.746,58.434,NaN,NaN,NaN,NaN,NaN
999,62.282,12.79,58.284,3.00842972280336,2.52990087728212,1.18914924684137,23.910752776831,10.0135725923392
999,62.358,12.88,58.293,3.09545194732484,2.52490023018235,1.22597000480343,24.553768744104,24.0040697568216
999,62.434,12.921,58.393,3.2225511063281,2.45650300911075,1.31184496594395,24.869496152367,-38.8676131360538
999,62.51,12.703,58.266,3.07893811031153,2.83879073750587,1.08459495433491,27.4589680317358,3.72386171007753
999,62.586,12.521,58.15,3.04263170460509,2.35644026775317,1.29119831562978,22.5245277632819,7.16948570512653
999,62.662,12.595,58.125,3.2314091806962,2.3226544288381,1.39125697760932,23.5790566699474,37.0131090363787
999,62.814,12.439,58.151,3.08681763371682,2.4043995054514,1.2838206074815,23.3167209504828,-3.29185723129204e-16
999,62.966,12.307,58.108,3.25752728605969,2.38369718852617,1.36658603355312,24.3943369978911,22.8298721907856
999,NaN,12.558,57.905,NaN,NaN,NaN,NaN,NaN
999,64.106,12.393,57.712,3.16696638379744,1.94624717456097,1.62721694612702,19.3638326798196,15.2799779222428
999,64.334,12.403,57.632,2.27104705273225,1.23648079011818,1.83670225278243,8.82192535024356,80.5689670010744
999,NaN,12.619,57.639,NaN,NaN,NaN,NaN,NaN
999,NaN,12.395,57.638,NaN,NaN,NaN,NaN,NaN
999,NaN,12.285,57.598,NaN,NaN,NaN,NaN,NaN
999,NaN,11.877,57.692,NaN,NaN,NaN,NaN,NaN
999,65.474,11.804,57.705,3.41888004812827,1.79945675912999,1.89995121070943,19.3274763942043,22.9757457753517
999,NaN,12.371,57.546,NaN,NaN,NaN,NaN,NaN
999,NaN,12.48,57.432,NaN,NaN,NaN,NaN,NaN
999,NaN,12.48,57.341,NaN,NaN,NaN,NaN,NaN
999,66.158,12.329,57.368,3.14795726610269,2.44564364475386,1.28716923778137,24.186435973137,37.4280427074811
999,66.69,12.281,57.317,3.44020509032314,2.16557682677088,1.58858602834834,23.4049545625529,22.2066651446429
999,67.222,12.451,57.218,2.73360357836156,1.34844355080301,2.02722878294288,11.5802564597862,85.1826245267293
999,67.298,12.231,57.275,3.34599297800209,2.35515497096404,1.4207103223583,24.7567931031911,19.0221474238134
999,67.374,12.345,57.157,3.08611775810015,1.32407517855133,2.3307723066576,12.8373390175745,85.1108376589954
999,67.45,12.641,56.946,3.03490690173022,2.53757515583803,1.19598700150733,24.1943611819373,10.269909358874
999,67.526,12.597,56.851,3.24987340233966,2.60484991879489,1.24762404885237,26.594940451489,32.142756483303
999,67.602,12.664,56.809,2.89746987062592,1.95640100190974,1.48102043895784,17.8084728245695,-4.4211275417364
999,67.678,12.625,56.794,2.9701901031542,2.904302084719,1.02268635166495,27.1004127833519,57.0782360487741
999,67.754,12.604,56.672,3.05667297630733,1.82035177250595,1.6791660944189,17.4805128961007,7.11572915782131
999,67.83,12.588,56.609,3.28006647802882,2.43939486184625,1.34462301668796,25.1370681851762,33.8099324740202
999,67.906,12.487,56.613,3.40842706206288,2.59318580816955,1.31437826449805,27.7675468754341,31.4010342361944
999,67.982,12.52,56.529,3.13427234957209,2.60445594686392,1.20342690124828,25.6450541257172,33.6704908184698
999,68.058,12.468,56.505,3.13547193024076,2.80675776606895,1.11711525951603,27.6476181622994,39.2383779275585
999,NaN,12.491,56.403,NaN,NaN,NaN,NaN,NaN
999,68.286,12.533,56.371,3.02818535987778,2.45666343274317,1.23264152488989,23.3710373572393,20.6646457191757
999,68.362,12.504,56.296,3.11863639497927,2.55680934054784,1.21973756334567,25.0503016417512,36.0873689538163
999,68.438,12.508,56.15,2.69398118289756,2.1253084372081,1.26757186662115,17.987317347681,73.1976605269464
999,68.514,12.532,56.212,3.08553635631736,2.50605567785523,1.23123216438594,24.2924465767712,28.0390014307508
999,68.59,12.466,56.189,2.91808084708038,2.65065402722978,1.10089088093103,24.2996623253782,20.2679992829711
999,68.666,12.345,56.152,2.96407257261196,2.46886683990417,1.20058017091234,22.9898624052342,11.9128577275797
999,68.742,12.111,56.182,3.16274988947878,2.23666452813826,1.41404750229189,22.2236593841948,30.2937526416237
999,NaN,12.058,56.089,NaN,NaN,NaN,NaN,NaN
999,68.97,12.151,56.101,3.40918004902882,2.41849587983115,1.40962822283858,25.9027075816869,42.760857894612
999,69.046,12.172,56.04,3.04961195511356,2.2605581674096,1.34905263623813,21.6575906429166,20.2194468603826
999,69.122,12.203,55.998,3.17098500221352,2.36992700875956,1.33800956337184,23.6090782200154,25.27303905566
999,69.198,12.314,55.998,2.89957163465814,2.45249421835026,1.18229499297602,22.3404392334379,3.60576248112217
999,69.274,12.321,55.939,2.9977240812562,2.4128906856049,1.24237873648415,22.7237067638552,17.107719437115
999,69.35,12.309,55.889,3.04529915618632,2.33659851170167,1.30330441491573,22.3544469866788,22.6256902386742
999,69.426,12.244,55.88,3.31381337594938,2.3043088400143,1.43809428597636,23.9893568745419,37.5436898711026
999,NaN,12.148,55.908,NaN,NaN,NaN,NaN,NaN
999,69.654,12.143,55.986,3.15028943557362,2.34310280577474,1.34449475618804,23.1895154247048,28.5568659407374
999,69.73,12.17,56.118,3.09427290093868,2.461568297046,1.25703312991638,23.9287700632752,9.87091730019254
999,69.806,12.163,56.082,3.02338235983305,2.37065504206591,1.27533627043364,22.5170406152354,17.4037857642984
999,69.882,12.058,56.009,3.08633798700051,2.23313084828302,1.3820676873339,21.6524741019794,19.7004888885712
999,69.958,12.101,55.97,3.18264795277597,2.29155492364673,1.38885955555068,22.9123030825593,27.8117781400741
999,70.034,12.215,55.896,2.88230837312163,2.39943548775958,1.20124437094698,21.7269814646642,24.0024570342266
999,70.11,12.245,55.873,3.1463587214694,2.52707329978774,1.24506033193959,24.9790517407577,24.6291139266048
999,70.186,12.137,55.826,3.27943071932508,2.35465364800119,1.39274441576956,24.2591381599985,35.3720937725546
999,70.262,12.118,55.748,2.97202344972935,2.54987172452611,1.16555802440678,23.8078642481049,18.1712242614171
999,70.338,12.008,55.785,2.73945986364668,2.4958916665241,1.0975876478893,21.4803100413448,38.7755204007496
999,70.414,11.933,55.748,2.37939877230534,2.04371250155654,1.16425317675218,15.2769588008993,68.3953491274429
999,70.49,11.993,55.632,3.08936016059323,2.35664020030528,1.31091719482381,22.8723978226421,18.6897263189477
999,70.566,11.934,55.638,3.19009238533462,2.18306740173387,1.46128900225478,21.8786377590621,29.2852171925808
999,70.642,11.926,55.686,3.07795873110024,2.37081913755081,1.29826804683209,22.925092122557,3.47159887307957
999,70.718,11.917,55.694,3.12649227446822,2.44345045095068,1.27953987086245,23.9999738918954,18.9517182168524
999,70.794,11.994,55.593,2.80118944809636,1.76876870908043,1.58369459710347,15.5655116572105,3.55079364238801
999,70.87,11.886,55.523,3.0834996149212,2.58026868389147,1.19503043778789,24.9953200906197,20.952775640025
999,70.946,11.671,55.636,2.73003784042749,2.16948310557828,1.25838170087975,18.6069337757768,-25.9973367302401
999,71.022,11.771,55.622,3.0024630466431,2.45886864526071,1.22107500635714,23.1933174695114,20.7690019995315
999,71.098,11.736,55.593,3.08629759305446,2.64100302809136,1.16860812359042,25.6068744410333,15.4755326563952
999,71.174,11.655,55.631,3.13893077051105,2.43867591833307,1.28714551487294,24.0483730214401,22.8950357045867
999,71.25,11.74,55.439,2.99681593019732,2.31977136839845,1.29185831458309,21.8401252772215,3.72565818650567
999,71.326,11.791,55.278,3.04532666868826,2.33719754092098,1.30298214651049,22.3603799639753,8.01567589256421
999,71.402,11.757,55.349,3.04844557205713,2.33422017118221,1.30598030541103,22.3547663893111,7.90573936940363
999,71.478,11.667,55.391,2.94959149532531,2.56107326514936,1.15170133375833,23.7319676506305,5.80436191175164
999,71.554,11.665,55.437,3.14419888050913,2.43267068799977,1.29248849670418,24.0294153146091,11.8064199748892
999,71.63,11.758,55.407,3.02708541030315,2.31143519106017,1.30961292880323,21.9814465318854,4.36756821115774
999,71.706,11.798,55.272,3.10112993057818,2.38890748416087,1.29813730801195,23.2739001271106,-8.65582305442329
999,71.782,11.685,55.257,3.00058173341103,2.62096519079079,1.14483845262581,24.7068049619173,3.26763612328666
999,71.858,11.668,55.299,2.81018572293695,2.42444462880819,1.15910493048397,21.404109572626,5.93102700337784
999,71.934,11.629,55.256,3.24071569482656,2.66496895507605,1.21604256914658,27.1320719016371,41.8997715650956
999,72.01,11.542,55.202,3.27932122056787,2.48430292650329,1.32001664756061,25.5940128120845,33.3374286553009
999,72.086,11.724,55.208,2.87317185857348,2.27613494018425,1.26230295394565,20.5451578487173,28.8080445626863
999,72.162,11.685,55.139,3.11153061059086,2.56620370932214,1.21250335633439,25.0850562334004,17.5618001184455
999,72.238,11.637,55.016,2.95049744717015,2.22048462115556,1.32876283810274,20.5822517319404,10.3361254446978
999,72.314,11.646,55.023,3.10376155412049,1.94747408872998,1.59373702175651,18.9893417283178,27.6380889381529
999,72.39,11.607,55.032,3.15548442694046,2.68471965844531,1.17534969322188,26.6142882789184,15.4119486496242
999,72.466,11.576,55.008,3.2062617229153,2.44023335676546,1.31391602939369,24.579905137664,26.2867142590452
999,NaN,11.562,54.888,NaN,NaN,NaN,NaN,NaN
999,72.694,11.652,54.726,3.24088197642915,2.37101046578233,1.36687797173422,24.1405165783699,28.267508167266
999,72.77,11.609,54.655,3.17537320085922,2.49616419771051,1.27210109165562,24.9010578759644,29.3615774464529
999,72.846,11.645,54.696,3.14468675512496,2.6444106027434,1.18918247864479,26.1249912695381,20.6691393542842
999,72.922,11.797,54.702,3.06691759100425,2.62341671760214,1.16905467988611,25.2766352192499,20.5639630839593
999,72.998,11.805,54.622,3.06691759100425,2.62341671760214,1.16905467988611,25.2766352192499,20.5639630839593
999,73.074,11.744,54.686,3.0740269959969,2.67076908996626,1.15098943130113,25.7925268393641,13.629155565978
999,73.15,11.779,54.646,3.07658230287145,2.5799369774135,1.19250289049923,24.9360412345189,24.1109127764919
999,73.226,11.716,54.564,3.00358076818173,2.35872864423319,1.27338970318825,22.2570278231558,10.0363549286686
999,73.302,11.77,54.454,3.07795873110024,2.37081913755081,1.29826804683209,22.925092122557,3.47159887307957
999,73.378,11.742,54.429,3.1091079993169,2.32242028426906,1.33873615399266,22.6843582213704,13.0201522875594
999,73.454,11.583,54.45,3.0922755198056,2.3699465579183,1.30478702546009,23.0232488602847,11.1853632525786
999,73.53,11.681,54.37,3.09525217093724,2.4164987272908,1.2808830130887,23.4980855335269,14.6874963669564
999,73.606,11.774,54.297,3.00335695179971,2.37681273741227,1.26360689023805,22.4259985877773,1.41569894889872
999,73.682,11.788,54.301,3.10152016768217,2.32762177060452,1.33248460160117,22.6796784442243,20.1668207558817
999,73.758,11.747,54.253,2.93810993153761,2.03780763783944,1.44179945004657,18.8096666775917,7.16330851584667
999,73.834,11.754,54.22,2.80823170933834,2.10617378200375,1.33333333333333,18.5813393071459,0
999,73.91,11.711,54.325,3.10502496704453,2.67352325980096,1.16139814967448,26.0794805061854,9.42776661696059
999,73.986,11.743,54.155,2.72692860086268,2.05041461312006,1.32994009280552,17.5656946103002,0
999,74.062,11.723,54.165,3.1352432886232,2.16315645068126,1.44938350974836,21.3063496881918,1.02794439250234
999,74.138,11.68,54.299,2.41503598322096,2.294857868732,1.05236843471939,17.4112227421222,-45.0000000000001
999,74.214,11.729,54.21,3.06247873210631,2.05888420012365,1.48744583688698,19.8086498359896,10.1082149311865
999,74.29,11.724,54.135,3.03858266859122,2.26074762204486,1.34406098184582,21.5810719068836,13.4579301875529
999,74.366,11.654,54.091,3.09879672889,2.25772455502303,1.37253090594942,21.9793030927114,3.28898201543478
999,74.442,11.557,54.181,3.09879672889,2.25772455502303,1.37253090594942,21.9793030927114,3.28898201543478
999,74.518,11.746,54.276,2.66159559015109,2.34955189132538,1.1328098774825,19.6461285816678,-57.3952671917419
999,74.594,11.616,54.221,3.1489461051905,2.41734445196097,1.30264683737398,23.9140778446045,15.3370914895347
999,74.67,11.528,54.122,2.76219705233027,1.92922406232804,1.43176581003093,16.7412237242617,13.6330941519793
999,74.746,11.523,54.113,3.10696041438231,2.48716718447247,1.2491964487869,24.2767514347476,13.131096538856
999,74.822,11.388,54.136,2.67918284550882,2.00044229734688,1.33929523938887,16.837525063194,-7.81183618089117
999,74.898,11.541,54.216,3.09879672889,2.25772455502303,1.37253090594942,21.9793030927114,3.28898201543478
999,74.974,11.642,54.315,2.56169458115642,2.45530752503613,1.04332942209295,19.7598260530494,61.0960271439852
999,75.05,11.562,54.19,2.51547109469453,2.17557283307253,1.15623391524979,17.1926503496557,1.10230752532619
999,75.126,11.433,54.045,2.99043892162701,2.26032408914985,1.32301333953918,21.2351592742614,16.7179929560443
999,75.202,11.473,54.082,2.5134840764469,2.17920888894236,1.15339290749074,17.2077810943187,22.2925468867752
999,75.278,11.48,54.16,2.99681593019732,2.31977136839845,1.29185831458309,21.8401252772215,-3.72565818650566
999,NaN,11.376,54.046,NaN,NaN,NaN,NaN,NaN
999,75.506,11.324,53.938,2.97592810648101,1.88342207373411,1.58006436686859,17.6084027825508,2.94647422042422
999,75.582,11.537,53.929,2.73158372775742,1.98295124739507,1.37753448620877,17.0167424746372,15.6445459233477
999,75.658,11.591,53.937,3.07027602471774,2.52281814897395,1.21700251203855,24.3339852568863,18.7933633801894
999,75.734,11.475,54.029,2.6185830676276,2.22928320471467,1.17463006139803,18.3392458299013,14.6597725205369
999,75.81,11.504,54.036,2.64732565613763,2.24313134555216,1.18019199427931,18.6557170195399,-4.02970836309191
999,75.886,11.557,53.869,2.58381871680829,1.95284938971184,1.32310188917823,15.8518758708351,8.1985575664872
999,75.962,11.479,53.862,3.17098500221352,2.36992700875956,1.33800956337184,23.6090782200154,25.27303905566
999,76.038,11.508,54.018,2.76268818917761,2.11075660369189,1.30886156383234,18.3197650854024,5.01098264852081
999,76.114,11.652,53.933,3.04878709343022,2.23257107001423,1.36559464304569,21.3836709410117,14.6876882303721
999,76.19,11.683,53.808,3.16187353851355,2.30930806815441,1.36918654644484,22.939092971675,10.0673352557979
999,76.266,11.554,53.883,2.92231633571766,2.28641238471367,1.2781230346964,20.9909291292888,21.2621965146052
999,76.342,11.55,53.887,2.61655855362771,1.8895322436162,1.38476523090187,15.5322595024104,12.6701609835244
999,76.418,11.543,53.831,3.17119985507683,2.40825995594434,1.31680130595923,23.9925743898147,31.7865114987607
999,76.494,11.523,53.781,2.704974715936,1.97801588707165,1.36751920629949,16.8090379673573,2.21315508735249
999,76.57,11.521,53.737,2.88582731954645,2.22704357891058,1.29581088887274,20.1905862205291,22.0418369619123
999,76.646,11.545,53.792,2.98872457952269,1.90820158414932,1.56625201674124,17.9167824336385,3.78007834862127
999,76.722,11.622,53.763,3.24088197642915,2.37101046578233,1.36687797173422,24.1405165783699,28.267508167266
999,76.798,11.51,53.709,3.247865961205,2.56194642321795,1.26773375577679,26.1407481940289,35.1325733314814
999,76.874,11.59,53.71,2.803055692521,1.9899784648613,1.40858594302244,17.5238681110362,17.8225827375131
999,76.95,11.5,53.68,2.96796804821634,1.88651438610058,1.57325492457607,17.5901367298849,-6.45370433563292
999,77.026,11.498,53.704,3.23988854945356,2.27243225280495,1.42573603479463,23.129747314919,31.1806699952316
999,77.102,11.611,53.762,3.01809598142591,2.14885456169304,1.40451384436554,20.3746399305041,6.02767992224003
999,77.178,11.595,53.679,2.51826110372165,1.91196648510095,1.31710525437829,15.1262371671016,10.0622907267462
999,77.254,11.474,53.65,3.16721732710631,2.76032201846458,1.14740863780381,27.465498574638,25.6994783136845
999,77.33,11.431,53.708,2.60333383403952,2.22626953886007,1.169370459685,18.2078002153522,-2.22335690418144
999,77.406,11.38,53.715,3.03598153532736,2.54611185169541,1.1923991215491,24.2843496358205,21.6829726118619
999,77.482,11.35,53.651,2.95314741013446,1.75418171253496,1.68349002217501,16.2745720636736,7.27714278528649
999,77.558,11.358,53.596,2.86383428722224,2.18613544664859,1.30999856006753,19.6686622702294,7.47980937256453
999,77.634,11.316,53.548,2.79067910553631,1.94277885550371,1.4364368325456,17.0326860523632,3.46763389257758
999,77.71,11.366,53.536,2.85243772523131,2.3787425027576,1.19913682204971,21.3163811367115,10.1657335630657
999,77.786,11.304,53.524,2.29397976704956,1.93263146219457,1.18697217339341,13.9279917585654,7.79459018656639
999,77.862,11.336,53.496,2.98079780865577,2.72685362059897,1.0931271800358,25.535491197761,42.527916536324
999,77.938,11.409,53.383,2.96798187374917,2.56229257292088,1.15833059234365,23.8913029150477,-7.10349980748646
999,78.014,11.394,53.225,3.08269536241951,2.4073725740696,1.2805227556482,23.3143756817384,1.33085589243661e-15
999,78.09,11.345,53.158,3.08408111227565,2.64477838264363,1.16610190574566,25.6250635311921,48.5466959007667
999,78.166,11.308,53.204,3.07326858169424,2.7986176193973,1.09813808088441,27.0205355698677,52.7878801698952
999,78.242,11.344,53.317,2.87512824981417,2.58764493964057,1.11109843772211,23.3728557904531,3.64882381987356
999,78.318,11.285,53.19,3.07496255564632,2.37037586171846,1.29724682288025,22.8984939958277,-12.1905040151099
999,78.394,11.23,53.06,2.87938537193224,2.44071732152592,1.17972915033523,22.0783772595915,6.71974427039933
999,78.47,11.229,53.078,3.06243303951415,2.90178597877367,1.0553614435784,27.9178424570337,17.0107064592232
999,78.546,11.021,53.007,3.0772135994751,2.51396861809463,1.22404614652961,24.3034186371065,27.2863167727836
999,78.622,11.007,52.92,2.91147916989495,2.05723389459682,1.41523974378496,18.8168633514013,2.21598505634787
999,78.698,11.16,52.996,2.70418950078257,2.36015105156972,1.14576967392999,20.0505732650436,-18.4947720505181
999,78.774,11.149,53.051,2.87455723688556,2.67084868589899,1.07627109392684,24.1196009043976,-64.2857226686173
999,78.85,11.151,52.943,2.95657709315119,2.65459348279926,1.1137588908843,24.6568222462969,-1.85669539184502
999,78.926,11.375,52.874,2.87951545069211,1.98439334226792,1.4510809875028,17.951347216441,10.1424046677692
999,79.002,11.297,52.8,3.15711163980788,2.57711867063635,1.22505481636525,25.5607874759327,65.7016414611858
999,79.078,11.255,52.722,2.84070183456462,2.20247306732314,1.28977823915784,19.6555920959097,26.1521518037106
999,79.154,11.173,52.703,3.12841475749793,2.64395572361123,1.18323265762749,25.9853383854394,-5.12948512826809
999,79.23,11.02,52.611,2.98080443395688,2.49752192744452,1.19350481018874,23.3879774344573,4.29004589733403
999,79.306,11.203,52.496,2.71342970246782,2.472278221083,1.09754220998605,21.0749129983903,37.5607021478015
999,79.382,11.085,52.543,3.02719027020531,2.24428850516245,1.34884185488719,21.3436296554063,34.2092565986432
999,NaN,10.971,52.627,NaN,NaN,NaN,NaN,NaN
999,79.61,11.217,52.514,2.76155002614402,2.53218704500314,1.09057900426175,21.9684072152644,37.971460852039
999,79.686,11.285,52.382,3.15482893541766,2.93014010841088,1.07668193966623,29.0411677427606,-38.5517420311753
999,NaN,11.018,52.399,NaN,NaN,NaN,NaN,NaN
999,79.914,11.106,52.491,2.99127446413055,2.8128441666067,1.06343412110849,26.4333258009177,-58.5207402113725
999,79.99,11.238,52.305,2.59304283117013,2.35777729325865,1.09978276514247,19.2071241678305,59.9918714269855
999,80.066,11.109,52.198,2.80976249702557,2.52645604775399,1.1121359105073,22.3013539996173,-45.6762157944186
999,80.142,11.129,52.307,2.68707369472332,2.40746564521557,1.11614207249994,20.3230810194619,28.3257778655391
999,80.218,11.106,52.123,2.36663679025103,2.29720086467687,1.03022631875246,17.0797085384953,60.9453959009229
999,80.294,11.094,52.072,3.13717853410362,2.3492301416619,1.33540706739115,23.1533945126528,9.42921807306627
999,80.37,11.093,52.197,2.7768349531454,2.15783350163255,1.28686247156907,18.8242582165408,78.6678433537514
999,80.446,11.001,52.095,3.07034746184953,2.59127355693436,1.18487971045479,24.9948573193148,0.0665369146316094
999,80.522,11.081,51.947,2.97130199400674,2.22254368651411,1.33689250386209,20.7466018937703,-10.9076412780904
999,80.598,10.982,52.031,3.03081295428019,2.3969145222498,1.26446434620263,22.8224126854246,-24.457992652372
999,80.674,10.799,52.099,3.04102019029196,2.34912542249063,1.29453291900769,22.4427143151858,-2.62380961678501
999,80.75,10.761,52.071,3.22324414445558,2.67956107258174,1.20290004860759,27.1335573030971,48.4916746146392
999,80.826,10.796,52.132,3.01846866304009,2.56633777919268,1.17617746483459,24.3360652669024,0.786472101808733
999,80.902,10.916,52.086,3.04102019029196,2.34912542249063,1.29453291900769,22.4427143151858,-2.62380961678501
999,80.978,11.007,51.99,2.96321723931577,2.28343618038708,1.29770092318212,21.2570132072288,-12.2050515727194
999,81.054,10.943,51.957,3.16739715956858,2.88273457301323,1.09874741477076,28.6851451829561,43.8103046090263
999,81.13,10.94,51.99,3.07092426106105,2.32610872044682,1.32019807761657,22.4413504372318,-8.55965567019072
999,81.206,11.006,51.869,2.7719308843329,2.35520916044641,1.17693618506795,20.5098154165895,-29.2397135868446
999,81.282,10.772,51.716,2.79884102696626,2.24764134105891,1.2452347159835,19.7631021602291,20.7803470914085
999,81.358,10.633,51.699,3.02009824053665,2.31182751805466,1.30636832417238,21.9344309515719,11.699558740009
999,81.434,10.793,51.739,3.14364456361229,2.31285497530763,1.35920522348971,22.8418729205016,-11.7283040022257
999,81.51,10.907,51.684,2.87634825835571,2.3585865397228,1.21952203572474,21.3129298842945,1.88515817490032
999,81.586,10.871,51.528,2.98700599379926,2.56735055254906,1.16345856658863,24.0919048433828,10.5859688120272
999,81.662,10.83,51.504,2.94865335914168,2.30558894897509,1.27891546342311,21.3577488299248,8.4702416794863
999,81.738,10.832,51.516,3.01492541220712,2.23077508630065,1.35151474064867,21.1291599429715,3.83106635602011
999,81.814,10.858,51.425,2.88962378593519,2.27649390662199,1.26933077990224,20.6660591663597,0
999,81.89,10.941,51.281,2.76000452144938,2.29924523851318,1.20039588436166,19.9363184420644,33.708677769879
999,81.966,11.024,51.269,2.78384532435781,2.44221085000896,1.13988737882628,21.3588630168018,40.9082001007639
999,82.042,10.983,51.261,2.90703185133761,2.35505001297382,1.23438221495211,21.5079885871184,29.9735461251671
999,82.118,10.904,51.305,3.02891210454403,2.62448370980277,1.15409826825393,24.9735582268731,-14.0282373506874
999,82.194,10.928,51.313,2.99757434754535,2.43492247922331,1.23107588562799,22.9300486060523,-5.81426634075736
999,82.27,10.902,51.201,2.71148770839865,2.33106639573508,1.1631962578842,19.8569323600816,13.9363233387056
999,82.346,10.955,51.123,2.48839616954266,2.16684387317617,1.14839661516321,16.9393607551833,34.184556581741
999,82.422,11.027,51.015,2.55618358032516,2.25887232993294,1.13161932458619,18.1398461387765,66.9695441548679
999,82.498,10.997,50.915,2.73912578646437,2.39703256878217,1.14271529813047,20.6269864843442,0
999,82.574,11.071,50.844,2.86178195565709,2.29636139211879,1.24622455571621,20.645559188943,10.0681517141241
999,82.65,11.077,50.728,2.37379686859119,2.04683300084138,1.15974135047432,15.2642628420311,90
999,82.726,10.993,50.68,2.75005594478014,2.5156845516011,1.0931640626524,21.7343964375885,9.2209355555491
999,82.802,10.929,50.717,2.49324022275334,2.31229330124988,1.07825431203111,18.1116041810607,-77.9605372769514
999,82.878,11.017,50.711,2.46124331933259,1.86533535582945,1.31946425163756,14.423190677148,-82.5430865260917
999,82.954,11.044,50.63,2.55487332469057,2.00337087358853,1.27528724629712,16.0797984183188,90
999,83.03,10.948,50.523,2.66095217430304,2.14977005031789,1.23778455928789,17.9712774812844,-28.2284998405579
999,83.106,10.957,50.432,2.71480706601791,2.59923596486299,1.0444634895474,22.1684103131612,-14.3739571455698
999,83.182,11.064,50.273,2.93865277752892,2.35195688448043,1.24945010553546,21.713383502063,5.47703132169917
999,83.258,11.134,50.147,2.86186280778206,2.3732541374338,1.20588130981901,21.3374703210288,47.576133576074
999,83.334,11.141,50.078,2.84719622980303,2.35504925408097,1.20897523687423,21.0652815016501,63.008490110738
999,83.41,11.136,50.055,2.91217950862084,2.4571318065745,1.18519466510864,22.4800083430495,67.5765302447248
999,83.486,11.182,50.052,2.86410403303882,2.40266203970647,1.19205447362407,21.6187882835006,62.9613812434577
999,83.562,11.282,50.049,3.10465303662231,2.48665774994095,1.24852446489511,24.2537535574278,52.2594526059016
999,83.638,11.289,50.092,3.01188293072997,2.33309472451999,1.2909389829209,22.0759972641897,-67.4239199439177
999,83.714,11.279,50.002,2.89570425875091,2.28249343233655,1.26865830925377,20.7641240170959,43.3368491796427
999,83.79,11.277,49.717,2.66928792211107,2.45398868446754,1.08773440521803,20.5786959210694,-73.1330502220914
999,83.866,11.263,49.758,2.63011596661775,2.30694944756252,1.14008391878577,19.0617534659631,-86.2939110899671
999,83.942,11.241,49.836,2.87262159394225,2.62119724865938,1.09591965862602,23.6552747662174,20.9704792046918
999,84.018,11.329,49.784,2.71005470388553,2.56283487822743,1.05744413224153,21.8196889838725,-14.21408020123
999,84.094,11.28,49.833,2.75675428298332,2.58320613291691,1.0671832370847,22.3721124597296,-11.2372068682253
999,84.17,11.141,49.777,2.91070621503883,2.43609505305358,1.1948245662214,22.2762701352424,33.5707118897494
999,84.246,11.291,49.739,2.69988099320469,2.12538075025693,1.27030462324377,18.0273228699801,-88.8513772027046
999,84.322,11.211,49.681,2.57794922378166,2.35936160436238,1.09264693424489,19.1081542879707,13.7650630848115
999,84.398,11.098,49.612,2.32614350491846,2.179200667992,1.06742969524778,15.9251525000912,-85.1812309435345
999,84.474,11.108,49.579,2.92986956015122,2.35633150008166,1.24340295923969,21.6887512307064,-9.64177596993625
999,84.55,11.058,49.605,2.40644860097681,2.18843459486417,1.09962098324724,16.5447433388838,-62.2636843665333
999,84.626,11.157,49.57,2.75712597777535,2.35515372077977,1.17067771561955,20.3997921115994,6.93625050252825
999,84.702,11.131,49.529,2.34795321970246,1.99956174066942,1.17423391933694,14.7493924341635,-79.2700196347571
999,84.778,11.097,49.417,2.7047506216195,2.22423765827928,1.2160349014646,18.8998471300598,27.4441848326022
999,84.854,11.035,49.349,2.66492843841987,2.18456605817849,1.21988915301646,18.2894483229629,-14.9918714269855
999,84.93,11.158,49.451,2.68009977709762,2.43104210289811,1.1024489349249,20.4688439815852,-22.8066417564585
999,85.006,11.3,49.455,2.3686836543568,2.2654474643881,1.04556988921241,16.8581894927441,85.0357509732922
999,85.082,11.24,49.494,2.62233439021696,2.33872972465192,1.12126440373834,19.2671721884134,-38.2233188958879
999,85.158,11.219,49.518,2.66527950395584,2.34082113201854,1.13860878454113,19.600216193076,-51.0635455174651
999,85.234,11.136,49.447,2.79701361778951,2.48416061370405,1.12593912098903,21.8285116702115,-27.5651778990416
999,85.31,11.173,49.432,2.54710012223741,2.22218207950174,1.14621576050533,17.7817921843135,-42.8110007336007
999,85.386,11.133,49.387,2.5985816511956,2.14031326627901,1.21411276196653,17.4728433610504,-20.2946481833138
999,85.462,11.081,49.186,2.87134472638387,2.09735163635839,1.36903353572573,18.9193607293524,-13.6805583191788
999,85.538,10.996,49.116,3.02193198239629,2.53823153208088,1.19056592915259,24.0971561941784,69.6683615233142
999,85.614,11.013,49.195,2.39398520442136,2.17906235730009,1.09863088424306,16.3885674599371,-22.7966879055481
999,85.69,11.095,49.188,2.8689517553673,2.33600083043578,1.22814671895134,21.0545571278568,-42.0487666706987
999,85.766,10.969,49.123,2.8370945223044,2.55526587964046,1.11029327511844,22.7750727980012,-51.4276874148649
999,85.842,10.922,49.025,2.25981131709249,1.93805606342228,1.16601958000226,13.7590480703845,-3.29836914894711
999,85.918,10.911,48.935,2.62640725491091,2.1924251509373,1.19794614369757,18.0899229719372,-10.9366207019427
999,85.994,10.905,48.903,2.98649832154835,2.42142115246628,1.23336591757552,22.7186478381219,-26.526545972098
999,86.07,10.835,48.926,2.95658684468432,2.39655469659001,1.23368218922404,22.2601382993592,-26.3399118441114
999,86.146,10.892,48.927,3.20067442558649,2.4683228897499,1.29670005446929,24.8195179924466,-34.8339327501105
999,86.222,10.891,48.826,3.24099383826739,2.62723340612226,1.23361473355009,26.7501816642166,-41.8662179233844
999,86.298,10.804,48.76,2.69518373205929,1.83358857633285,1.4698955735477,15.525305109024,-11.0158329502752
999,86.374,10.814,48.803,2.84381730699382,2.68185285454142,1.06039274383683,23.9599833168613,-43.7593675994021
999,86.45,10.884,48.771,2.89970026253252,2.26234291210257,1.2817244667112,20.6092132883822,-5.81516344896352
999,86.526,10.938,48.699,2.87798450815834,2.48889793988911,1.15632885625136,22.5032586931723,29.2657786178574
999,86.602,10.81,48.658,2.36412959402298,2.06516374395142,1.14476617214843,15.3382440681085,58.3540557513919
999,86.678,10.886,48.621,2.80982606415241,2.53477826422368,1.1085096096218,22.3753214801199,5.7166582991185
999,86.754,10.896,48.555,3.09060537455488,2.63270957089493,1.17392568049362,25.5620912281432,-45.6481946382786
999,86.83,10.844,48.373,3.03604187076206,2.18852053875544,1.38725765511371,20.8741238619519,-26.8196398898132
999,86.906,10.862,48.387,2.84981231231102,2.71857929579462,1.04827264620142,24.3393029416497,83.8179720667697
999,86.982,10.793,48.408,3.15011476114142,2.4494686606895,1.28604003459865,24.2408662749986,-25.4805924909801
999,87.058,10.776,48.366,3.0743541491161,2.52905069896257,1.21561586344521,24.4265033766221,-27.3303358694254
999,87.134,10.765,48.334,3.11861925892443,2.60913732062963,1.19526834952936,25.5628437898905,-17.7657398166228
999,87.21,10.768,48.295,3.11018271860694,2.72968681169453,1.13939178124109,26.6715710615397,-22.6302425231812
999,87.286,10.735,48.269,3.08461088938745,2.45091117690471,1.25855678429075,23.7507775703721,-33.3048232812869
999,87.362,10.804,48.261,3.20147924989088,2.52229823288277,1.26927070247037,25.3686291413145,-49.8866132435897
999,87.438,10.73,48.267,3.27515107520924,2.33694181475297,1.40146881472761,24.0452396532551,-39.5056358141495
999,87.514,10.767,48.27,3.04980501992119,2.47730252320114,1.23109914568701,23.7356425265405,-24.581551123228
999,87.59,10.806,48.208,2.80683881203248,2.71302452785972,1.03457922448153,23.9232988773583,-10.2883146480615
999,87.666,10.753,48.025,2.78583087613864,2.37430226043958,1.17332612723995,20.7797647308988,-33.1743433366789
999,87.742,10.863,47.915,2.68684833473118,2.09467024014191,1.28270707400185,17.6810758660717,63.1691090143224
999,87.818,10.824,47.869,2.71148770839865,2.33106639573508,1.1631962578842,19.8569323600816,13.9363233387056
999,87.894,10.828,47.866,2.39572493401944,2.03286613115183,1.17849616229379,15.3001470872069,30.1819024221483
999,87.97,10.788,47.835,2.27503973851855,2.00292266769179,1.13585999859912,14.3153852895017,55.9500635671059
999,88.046,10.752,47.863,2.22780061641871,1.85281615806761,1.2023862198731,12.9675676383807,72.4498430377732
999,88.122,10.777,47.879,2.25207445906302,1.83223818069319,1.22913848362826,12.9632694074625,78.1229055278646
999,88.198,10.828,47.928,2.35158880024273,1.97839348493661,1.18863553592731,14.6158450101165,53.9304310141321
999,88.274,10.887,47.949,2.25517198228277,1.78868387284994,1.2607996396197,12.6725242611005,79.2214603574811
999,88.35,10.775,47.944,2.56725166054848,1.90781264788901,1.34565187173339,15.3870030460834,74.4274846450649
999,88.426,10.802,47.895,2.17867065918437,1.51885749684063,1.43441413280457,10.3958136629732,82.3348395314008
999,88.502,10.854,47.762,2.94505358838969,2.19531712853124,1.34151624387865,20.3114225088856,2.89267453303314
999,88.578,10.743,47.694,2.16978925899935,1.88063107445286,1.15375593250294,12.8194984906379,89.5761410703479
999,88.654,10.704,47.695,2.94221153054652,2.48188570286514,1.18547422516273,22.9406407071255,18.4544438112408
999,88.73,10.696,47.697,2.85620933722049,2.05537831277873,1.38962706741762,18.4430047048223,23.890321903423
999,88.806,10.709,47.617,2.63076572421915,2.24385694710209,1.17243023340536,18.5450160447696,30.0880777203008
999,88.882,10.646,47.595,2.45154883338026,2.26319058504107,1.08322686104484,17.4305683841408,60.7119563173927
999,88.958,10.642,47.574,2.2524204252979,1.9053996687907,1.18212491698786,13.4829652443216,71.4634633413448
999,89.034,10.624,47.537,2.93720613356561,2.28044132750071,1.28799899306539,21.0427842335507,12.0833149214927
999,89.11,10.584,47.456,2.63672187616106,2.09761459313521,1.25700969319634,17.3756032267273,25.0514376200835
999,89.186,10.62,47.37,2.96108069868876,2.16012836486393,1.37078923033136,20.0946143538736,34.6648553376667
999,89.262,10.641,47.373,2.71084166004902,2.09582495471577,1.29344850768639,17.8488003232592,50.405554982234
999,89.338,10.651,47.378,2.6784326427212,2.41282860296673,1.11007994493595,20.3028532005633,10.5387470584934
999,89.414,10.616,47.373,2.84143513905278,2.32382317116057,1.22274154691112,20.7439137208204,38.3753853773979
999,89.49,10.567,47.367,2.9650855323512,2.2664695999559,1.30823971007989,21.112370403924,17.9232863917005
999,89.566,10.477,47.396,2.90612512173019,2.35928475359269,1.23178226676741,21.5399426449856,20.8028515253877
999,89.642,10.466,47.394,2.64266499667747,2.27611396704967,1.16104247631454,18.8967008888245,17.9417433737852
999,89.718,10.487,47.434,2.4001419319704,2.24802617528873,1.06766636365439,16.9507204195415,51.6896449374451
999,89.794,10.415,47.416,3.10831647208286,2.41304210361585,1.28813188440648,23.5635110439764,20.615165327335
999,89.87,10.466,47.381,3.08611585801146,1.76759894316495,1.74593669562037,17.1374354548195,21.2182590824747
999,89.946,10.395,47.392,2.67025574492658,2.34566693710547,1.13837804621216,19.6774617640172,37.1880595897227
999,90.022,10.364,47.35,2.99251319917732,2.12918094360622,1.40547622697997,20.0169782772613,18.9069816281011
999,90.098,10.56,47.335,2.95352853921579,2.59190332279283,1.13952110529852,24.0497099431488,0.103142271733086
999,90.174,10.494,47.295,2.43420409944174,1.87507722502085,1.29818871828848,14.3392362789517,-78.3989234903176
999,90.25,10.435,47.294,2.98863244645173,1.81710397772283,1.6447228574102,17.060908699717,18.654918257223
999,90.326,10.249,47.357,3.13834653762178,2.47386623222497,1.26859993347303,24.3908526295657,12.0233983205719
999,90.402,10.212,47.33,2.84617361005698,1.84863067531124,1.53961180460115,16.5295646512679,-10.2430261594696
999,90.478,10.316,47.265,3.00911655853596,1.93896736074478,1.55191707681976,18.3298698687261,9.06704994222692
999,90.554,10.221,47.191,2.99163938158247,1.97809020448343,1.51238774389651,18.5911051240119,-3.26447451591319
999,90.63,10.117,47.13,3.15926067300563,2.10617378200375,1.5,20.9040067205391,0
999,90.706,10.14,47.121,3.06527847103701,2.10454281943215,1.45650563283102,20.2664449826611,-0.567772819819155
999,90.782,10.079,47.131,3.08681763371682,2.4043995054514,1.2838206074815,23.3167209504828,-3.29185723129204e-16
999,90.858,9.876,47.163,3.14938596435418,2.59058994379568,1.21570222716906,25.6315243808556,9.33252555900961
999,90.934,9.886,47.095,3.05039303152792,2.11000303331,1.44568182290369,20.2203539025342,-15.109876347404
999,91.01,9.925,47.027,3.09442585066089,2.62675957818283,1.17803923753143,25.5358475969759,-5.94507777381776
999,91.086,9.931,47.003,2.96062940689147,1.56792735218063,1.88824399470671,14.5834359164551,-4.59657879818401
999,91.162,9.859,46.945,3.07553779141758,2.30107667415665,1.3365646725113,22.2332028614154,-2.288648729283
999,91.238,9.747,46.871,3.03608221684513,2.08493199019069,1.45620203974493,19.8863598446155,-1.62184951012083
999,91.314,9.68,46.786,3.11315286567363,2.47128454808194,1.25973064011988,24.1698008974627,13.1733354990795
999,91.39,9.807,46.775,3.06442495479179,2.1131193143636,1.45019021593425,20.3433692777277,-2.16976503814402
999,91.466,9.853,46.756,3.06679956101281,2.42225484291126,1.26609285971202,23.3375412179695,2.76973373850034
999,91.542,9.658,46.718,3.05133018029401,2.51898640823662,1.21133253054353,24.1470955971653,8.01521540999518
999,91.618,9.682,46.668,3.04844557205713,2.33422017118221,1.30598030541103,22.3547663893111,7.90573936940363
999,91.694,9.804,46.608,3.07795873110024,2.37081913755081,1.29826804683209,22.925092122557,3.47159887307957
999,91.77,9.796,46.515,3.12223065104829,2.3898673597617,1.30644516244601,23.441675695487,7.54890683781904
999,91.846,9.875,46.42,3.06172847282325,2.35999834406526,1.29734348353364,22.7001247509738,1.41715369750789
999,91.922,9.781,46.351,3.08917784618728,2.18570243855091,1.4133570021706,21.2121075863488,6.49642743744946
999,91.998,9.664,46.171,3.14084986176931,2.24857899108682,1.39681544398457,22.1873379366376,6.19735422270865
999,92.074,9.657,46.123,3.12016005438376,2.64174905686791,1.18109630673364,25.8951425598699,10.9007047431759
999,92.15,9.512,46.071,3.00639593887995,2.02246822773148,1.48649847629602,19.1019523121405,8.75741559321405
999,92.226,9.518,46.018,3.12635489793839,2.42759591122356,1.28783990922222,23.8432002796383,4.30961067703494
999,92.302,9.167,46.007,2.98940368974757,1.9168816626939,1.55951394805791,18.0023724175439,3.68519645973365
999,92.378,9.245,45.826,3.19526204587651,2.4998506205067,1.27818119197412,25.0940299210621,13.5861608280332
999,92.454,9.458,45.761,3.22396386636039,2.09763541009075,1.53695148873413,21.2456510478153,15.8106737696445
999,92.53,9.379,45.721,3.08681763371682,2.4043995054514,1.2838206074815,23.3167209504828,-3.29185723129204e-16
999,92.606,9.572,45.686,3.12223065104829,2.3898673597617,1.30644516244601,23.441675695487,7.54890683781904
999,92.682,9.54,45.722,3.17951487633575,2.20005238839985,1.44519962029099,21.9757525645822,11.7053294976392
999,92.758,9.517,45.789,3.09310631491615,2.75507425187296,1.12269435671775,26.7718281348343,0
999,92.834,9.506,45.798,3.16143204916204,2.39220416109233,1.32155611990846,23.7592083415511,13.4922742574196
999,92.91,9.579,45.726,3.12223065104829,2.3898673597617,1.30644516244601,23.441675695487,7.54890683781904
999,92.986,9.308,45.715,3.26265134273401,2.20350018371061,1.48066760640784,22.5857038852605,8.9237543377899
999,93.062,8.918,45.728,3.1615978177564,2.08940571269233,1.51315649160472,20.7529229483046,9.18867576195417
999,93.138,8.812,45.732,3.13717853410362,2.3492301416619,1.33540706739115,23.1533945126528,9.42921807306627
999,93.214,8.715,45.686,3.16655516828795,2.12630172796396,1.48923133845171,21.1525058387166,6.86198306603095
999,93.29,8.776,45.62,3.12635489793839,2.42759591122356,1.28783990922222,23.8432002796383,4.30961067703494
999,93.366,8.882,45.634,3.08269536241951,2.4073725740696,1.2805227556482,23.3143756817384,1.33085589243661e-15
999,93.442,8.773,45.664,3.05170314578801,2.35299936491692,1.29694176347377,22.5586947676771,0
999,93.518,8.723,45.626,3.06882092599598,2.07031375083559,1.48229751396733,19.9598643891099,4.14674048557599
999,93.594,9.302,45.65,3.12635489793839,2.42759591122356,1.28783990922222,23.8432002796383,4.30961067703494
999,93.67,9.753,45.709,3.15926067300563,2.45720274567105,1.28571428571429,24.388007840629,0
999,93.746,9.133,45.67,3.12223065104829,2.3898673597617,1.30644516244601,23.441675695487,7.54890683781904
999,93.822,8.535,45.631,2.97983626055964,2.33315348693292,1.2771711236524,21.8416570253793,7.5317072968114
999,93.898,8.608,45.592,2.96234143947499,2.34564520296473,1.26291113239581,21.8296769552299,0.764824473692237
999,93.974,8.572,45.575,3.04041903935095,2.40361271298875,1.26493716018433,22.9587272434805,3.42947460857463
999,94.05,8.445,45.525,3.04041903935095,2.40361271298875,1.26493716018433,22.9587272434805,-3.42947460857462
999,94.126,8.418,45.456,2.96342069233453,2.24365746803124,1.32079906784295,20.8881384332362,1.80960951693852
999,94.202,8.419,45.395,3.05184982195046,2.03272643236708,1.50135786761853,19.489108161446,2.58071057593914
999,94.278,8.33,45.398,2.70973960348421,2.02175782709816,1.34028891451035,17.2110182263672,3.93236410151795
999,94.354,8.171,45.417,2.72064303159309,2.05467029690544,1.32412632610238,17.5615796685292,2.0574715408105e-15
999,94.43,8.269,45.364,2.67755122619713,2.18205598461156,1.22707723590959,18.3549645512864,4.1838317958185
999,94.506,8.464,45.342,3.08019677395572,1.96085086133022,1.57084704130234,18.9746117209513,10.7613000539535
999,94.582,8.436,45.285,3.01689378333138,2.34158292513859,1.28839929218087,22.1931748796725,3.90953952582097
999,94.658,8.46,45.277,3.03818087418521,2.22718261889591,1.3641363974416,21.2578494409071,-9.45155001105289
999,94.734,8.589,45.293,2.94478044480298,2.24423495813896,1.31215336171617,20.7620922413166,1.01720455363835
999,94.81,8.582,45.282,2.98925009987589,2.107588314087,1.41832732697174,19.7923748266624,0.724924698590142
999,94.886,8.557,45.282,2.95845280971214,2.24402968209713,1.31836616659515,20.856580980474,1.54850575199114
999,94.962,8.389,45.312,2.96291611330757,2.28434298077186,1.29705396179449,21.2632937895683,4.86400293756629
999,95.038,8.306,45.338,2.9172492389883,2.26528163249888,1.28780863144607,20.7608729899324,-8.97370193063153
999,95.114,8.503,45.301,2.98311354218382,2.26925603557284,1.31457777149011,21.2668493949668,1.8169319243714
999,95.19,8.612,45.228,2.98258181986498,2.20071143329594,1.35528074000963,20.6207918654702,-0.143381634382083
999,95.266,8.505,45.205,2.8854086565432,2.32428306714256,1.24141878299293,21.0691114957002,6.39533859684975
999,95.342,8.5,45.245,2.88482965931454,2.2977204481368,1.25551812086358,20.8241477418997,1.97132653157192
999,95.418,8.52,45.203,2.94651393516077,2.31566435361667,1.2724270382963,21.4355179755457,3.3278187676723
999,95.494,8.429,45.159,2.97482646085941,2.45054075642128,1.21394694336926,22.9020014835709,-18.4084735670096
999,95.57,8.448,45.2,2.94612557996329,2.36790297764297,1.24419184729262,21.9161887082489,-17.621846984613
999,95.646,8.468,45.167,2.92431361844014,2.30353830401959,1.26948773256226,21.1626114218567,6.92811989230998
999,95.722,8.445,45.097,3.0398313348467,2.11026452908298,1.44049776364656,20.1528401056889,7.07447140011848
999,95.798,8.498,45.097,3.11883174783915,2.07958713620454,1.49973602622458,20.3760004458288,3.02028259144863
999,95.874,8.514,45.092,2.89970026253252,2.26234291210257,1.2817244667112,20.6092132883822,-5.81516344896352
999,95.95,8.52,45.06,3.06810711721201,2.19345082005791,1.39875810715966,21.1421082548108,4.39899174224917
999,96.026,8.432,45.025,2.96917635631595,2.09763766919793,1.41548581049809,19.5666438330603,5.16165959397804
999,96.102,8.425,44.946,2.92242373286433,1.78327250381682,1.63879817953191,16.372340645146,4.05658941825002
999,96.178,8.661,44.84,2.9523803247638,1.69256896559449,1.74431907046507,15.6988756216063,-3.9310696763339
999,96.254,8.685,44.749,3.0281893160831,1.72467267688028,1.75580523578579,16.407392922926,3.9740570760693
999,96.33,8.561,44.732,2.87613887335855,1.82002650932852,1.58027306669268,16.4451348237434,7.85848769936736
999,96.406,8.509,44.716,2.92818204352926,1.94866766335856,1.50265850795846,17.9260962612955,1.21269206546416
999,96.482,8.453,44.635,2.60342552551483,1.89044803332146,1.37714736381338,15.4617901555425,-3.94492561564674
999,96.558,8.441,44.524,2.95212592365619,1.56730698892839,1.8835658518148,14.5357960690906,6.29389110402276
999,96.634,8.519,44.354,2.72692860086268,2.05041461312006,1.32994009280552,17.5656946103002,0
999,96.71,8.441,44.282,2.78674267007118,1.88400423258573,1.47915945297346,16.4940996601968,4.32198687020379
999,96.786,8.463,44.204,2.98780292531568,1.65440565500282,1.80596754869687,15.5290120421272,4.66155605140246
999,96.862,8.591,44.1,2.98537796911661,1.32324489350227,2.25610390319749,12.4105041165036,-3.23005796835964
999,96.938,8.578,44.066,2.54303614053913,1.76393542243476,1.44168324315919,14.0924040487976,7.67123234708086
999,97.014,8.651,44.06,2.80513521770497,1.66039846936148,1.68943495761214,14.6324145871486,2.29794384593238
999,97.09,8.692,44.074,2.96911889607276,1.53738127779158,1.93128337060136,14.3403268339704,-2.07355965528748
999,97.166,8.581,44.046,2.57812018460632,1.6394649364869,1.57253755614365,13.2786879332761,0
999,97.242,8.448,43.979,2.93016971048758,1.62476956347901,1.80343710046698,14.9566531486221,1.37207290857184
999,97.318,8.504,43.876,2.94793210133968,1.70237265061917,1.7316608677116,15.7660167121084,0.844132795946072
999,97.394,8.552,43.854,2.63181117523731,1.84085192358393,1.42967022035834,15.2203084941193,11.2425786253412
999,97.47,8.58,43.88,2.93329013961525,1.9135236101207,1.53292602406417,17.6335080408001,10.2628529581746
999,97.546,8.632,43.887,2.90769707362697,1.65477090034342,1.7571599023306,15.1160008321999,0.194880597659026
999,97.622,8.525,43.863,2.81980865584624,1.7592201599235,1.60287422807209,15.5843863160041,3.11350573857773
999,97.698,8.481,43.847,2.91201662181733,1.90674626828681,1.52721768504298,17.4436204084261,11.731157209139
999,97.774,8.555,43.871,2.91182312038856,1.67811250583425,1.73517753444129,15.3509740199523,-1.66538460270715
999,97.85,8.558,43.858,2.90407269666991,1.92479860806064,1.50876703905972,17.5607335080684,1.59335041175544
999,97.926,8.562,43.762,2.96926581803581,1.67594189243227,1.77169974176525,15.6335608481229,8.83014925421133
999,98.002,8.528,43.776,2.90199529472438,2.18870920587879,1.32589349326522,19.9542147217909,5.81234274752078
999,98.078,8.338,43.8,2.62574312988285,2.08276111869581,1.26070297083664,17.1807283907135,18.434948822922
999,98.154,8.396,43.718,3.00853125372279,1.97051398095232,1.52677488350974,18.6244699109652,24.3357469968127
999,98.23,8.471,43.685,2.87209625930763,2.21874119226888,1.29447105832593,20.0196052817781,6.06789749626491
999,98.306,8.381,43.636,2.95460506814076,2.07088497746601,1.42673547796753,19.2222972503743,25.4352823631101
999,98.382,8.459,43.598,3.14504448684907,2.14207132271491,1.4682258492042,21.1646257196428,16.7766527742236
999,98.458,8.45,43.599,3.16426761635459,2.06378572271659,1.53323457058779,20.5157634523373,16.0534897755655
999,98.534,8.467,43.576,2.81356256533494,2.22378432316092,1.26521377816699,19.6561797059977,2.50291627647555
999,98.61,8.429,43.56,2.98889428568916,2.17626723793276,1.3734040717023,20.4349063410302,12.5561975187399
999,98.686,8.451,43.533,3.03245520486991,2.02238427790666,1.49944559893868,19.2667271611039,12.6531986487702
999,98.762,8.575,43.506,2.71044751836264,2.2341703255308,1.21317855106624,19.0242329166551,11.9888510639667
999,98.838,8.513,43.487,3.06431251620326,2.05176100200576,1.49350363575857,19.751937315179,22.5577362078216
999,98.914,8.482,43.411,2.90482491635541,2.25575913381563,1.28773718470637,20.5855539573801,0.364313855444999
999,98.99,8.501,43.378,2.72540702098769,1.67745001502487,1.62473218073641,14.3625261003203,13.1445657118944
999,99.066,8.472,43.406,2.62640725491091,2.1924251509373,1.19794614369757,18.0899229719372,-10.9366207019427
999,99.142,8.401,43.465,3.09840828302157,1.83899281922037,1.68483979417338,17.9006396936086,15.0185591491283
999,99.218,8.402,43.424,2.67178283419869,2.15126248158123,1.24196041025866,18.0569514791183,-20.7693313751758
999,99.294,8.481,43.327,2.94472794314683,1.65391101272806,1.78046335049769,15.3005551698337,12.871259792064
999,99.37,8.463,43.275,2.96222635614414,1.87187110104185,1.58249483871802,17.4198356742496,6.90068933780795
999,99.446,8.452,43.281,2.57347612454884,2.10073934600032,1.22503352424402,16.9840862175128,-5.81463525892218
999,99.522,8.47,43.373,2.90482619481801,1.69973699276264,1.7089856884839,15.5114269307591,4.57114498406922
999,99.598,8.396,43.368,2.54273274542164,2.04771145370128,1.2417436747866,16.3575911163966,-23.85501727746
999,99.674,8.388,43.321,2.89923212374257,1.67209102602874,1.73389610889087,15.2297500860061,1.27470726478507
999,99.75,8.39,43.296,2.45729035777354,1.87925099160828,1.3075902946155,14.5074518321717,-3.83810737678029
999,99.826,8.349,43.27,2.61997734588561,1.93408118569111,1.35463669533055,15.9192318918065,8.04361939556503
999,99.902,8.405,43.258,2.83004213291933,1.83858767193673,1.53924785644745,16.3465880341607,-6.79483981986331
999,99.978,8.442,43.259,2.65542351065287,1.6789442480852,1.58160314952764,14.0061877527318,-3.69490125270474
999,100.054,8.414,43.298,3.07274417828,1.35726276006239,2.2639272723719,13.1020789029779,3.65520979060236
999,100.13,8.387,43.267,2.5231041558162,1.7225509732271,1.46474861704052,13.6539130821877,-3.03751971565151
999,100.206,8.435,43.239,3.00542418523092,1.77940181653278,1.68900815841982,16.8007890636599,5.22298267580946
999,100.282,8.5,43.277,2.55284743968208,1.84725651071401,1.38196694659116,14.8150097075196,3.60001152695118
999,100.358,8.465,43.246,2.76131861029872,1.72765514051697,1.59830428280522,14.9873016791355,3.36894429737542
999,100.434,8.509,43.183,2.31462006024535,1.79011116193833,1.29300353489729,13.0169604694564,-2.45390685749949
999,100.51,8.514,43.194,2.58221484325266,1.6056710088002,1.60818426010081,13.0256322290611,2.55243601650555
999,100.586,8.456,43.22,2.64550068029572,1.64156562650126,1.61157168351179,13.643192279462,-6.6202599575936
999,100.662,8.5,43.186,2.41181746641306,1.78145057927296,1.35385033661577,13.4979584647943,2.09500386276192
999,100.738,8.528,43.164,2.86939635182654,1.64404477726186,1.74532737277721,14.8201997200641,4.59207869544282
999,100.814,8.529,43.094,2.56053616705645,1.91994760359005,1.33364898201836,15.4443688092275,4.19418434090717
999,100.89,8.526,42.986,2.98815937786523,1.36259821858653,2.19298641162539,12.7914991706567,4.98614789686217
999,100.966,8.487,42.916,1.92657770968063,1.56093864058547,1.23424307630569,9.44761605486166,-83.2476469623705
999,101.042,8.435,42.894,2.69769366791633,1.86654068397313,1.44529058009815,15.8190342261476,3.63666130415682
999,101.118,8.434,42.883,2.14608747901629,2.0449819269434,1.04944080470384,13.7875394347439,-84.2490076765146
999,101.194,8.501,42.808,1.99078292615771,1.75675132903761,1.13321839764784,10.9871251354525,89.7535726179039
999,101.27,8.519,42.761,2.34250889026395,1.80600900668619,1.29706379181474,13.2907972315269,4.21006916863008
999,101.346,8.481,42.757,1.92591671646369,1.5658580612279,1.2299433544784,9.47413934227281,-81.4644893543405
999,101.422,8.494,42.699,2.15385371438736,1.84643925034396,1.16649042961264,12.4939884381966,9.33750676668879
999,101.498,8.565,42.634,2.76894084172543,1.65824524172136,1.66980177120913,14.4248833438619,3.2043542106708
999,101.574,8.574,42.573,2.61319941373319,1.68101412200656,1.55453745422074,13.8004671195426,5.67097958903519
999,101.65,8.602,42.516,2.76894084172543,1.65824524172136,1.66980177120913,14.4248833438619,3.2043542106708
999,101.726,8.718,42.428,2.9180773844995,1.64264231186805,1.7764533175704,15.0587763344443,-2.2415912404855
999,101.802,8.72,42.308,2.79818470329833,1.8529306391205,1.51014001507714,16.2886620733673,-2.97559107301163
999,101.878,8.682,42.256,2.98780292531568,1.65440565500282,1.80596754869687,15.5290120421272,4.66155605140246
999,101.954,8.708,42.219,2.89024764607141,1.62035868140676,1.78370855739308,14.7128256708407,-3.36840821662124e-16
999,102.03,8.72,42.208,2.89653330673399,1.58953372711852,1.82225344282866,14.4643241778466,1.68205513010107
999,102.106,8.738,42.199,2.91877676947718,1.789235442092,1.63129831927793,16.4065870090129,5.92702260442642
999,102.182,8.791,42.174,2.95590558279018,1.60987379913479,1.83611012514074,14.9496926014499,4.25731600687024
999,102.258,8.751,42.147,2.85787971797135,1.59669947432248,1.78986701250341,14.3356371932695,1.03567847518678
999,102.334,8.691,42.103,2.83174473661089,1.59726451465578,1.77287150038587,14.2095661450498,-0.135824615251828
999,102.41,8.698,42.06,2.91482674879383,1.87060247964705,1.55822884899832,17.1294778475307,5.83394138218805
999,102.486,8.718,42.044,2.90332616090905,1.89881453607072,1.52902039970528,17.3192167650909,8.40278908348744
999,102.562,8.701,42.017,2.96533074340121,1.79714319601142,1.65002474481859,16.741936712421,8.87108077108548
999,102.638,8.687,41.979,2.9387966073999,2.28711694989821,1.28493499535767,21.1158114303958,3.5310226646591
999,102.714,8.58,41.88,2.74826072616059,1.55765384327224,1.76435909559161,13.4486519842066,13.1514660833171
999,102.79,8.586,41.798,2.92855334199991,2.03856865381696,1.43657332144128,18.7554873510426,3.31994500655852
999,102.866,8.699,41.772,2.98084533808595,1.98006310787613,1.50542946142928,18.5425025750554,8.44424565132482
999,102.942,8.669,41.78,2.86230371611563,1.8456208982539,1.5508622159749,16.5961780796295,4.66502758301896
999,103.018,8.667,41.788,2.87892283364799,2.00846624348869,1.43339368684003,18.1653777654024,5.00398990072067
999,103.094,8.648,41.761,2.54282347151666,1.57407225354195,1.61544266204734,12.5745006545556,13.992313443312
999,103.17,8.634,41.791,2.5983272945611,2.2397170811672,1.16011406816035,18.2825550719191,-3.0577517831427
999,103.246,8.624,41.772,2.61406517211906,1.93525857133891,1.35075757360451,15.8929780379518,17.8636991113998
999,103.322,8.633,41.729,2.74533746793072,2.21670927625668,1.23847429942042,19.1185234759037,4.34459630205338
999,103.398,8.577,41.689,2.6652432161067,1.92499040970475,1.38454882822792,16.1181535768376,2.26385408934528
999,103.474,8.527,41.626,2.80785695346486,2.2470147944929,1.24959433304423,19.8212383250087,0.309455908127685
999,103.55,8.575,41.577,2.66483328150366,2.27405172053257,1.17184374367685,19.0379531763485,9.77553367947732
999,103.626,8.519,41.583,2.36584714567798,2.21102755423204,1.07002155678685,16.4335242329699,-5.79446349096444
999,103.702,8.537,41.563,2.48181238595938,2.2938278628639,1.08195232351079,17.8846169987549,-56.6385619697107
999,103.778,8.553,41.481,2.90551288449082,1.72474910196367,1.68460031733475,15.7434027524232,5.29882111842274
999,103.854,8.629,41.405,2.4046578044619,2.29555449026187,1.04752808729345,17.3416637690874,-14.8522019448395
999,103.93,8.727,41.315,2.6833480017343,1.68086454422338,1.59640942570664,14.169665196398,2.89048360244133
999,104.006,8.752,41.193,2.44616836782573,1.79862212563304,1.36002350519556,13.8221674549393,8.49541164599308
999,104.082,8.787,41.115,2.67425092608914,1.79475921810643,1.4900332585619,15.0785027718457,7.79841168291272
999,104.158,8.673,41.077,2.97899001928289,1.84367166214468,1.61579205259223,17.2545048669725,5.50057180587407
999,104.234,8.68,40.987,2.62575693493147,1.94259764649424,1.35167307531239,16.0246020103775,9.53136465947858
999,104.31,8.721,40.933,3.15047198684044,1.75077460104373,1.79947320743759,17.3282909996557,7.45132711951556
999,104.386,8.625,40.882,2.61406517211906,1.93525857133891,1.35075757360451,15.8929780379518,17.8636991113998
999,104.462,8.484,40.789,2.61228068404562,1.98981299191137,1.31282723284278,16.3298416708045,2.88394444895707
999,104.538,8.565,40.759,2.72902993287126,2.36372292250008,1.15454730624045,20.2653793944435,6.97487076664285
999,104.614,8.597,40.735,3.04288425973244,1.86464739424694,1.63188186094634,17.8251020536291,13.4822617196272
999,104.69,8.483,40.553,3.0149830199628,2.04183356775292,1.47660566834585,19.3399382286563,9.6867843259999
999,104.766,8.592,40.408,2.85634661706134,2.34674009610098,1.21715507473838,21.0584195639777,27.8145872143349
999,104.842,8.558,40.407,2.85872176118168,2.11190175322847,1.35362440833791,18.9668614186429,17.6782302742625
999,104.918,8.472,40.281,3.09970350032331,2.265316552636,1.36833128099311,22.0596656036369,16.6655918263184
999,104.994,8.45,40.147,3.20064738916626,2.27355937393476,1.40776943230958,22.8609358054847,20.1375573937696
999,105.07,8.388,40.148,2.94438486443676,2.55932870761468,1.15045201332538,23.6739386268013,-14.3873996786543
999,105.146,8.332,40.15,2.97823118093032,2.0199843534825,1.47438329202688,18.8997597864722,29.1441232504971
999,105.222,8.292,40.106,2.44320383368747,2.03934978544144,1.19803078958258,15.6531337237303,54.323120729435
999,105.298,8.303,40.056,2.86857797961168,2.42596159363633,1.18244987354145,21.8625317935325,38.7424733393762
999,105.374,8.216,40.046,2.90762373030993,1.83191500576596,1.5872044942905,16.7337546644733,34.0592423087774
999,105.45,8.321,39.957,2.63828883636393,1.85954350251074,1.41878306842606,15.4126939700969,20.2491448522758
999,105.526,8.291,39.928,3.08192785827666,1.73529015009835,1.77603028410089,16.8013602087535,19.844052617584
999,105.602,8.14,39.898,2.66031050962088,2.33910809083403,1.1373183308824,19.5493577399981,-8.54390798033316
999,105.678,8.203,39.776,3.17508827841486,1.93825699865191,1.63811521414507,19.33379183021,27.1491374426626
999,105.754,8.165,39.755,3.07806625116613,2.58602601106878,1.19026886736301,25.0069499403249,21.6659270535984
999,105.83,8.069,39.782,3.05190282794082,2.49555541583799,1.22293530673452,23.9269748174942,34.0273738699373
999,105.906,8.042,39.804,2.69636386696487,2.39345297938324,1.12655811089286,20.2746455922581,7.76310264691665
999,105.982,8.084,39.795,2.86553590092265,2.24901526031438,1.27412914953814,20.2464147357103,4.18884160637082
999,106.058,8.029,39.784,2.37384469809961,2.05443902220802,1.15547099351156,15.3212934694135,13.6508592211048
999,106.134,8.016,39.7,2.77737708944926,2.43721394685207,1.13957048909741,21.2656360103271,49.8588570093793
999,106.21,8.045,39.716,2.54040329046143,2.20842102114313,1.15032562457065,17.6252145231733,54.4664405523569
999,106.286,8.244,39.608,2.74701064375005,2.24474326286785,1.22375270668616,19.372108449135,33.4654847322659
999,106.362,8.229,39.497,3.10617130097522,2.08233399105505,1.49167775886011,20.3200917181873,22.0704142336329
999,106.438,8.07,39.401,3.12978727011132,2.65101384258188,1.18060012355995,26.0661378660761,56.3893718260596
999,106.514,8.066,39.229,3.24641940362081,2.62167748137304,1.2382985423213,26.7382981647354,46.8240584850816
999,106.59,7.902,39.266,3.26354313475864,2.82562620566619,1.1549804882947,28.9703631748702,38.6792328842255
999,106.666,8.03,39.058,3.13797476339979,2.38780086314663,1.31416937309612,23.5395103130791,24.7926428771087
999,106.742,7.973,38.909,3.14468675512496,2.6444106027434,1.18918247864479,26.1249912695381,20.6691393542842
999,106.818,7.844,38.919,3.26609936050822,2.77452232477366,1.1771753758639,28.4686903674325,35.8772630525914
999,106.894,7.988,38.729,3.31136691265913,2.59280968503977,1.27713458174942,26.9729109101735,39.2101282558614
999,106.97,8.199,38.656,3.15548442694046,2.68471965844531,1.17534969322188,26.6142882789184,15.4119486496242
999,107.046,8.351,38.675,3.08021940516534,2.54108974314359,1.21216474682818,24.5896036435958,3.39997350302203
999,107.122,8.118,38.721,3.09477918143091,2.60681870862059,1.18718619411341,25.3448875431581,-8.19586565062341e-16
999,107.198,8.02,38.663,3.14844576736161,2.50667786455489,1.25602328559305,24.7938868861898,30.5064645043981
999,107.274,8.045,38.665,3.097317282194,2.64767551632736,1.16982510246963,25.7632310220727,1.84240032158259
999,107.35,8.111,38.675,3.19096638530046,2.45155374286104,1.30160980341247,24.5761313888637,22.9051969800375
999,107.426,8.239,38.589,3.14930366173082,2.73619700377874,1.15097840447218,27.0714659432281,11.022194097736
999,107.502,7.98,38.735,3.19712066110349,2.3093399193701,1.38443051812638,23.1951274220436,17.900215800303
999,107.578,8.152,38.709,3.13760826268763,2.72960816539315,1.14947203868571,26.9059853475368,13.2033879728319
999,107.654,8.416,38.522,3.14683249363816,2.47144137343463,1.27327822843109,24.4328321475862,15.0824623337647
999,107.73,8.322,38.464,3.14468675512496,2.6444106027434,1.18918247864479,26.1249912695381,20.6691393542842
999,107.806,8.413,38.523,3.12519360511477,2.49354438444886,1.25331380688679,24.4818313932288,18.8056161636045
999,107.882,8.499,38.603,3.13020984012378,2.55217705642933,1.22648616099667,25.0977116405379,14.3256933039363
999,107.958,8.623,38.566,3.10347239850301,3.10102848353858,1.00078809819949,30.2345504282478,-2.51263819835636e-13
999,108.034,8.677,38.496,2.89372183450809,2.60829995582024,1.10942831864523,23.7117816967379,2.2204802560675
999,108.11,8.639,38.43,3.14419888050913,2.43267068799977,1.29248849670418,24.0294153146091,11.8064199748892
999,108.186,8.373,38.402,3.08082608268445,2.17779582811783,1.41465331272448,21.0782337629087,12.2219773902083
999,108.262,8.223,38.418,3.20580304266819,2.48501137186252,1.29005568303111,25.0273628396892,19.3488042659863
999,108.338,8.153,38.294,3.19820977565175,2.52989237801489,1.26416831144464,25.4190236807231,16.6518134393431
999,108.414,8.111,38.215,2.94156145608219,2.10998849351325,1.3941125580189,19.4988000520719,19.1610778104136
999,108.49,8.122,38.257,3.06678883621437,2.65483745509772,1.15517009537651,25.5783003376666,9.29850057618852
999,108.566,7.926,38.188,3.1501771309665,2.57613350500707,1.22283147392932,25.4948941457135,24.8369800617308
999,108.642,7.949,38.134,3.078128967793,2.42536345836364,1.26914131454334,23.4538160536589,13.5631281794034
999,108.718,8.225,38.044,3.12223065104829,2.3898673597617,1.30644516244601,23.441675695487,7.54890683781904
999,108.794,8.299,38.052,3.17098095950582,2.35140224523496,1.34854892051401,23.4245057141395,17.6195411913897
999,108.87,8.182,38.136,3.12223065104829,2.3898673597617,1.30644516244601,23.441675695487,7.54890683781904
999,108.946,8.24,38.046,3.12635489793839,2.42759591122356,1.28783990922222,23.8432002796383,4.30961067703494
999,109.022,8.276,37.915,3.12635489793839,2.42759591122356,1.28783990922222,23.8432002796383,4.30961067703494
999,109.098,8.126,37.874,3.13304092609592,2.67291912599817,1.17214205832955,26.3088436061375,19.1624171018257
999,109.174,7.918,37.936,3.03059176738376,2.36473035204966,1.2815802718297,22.5143253416461,7.38453971256157
999,109.25,7.78,37.962,3.07057248262578,2.3769241576381,1.29182602345922,22.9289702535908,3.57795802586207
999,109.326,7.73,37.909,2.99494336144416,2.41359496187437,1.24086410883055,22.7092544782193,-5.89330097941958
999,109.402,7.947,37.763,3.09384701657865,2.14324360131507,1.4435349368034,20.8314856356717,2.03262140223069
999,109.478,8.123,37.676,3.12496190979995,2.60492768483107,1.19963480291492,25.5735060273318,3.29695767949507
999,109.554,8.066,37.63,3.08269536241951,2.4073725740696,1.2805227556482,23.3143756817384,1.33085589243661e-15
999,109.63,8.249,37.541,3.11883174783915,2.07958713620454,1.49973602622458,20.3760004458288,3.02028259144863
999,109.706,8.168,37.512,3.15926067300563,2.10617378200375,1.5,20.9040067205391,0
999,109.782,8.069,37.448,3.07253040913185,1.87870608622454,1.63545028765326,18.134471564647,6.14617022432514
999,109.858,8.133,37.405,3.13281861364161,2.14633968946201,1.45960987863336,21.1243609520248,3.290972327589
999,109.934,8.084,37.381,2.95476274654172,1.93079051007561,1.53033834127661,17.9228736466376,2.71798547891414
999,110.01,8.014,37.222,3.0050730365017,2.20535869713557,1.36262325054189,20.8201637593816,-12.9518720798935
999,110.086,7.887,37.133,3.12223065104829,2.3898673597617,1.30644516244601,23.441675695487,7.54890683781904
999,110.162,7.783,37.124,3.0920902763464,2.4749616807764,1.24934874764461,24.0419958022917,-14.5610963089382
999,110.238,7.725,37.054,3.01701749423141,2.21738860460999,1.36061738928349,21.016941358067,-11.5518504726585
999,110.314,7.674,36.975,2.87299817119337,2.28720477810136,1.2561175976461,20.6438298961151,9.05203143495438e-16
999,110.39,7.576,36.892,2.88573350894224,2.08667899867443,1.38293120828619,18.91741277996,-0.959310035558098
999,110.466,7.524,36.742,2.90232352497836,1.90227929913263,1.52570841006455,17.3448271655759,-4.68732351044565
999,110.542,7.454,36.588,2.99830776370141,2.02766787773406,1.4786976686991,19.0995398003682,-5.13316227210667
999,110.618,7.393,36.526,2.64603679030557,1.85653823311454,1.42525305598827,15.4329748482695,-1.78863176796303
999,110.694,7.361,36.482,2.66455095674475,1.94909450673628,1.36707119512972,16.3157409120225,-11.2897862820132
999,110.77,7.269,36.382,2.67697594778754,1.90864068211516,1.4025562657613,16.0516070055109,-2.1831476433257
999,110.846,7.133,36.318,2.30159080665836,1.85332060534294,1.24187407188108,13.4007325948553,-3.72370842509758
999,110.922,7.127,36.269,2.59932100348733,1.91272200476083,1.35896434349453,15.6193027505798,-27.891866256888
999,110.998,7.196,36.181,2.69325955516094,1.71793817520954,1.56772786938764,14.5356886681406,-3.09861528722006
999,111.074,7.151,36.162,2.9072512452311,1.77741264279603,1.63566477205751,16.2338191283026,-29.3733973555347
999,111.15,7.08,36.152,2.35519252875692,1.88378025621944,1.25024801644516,13.938194752475,-3.27847324908168
999,111.226,7.058,36.137,2.29400804978487,1.96254562668452,1.16889412332304,14.143750040754,-21.4141972171453
999,111.302,7.09,36.136,2.25325764375363,1.79625225292971,1.25442161037156,12.7153421703233,-11.5330574794685
999,111.378,7.123,36.089,2.56389925346856,1.82656817138864,1.4036701688059,14.7125080756327,-9.33496534820836
999,111.454,7.07,36.08,2.56622524627439,1.97612401583846,1.29861548450721,15.9315797571104,-11.6028243361504
999,111.53,7.027,36.081,2.56044692598433,1.6585513320323,1.54378515547474,13.3411899661744,-1.81877874080872
999,111.606,7.022,36.046,2.2309805533622,2.07804149072783,1.07359769442371,14.5646439401406,8.86555243735027
999,111.682,7.053,35.998,2.37733120133767,1.87807363779962,1.2658349244085,14.0265924853267,-2.04073305749639
999,111.758,7.113,35.973,2.78943851665339,1.94361829833797,1.4351781515119,17.0324704898605,-9.3471019872117
999,111.834,6.999,35.954,2.2799374477016,1.90118185464843,1.19922112770386,13.617471192211,0
999,111.91,6.937,35.899,2.70514467611124,1.75515553384128,1.54125638665814,14.9161237341415,-46.7734839360752
999,111.986,7.059,35.86,2.25180749692408,1.7795790691799,1.26535962122874,12.5892083886917,-12.2327675553314
999,112.062,7.047,35.806,2.41696222111728,2.00399607992593,1.20607133183943,15.2165641932071,-30.9910532267727
999,112.138,6.986,35.772,2.62790720969773,1.89379580145049,1.3876402132083,15.6348258610274,-39.4075641371175
999,112.214,7.064,35.805,2.47582518063077,1.63263877288933,1.51645619456239,12.6987202102156,-2.6988743882402
999,112.29,7.09,35.804,2.69469511961356,2.20674769391976,1.2211160918116,18.681519170883,-58.856594419296
999,112.366,7.086,35.749,2.65376831989154,1.62007171358735,1.63805607963815,13.506633554536,1.16154926650383
999,112.442,7.101,35.664,2.66062769073583,2.01219137546857,1.32225379910311,16.8191197477929,-8.16909673536832
999,112.518,7.095,35.595,2.34930447942277,2.06395773445843,1.13825222299875,15.2331591363227,-30.6830251033498
999,112.594,7.194,35.643,2.8878352371581,2.19292050673401,1.31689006887854,19.8950563162105,-15.0907100976138
999,112.67,7.203,35.694,2.73389159394924,1.89955069209953,1.43923065876569,16.3148111158975,-4.52266769603
999,112.746,7.129,35.69,2.33631600808611,1.81733722924017,1.28557098291709,13.3388067573658,-14.7610172746161
999,112.822,7.08,35.646,2.41930017429283,2.00117298935733,1.20894104965398,15.2098265623672,-18.434948822922
999,112.898,7.089,35.541,2.66924198989692,2.10912358505605,1.26556926716364,17.6864165376973,-11.6258128886426
999,112.974,7.157,35.492,2.84995394989197,2.27308257383519,1.25378373082306,20.3518047692422,-12.1589221120728
999,113.05,7.204,35.426,2.88931531393103,1.91414656956501,1.50945353917575,17.3748074961122,4.75715736707377
999,113.126,7.173,35.327,2.96712769941294,2.01099971665475,1.4754490887491,18.7455470966825,-2.38243649210308
999,113.202,7.117,35.323,2.22070785894631,2.05914624829825,1.0784604836988,14.3657563110542,-59.7250979151492
999,113.278,7.094,35.322,2.60757680279613,2.17701463681627,1.1977764222153,17.8339822691905,-19.2281410169089
999,113.354,7.069,35.249,2.47599122411427,1.98138045937063,1.24962937451233,15.4122785435591,-7.08511037400736
999,113.43,7.05,35.183,2.66606063950364,2.10180460982945,1.26846264730572,17.6040355182627,-25.894963941736
999,113.506,7.042,35.159,2.67178283419869,2.15126248158123,1.24196041025866,18.0569514791183,-20.7693313751758
999,113.582,7.117,35.176,2.40516504825547,2.10136886750445,1.14457061082845,15.8780458068954,-49.8774036388913
999,113.658,7.161,35.127,2.96573445500931,2.14606234177627,1.38194235893194,19.9951409172661,-11.3979722152464
999,113.734,7.072,35.103,2.28140356789759,1.82666251091462,1.24894640047946,13.0921298728974,-4.17323965282649
999,113.81,6.999,35.182,2.63621397877307,2.13724244613082,1.2334651052554,17.7004505894109,-15.4376941641802
999,113.886,7.133,35.183,2.66949055503672,1.7843955612777,1.49601949980489,14.9647475747262,-1.10238517443952
999,113.962,7.128,35.11,2.13041272605307,2.00008213445406,1.06516261975141,13.3863276553466,5.42820667403111
999,114.038,6.99,35.066,2.68756027805922,1.97278724800799,1.36231632720304,16.6566760095748,-8.73970764084048
999,114.114,7.024,34.998,2.68562750176932,2.01925725380619,1.33000760388854,17.0367715529825,-5.16555242216985
999,114.19,7.01,34.936,2.65275245961966,2.27244033660919,1.16735846344725,18.9382169826742,-3.7375440192876
999,114.266,6.974,34.935,2.72514357228559,2.20678468643799,1.23489327664508,18.892925933794,1.67116511332608
999,114.342,6.963,34.878,2.48550396534038,2.13877294955245,1.16211679498775,16.7004823846595,-14.9739984732783
999,114.418,7.005,34.867,2.79109224563033,2.24014746394264,1.2459413009883,19.6426767972536,11.4716555191565
999,114.494,7.093,34.889,2.19505383381213,2.07983589096191,1.05539761254766,14.3424755067771,56.3099324740202
999,114.57,7.082,34.915,2.29338294519981,1.97917693330671,1.15875589827542,14.2597224321134,90
999,114.646,7.031,34.878,2.30577666367799,2.05279532889024,1.12323748560189,14.870061440471,-71.0093417218681
999,114.722,7.036,34.781,2.54941305088234,2.00509592021898,1.27146687855407,16.0592489556723,5.45739771575635
999,114.798,7.04,34.785,2.33524717221763,1.98325170145301,1.17748401300084,14.5499185813531,16.5345867218689
999,114.874,7.014,34.746,2.22010209975427,1.97823615162724,1.12226343549939,13.7975175282542,13.5704343851615
999,114.95,7,34.722,2.63197430437853,2.08170559317275,1.2643355107516,17.2127724218663,-8.8502138943336
999,115.026,7.046,34.762,2.92389485788971,1.97553029897391,1.48005568905138,18.1466022058767,11.7055104630834
999,115.102,7.077,34.705,2.37379686859119,2.04683300084138,1.15974135047432,15.2642628420311,0
999,115.178,7.007,34.665,2.60266848897223,2.02184421225906,1.28727449582488,16.5316581396381,-11.2745031670817
999,115.254,6.995,34.717,2.62743926517578,2.00755416135384,1.30877627899409,16.5710424320987,4.72591759903677
999,115.33,7.072,34.731,1.97266550745459,1.94991453622406,1.01166767609959,12.0842277134696,23.1985905136486
999,115.406,7.042,34.69,2.39239167681119,1.60219835152015,1.49319319579958,12.0419948206202,5.90692970717454
999,115.482,7.006,34.674,2.58603068057077,1.87824436797062,1.37683398639172,15.2593361752413,8.04865939406673
999,115.558,6.997,34.697,2.6269347766572,1.9425154978106,1.35233658604938,16.0311122490486,-5.75134228976595
999,115.634,7.068,34.667,2.56437305334762,1.95212556679921,1.31363120127169,15.7267443379387,-8.81400968390983
999,115.71,7.136,34.591,2.60599605039016,1.69485449105365,1.53759279285981,13.8757365114371,-1.11796862074385
999,115.786,7.078,34.652,2.57943625301716,1.91161743120518,1.34934752681709,15.4908644625103,-5.9752441602968
999,115.862,7.149,34.683,2.04440647434536,1.80318330826633,1.13377628606764,11.5812916590428,19.0131032205186
999,115.938,7.163,34.645,2.94793210133968,1.70237265061917,1.7316608677116,15.7660167121084,-0.844132795946071
999,116.014,7.138,34.634,2.02413174801774,1.95444655422791,1.03565469397927,12.4283206143725,90
999,116.09,7.127,34.576,2.4678187624616,1.94490249339939,1.26886503093954,15.0785981607812,-15.6060735418366
999,116.166,7.123,34.562,2.19071237245883,1.88431341205662,1.16260509448255,12.9684589909314,-19.2325950931487
999,116.242,7.104,34.545,1.95938362410281,1.80673294267917,1.08448989765874,11.1214985605839,35.7271138786161
999,116.318,7.072,34.428,2.64184843415075,1.66774211572277,1.58408689763514,13.8416118638725,-5.45187975382218
999,116.394,7.158,34.367,2.31833432495947,1.87588373437034,1.2358624804312,13.6625528762649,3.95794279348844
999,116.47,7.114,34.376,2.3213056423629,1.58974166708541,1.46017789583305,11.5933449191522,1.18475403212764
999,116.546,7.044,34.352,2.56169787327094,2.03889520528725,1.25641468312249,16.4086437082601,2.5178767320263
999,116.622,7.004,34.333,1.92591671646369,1.5658580612279,1.2299433544784,9.47413934227281,-8.53551064565955
999,116.698,6.997,34.358,2.19137702028794,1.65002510400383,1.32808707877868,11.3594558408545,4.22509358896882
999,116.774,6.997,34.386,1.93478141567382,1.81764303790326,1.06444520476676,11.0481707377244,-55.3048464687659
999,116.85,7.025,34.433,1.98471856567782,1.87632385434451,1.057769724071,11.6992118390929,59.0362434679264
999,116.926,7.063,34.501,2.24688885363417,1.79137295845739,1.25428311453861,12.6449604858818,-9.03023596809958
999,117.002,7.041,34.566,2.20846251071594,1.97569083538742,1.11781786459665,13.7075200366189,5.12840992084819
999,117.078,7.079,34.624,2.04136228399009,1.9390509771972,1.05276359827361,12.4353835786897,-87.559128817685
999,117.154,7.048,34.637,2.678938649696,1.78331117696829,1.50222725248115,15.0085857957198,-2.09245806255921
999,117.23,6.993,34.615,2.04683300084138,1.92429138472668,1.06368142428289,12.3738007534555,0
999,117.306,6.929,34.578,2.65542351065287,1.6789442480852,1.58160314952764,14.0061877527318,3.69490125270473
999,117.382,6.949,34.648,2.23001658980759,1.94382524282022,1.14723100651381,13.6180581481311,-27.9783278996461
999,117.458,6.976,34.675,2.05969281112269,1.66413238615185,1.23769769055786,10.7681277311454,0
999,117.534,6.888,34.594,2.16528149838574,1.89495007660906,1.14265886215874,12.890269889001,2.00475077071963
999,117.61,6.865,34.59,2.11028289748756,2.0326242970888,1.03820607699612,13.4755861421391,31.6213409140616
999,117.686,6.859,34.549,2.19987858861156,1.92007369481564,1.14572612215428,13.2698643464134,11.2194606067311
999,117.762,6.867,34.511,2.52095997621134,2.04075411346602,1.23530804597019,16.1624243061241,7.67755561797227
999,117.838,6.896,34.513,2.51778059171878,1.80279862214235,1.39659558244325,14.2598504747242,4.42486629746501
999,117.914,6.936,34.493,2.16873706481373,1.72312542567047,1.25860661824421,11.7401505268258,12.7970146229994
999,117.99,6.966,34.476,2.49864247587009,1.76551504044137,1.41524847913244,13.8587931550677,1.33722590987079e-15
999,118.066,7.025,34.418,2.23653055099494,1.75362075749944,1.27537869372857,12.3214093223037,2.57972134200339
999,118.142,7.08,34.418,2.24994014654552,1.60135829680322,1.4050198203844,11.3190336755704,4.69398825754439
999,118.218,7.093,34.456,1.94067994847316,1.77620450771876,1.09259938258216,10.8292095914581,9.35721910673339
999,118.294,7.086,34.437,1.94070868574699,1.82581529359489,1.0629271715245,11.1318427502543,-59.3238082284044
999,118.37,6.979,34.371,2.06178715527223,1.92557574231551,1.07073801874598,12.4725228600584,-8.13010235415598
999,118.446,6.954,34.373,2.24688885363417,1.79137295845739,1.25428311453861,12.6449604858818,9.03023596809959
999,118.522,7.02,34.422,2.15675806091767,1.80343265284106,1.19591827148078,12.2194379758952,0
999,118.598,7.008,34.445,1.90980403881306,1.90247767339798,1.00385095999681,11.4145356525598,-75.963756532074
999,118.674,7.011,34.494,2.04117348908191,1.79594699562428,1.13654439360132,11.5165741134032,-7.69328694131184
999,118.75,7.094,34.484,1.98471856567782,1.87632385434451,1.057769724071,11.6992118390929,-30.9637565320735
999,118.826,7.081,34.415,2.02868321628551,1.62293289118889,1.25001053789685,10.3434321722938,-6.31027713763614
999,118.902,7.013,34.369,2.17290084427008,1.83733688779277,1.18263605259699,12.5423401784898,-9.05293824501959
999,118.978,7.009,34.343,2.0196149997037,1.9204035824895,1.05166175387238,12.1845913338711,17.0798472728347
999,119.054,6.979,34.343,2.07922443960344,1.58086353309735,1.31524600072826,10.3263210989179,1.52983445151218
999,119.13,6.964,34.399,2.17558012096661,1.88209817883835,1.15593338616873,12.8637392720625,-5.57536545665785e-15
999,119.206,6.985,34.388,2.24010771497994,1.56222414899918,1.43392208884688,10.9941617291786,0
999,119.282,7.064,34.354,1.79782256002407,1.59823187467094,1.12488218293996,9.02685541715762,-32.5629230429362
999,119.358,7.102,34.36,1.95696679583482,1.85747068168877,1.05356537528527,11.4197158369211,-90
999,119.434,7.095,34.323,1.95696679583482,1.85747068168877,1.05356537528527,11.4197158369211,-90
999,119.51,7.098,34.281,1.99756798970151,1.73386991288827,1.15208642520013,10.8809785263545,-14.1912874731781
999,119.586,7.048,34.176,2.1538239985921,1.57606778600475,1.366580814428,10.6643644079121,-4.58277048421472
999,119.662,7.033,34.105,1.98471856567782,1.87632385434451,1.057769724071,11.6992118390929,-30.9637565320735
999,119.738,7.051,34.11,2.54533043761221,1.69381645797201,1.50271915568686,13.5444193640763,2.39773191829331
999,119.814,7.027,34.059,2.27677342579376,1.96719990690088,1.15736759533533,14.0707802856925,-5.97829212157457
999,119.89,6.979,34.011,2.50504605982352,2.0986063472889,1.19367124904567,16.5156842108299,-5.41964100236037
999,119.966,6.947,33.973,2.64578001810921,2.22705162730809,1.1880191665369,18.511170876506,-52.2362273686747
999,120.042,6.924,33.909,2.74274433565776,1.88187966263537,1.45744937368463,16.2153769302109,6.49920610990332
999,120.118,6.961,33.858,2.43666040478333,1.97579296952585,1.23325694663651,15.124684170548,-9.52214010844844
999,120.194,6.989,33.85,2.59182563212281,1.95961150799992,1.3226221736002,15.9560590352021,-16.8033708679367
999,120.27,6.954,33.783,2.54045861871934,1.86002040242463,1.36582298527894,14.844983041479,-18.434948822922
999,120.346,6.959,33.686,2.41755788398606,2.00212380842032,1.20749669616762,15.206094462828,-23.1424046036265
999,120.422,6.952,33.678,2.43798259825304,2.03740213920323,1.19661334958962,15.6047649684151,-12.6035543945178
999,120.498,6.913,33.752,2.59539969090611,1.65889816176615,1.56453226046312,13.5261390336039,0
999,120.574,6.888,33.759,2.60265821435076,2.03004301383131,1.28207047664412,16.5986303120436,-30.2339577100624
999,120.65,6.922,33.685,2.48786505228744,1.81849963381314,1.36808663913269,14.2131359500062,-19.5344326364234
999,120.726,6.918,33.64,2.60980976815844,1.83803511410731,1.41989113707763,15.0699748993839,-14.1414977322043
999,120.802,6.839,33.615,2.01650787253608,1.79677459168738,1.12229318127342,11.3826502618218,-30.9637565320735
999,120.878,6.814,33.574,2.29078979297363,1.83995114333235,1.24502751134183,13.2416286193581,-18.2566909850582
999,120.954,6.867,33.511,2.51720508205438,1.77644915887873,1.41698684112255,14.0482185594413,-4.00176231025782
999,121.03,6.885,33.449,2.58170787932759,1.62525856637845,1.58849055327879,13.1819432222761,-3.09986664101757
999,121.106,6.9,33.374,2.37353973082811,1.87618146757366,1.26509070249886,13.9901129334017,-10.171236050071
999,121.182,6.932,33.309,2.35071359974129,1.78200252910722,1.31914156200384,13.1600611912098,-3.46968423114932
999,121.258,6.918,33.252,2.2739248235806,1.76463840780325,1.28860667065008,12.6061277211813,-15.1445545749132
999,121.334,6.946,33.189,2.42470533265635,1.98521599335051,1.22138111962522,15.1222566891068,-20.1603704197976
999,121.41,6.924,33.152,2.53130585535082,1.53009977888154,1.65434038373702,12.1678612498937,0
999,121.486,6.878,33.074,2.1943885624879,1.8735196757658,1.1712652879351,12.9158104304769,-16.944218212931
999,121.562,6.904,33.002,2.47362037820933,1.48748354913659,1.66295646069172,11.5593947253994,3.38166778330145
999,121.638,6.918,32.985,2.56514036699843,1.76499479126785,1.4533416074026,14.2234331484414,3.49161415226721
999,121.714,6.884,32.959,2.14805829914063,1.79813454322805,1.19460376712657,12.1343948026869,7.35878328402906
999,121.79,6.891,32.937,2.25180749692408,1.7795790691799,1.26535962122874,12.5892083886917,12.2327675553314
999,121.866,6.898,32.929,2.14805829914063,1.79813454322805,1.19460376712657,12.1343948026869,7.35878328402906
999,121.942,6.877,32.846,2.51714318906669,1.74165876455605,1.44525623520076,13.7727563207046,3.89149758751485
999,122.018,6.894,32.741,2.52300503097959,1.30466352102343,1.93383580541935,10.3410945438781,-7.53794619451328
999,122.094,6.952,32.716,2.69373389635424,1.50739352348975,1.78701437572719,12.7564904692425,5.46516679512717
999,122.17,7.022,32.743,2.4155697311327,1.78719854734748,1.35159562138064,13.562578172656,-1.70322187749736
999,122.246,6.926,32.735,2.56168562775282,1.61669587419515,1.58451918424553,13.0108009996954,6.02080350924895
999,122.322,6.851,32.684,2.45219367551191,1.82010318660183,1.34728277691234,14.0216993461115,7.4173696091201
999,122.398,6.849,32.657,2.14805829914063,1.79813454322805,1.19460376712657,12.1343948026869,-7.35878328402906
999,122.474,6.848,32.651,2.62590911387847,1.68766530009838,1.55594187646413,13.9224569674407,-7.44906130990442
999,122.55,6.872,32.665,2.6097127454814,1.69452104115335,1.54008872247767,13.8927923716166,8.43545585265445
999,122.626,6.856,32.659,2.6222520981407,1.84670269411819,1.41996440818149,15.213225301766,6.15835014282342
999,122.702,6.829,32.631,2.14467278001408,1.8070321893462,1.18684813289908,12.1752195496132,0
999,122.778,6.816,32.57,1.9777334099188,1.74946699796767,1.13047768961421,10.8698456491962,-9.98070178807637
999,122.854,6.793,32.537,2.08632901604573,1.60973137499131,1.29607277863798,10.5508167400884,-7.61020050306369
999,122.93,6.769,32.547,2.36426896895758,1.69693173983523,1.39326109203847,12.6040793235531,0
999,123.006,6.81,32.495,2.19516481413329,1.6007863669138,1.37130404125405,11.0395248784842,-9.17511679359933
999,123.082,6.784,32.508,1.98685524107632,1.75206605134809,1.13400704245572,10.9362032658416,-15.3763227755658
999,123.158,6.751,32.508,1.95617098605304,1.72022929551679,1.13715711687457,10.5716560600491,-31.0583296897759
999,123.234,6.761,32.429,2.23665396302852,1.88052279368264,1.18937881026609,13.2137861298696,8.47160419377463
999,123.31,6.735,32.397,2.31514187474798,1.66413844569948,1.39119547458977,12.1036661701181,5.9838058905379
999,123.386,6.749,32.361,1.95039215491181,1.75428181902506,1.11178952763459,10.7490770655967,74.186504697062
999,123.462,6.748,32.307,2.40056828450035,1.3766806421474,1.74373649995968,10.3823853134001,3.79732168429572
999,123.538,6.718,32.275,1.96850152843602,1.60802265186653,1.22417524787419,9.94438182837752,86.4917491276386
999,123.614,6.696,32.23,2.47193778832824,1.89145135910923,1.30690000375817,14.6886738122462,4.86131215597014
999,123.69,6.769,32.192,1.88457474650625,1.75036900836209,1.07667282584587,10.3631755512668,19.2926990963301
999,123.766,6.795,32.207,2.4402135405851,1.58963283276731,1.5350799821724,12.1863747607188,8.12189572648445
999,123.842,6.849,32.156,1.96850152843602,1.60802265186653,1.22417524787419,9.94438182837752,86.4917491276386
999,123.918,6.986,32.031,2.40056828450035,1.3766806421474,1.74373649995968,10.3823853134001,-3.79732168429572
999,123.994,6.987,31.996,2.57364191078308,1.38493774575284,1.85830873530281,11.1976849636298,-1.19921066704625
999,124.07,7.069,31.953,1.86115249041893,1.7798178911483,1.04569827041021,10.4065649368182,24.4439547804167
999,124.146,7.057,31.839,2.56044692598433,1.6585513320323,1.54378515547474,13.3411899661744,-1.81877874080872
999,124.222,7.03,31.803,2.55295493122036,1.79043442149451,1.42588575184416,14.3599007878187,83.7659971489645
999,124.298,7.107,31.807,2.47380448728104,1.67916468495966,1.47323518022919,13.0499406799405,0
999,124.374,7.131,31.785,2.06406876294995,1.95325371795828,1.05673356408993,12.6658019758321,-27.7187376755591
999,124.45,7.104,31.715,1.94081095856886,1.80342085391328,1.07618305198005,10.9958851675928,-29.3501993326857
999,124.526,7.065,31.639,2.36426896895758,1.69693173983523,1.39326109203847,12.6040793235531,0
999,124.602,7.106,31.558,2.28393734103582,1.89366548990425,1.20609334289093,13.587430084801,0
999,124.678,7.093,31.502,2.51210163953228,1.81129995621335,1.38690537197605,14.2947793555525,1.73720368376583
999,124.754,7.103,31.489,1.85747068168877,1.82468921219161,1.01796550847023,10.6478210761029,90
999,124.83,7.101,31.484,1.95696679583482,1.85747068168877,1.05356537528527,11.4197158369211,0
999,124.906,7.288,31.447,2.65227522336906,1.7213412418908,1.54081896071675,14.3428492955893,-0.836086283198015
999,124.982,7.453,31.346,3.15926067300563,1.40411585466917,2.25,13.9360044803594,0
999,125.058,7.346,31.329,2.6833480017343,1.68086454422338,1.59640942570664,14.169665196398,2.89048360244133
999,125.134,7.376,31.273,2.70006594002177,1.67076964294531,1.61606116763168,14.1723157286237,2.75537839043262
999,125.21,7.428,31.158,3.00769441759322,1.98734620798224,1.51342247541607,18.778336316334,7.1138326325386
999,125.286,7.506,31.138,3.06190806598421,2.27672920751453,1.34487143041787,21.9004681511069,2.87881801480067
999,125.362,7.533,31.095,3.07057248262578,2.3769241576381,1.29182602345922,22.9289702535908,3.57795802586207
999,125.438,7.44,31.03,2.87951826706538,2.33283415267926,1.23434332601752,21.1034556205876,1.63244034748508
999,125.514,7.479,30.999,3.02005546100754,2.26503571499796,1.33333679509343,21.4901697288378,14.7443754484306
999,125.59,7.587,30.945,3.09454248008224,1.38480743593205,2.23463739418719,13.4628097436822,1.95208973226717
999,125.666,7.758,30.874,3.06482887381168,2.21285484369948,1.38501125934128,21.3063486649242,13.8199463970062
999,125.742,7.708,30.865,2.67538830893307,2.20456303090167,1.21356852647522,18.529308749697,19.7592425129264
999,125.818,7.599,30.847,2.96950741553883,1.98589358862014,1.49530036883907,18.5263668954144,8.58329895128755
999,125.894,7.713,30.873,2.96120001161678,1.55800165528393,1.90063983666123,14.4939089861064,6.09681262578117
999,125.97,7.643,30.886,2.72033453130226,2.34830819879597,1.15842312891342,20.0690715576343,34.8567635656403
999,126.046,7.55,30.821,2.90871238889681,1.84258447566808,1.57860463241023,16.8375175405959,8.5945547786799
999,126.122,7.521,30.735,3.09356256278359,2.23751010260501,1.38259155084124,21.7457194630526,10.3334504012388
999,126.198,7.478,30.694,2.9380831241726,2.03446438485168,1.44415559498074,18.7786359623514,2.62240526751967
999,126.274,7.598,30.572,2.8367402611196,2.06186620480056,1.37581199716787,18.3751090684706,11.9064909318156
999,126.35,7.746,30.374,2.93716276232479,1.86258186077993,1.57693083142928,17.1867300411325,-3.1781578785521
999,126.426,7.838,30.269,2.85647849596735,2.1420043389861,1.33355401946545,19.2221152975742,8.26275905786128e-16
999,126.502,7.821,30.229,2.72250404316067,2.15479129215606,1.26346530778699,18.4299271235171,14.8987956454119
999,126.578,7.857,30.158,3.05184982195046,2.03272643236708,1.50135786761853,19.489108161446,-2.58071057593914
999,126.654,7.929,30.106,2.99756328635115,1.64382414235416,1.82353039422956,15.4800938086271,1.61889764199162
999,126.73,7.912,30.055,2.53680070258503,2.17194830459503,1.16798392356674,17.3095471558609,23.3094362582387
999,126.806,7.856,29.91,2.80972434291797,1.67386133938294,1.67858846895512,14.7751897005737,3.99906673237756
999,126.882,8.05,29.83,2.81899407609478,1.58644800981041,1.77692181443228,14.0497915264425,6.55821806269574
999,126.958,8.097,29.796,3.10990087653207,2.04539124252287,1.52044303890546,19.9835578286126,-5.42766900859527
999,127.034,7.95,29.71,2.9985379070498,2.14168276386121,1.4000849974829,20.1750471193503,5.26818279000722
999,127.11,8.014,29.655,3.09903966881153,1.98055208085722,1.56473525678264,19.28249712351,6.78313537514698
999,127.186,8.041,29.606,2.57030279252141,1.88799906287671,1.36138986669044,15.2452986043539,-0.522237307339733
999,127.262,8.003,29.56,3.10633183011477,1.77452991539345,1.75050970015686,17.317334455942,-1.76696667448795
999,127.338,7.987,29.502,2.59894939231256,1.92330892726728,1.3512906613527,15.7035102732073,-1.61736432309687
999,127.414,8.028,29.406,3.10693597436846,1.93113059425676,1.60886891006159,18.8492389803927,14.1223140803042
999,127.49,7.992,29.449,2.64848673418389,1.75638511879331,1.50791913791861,14.6139434844829,2.7364448324185
999,127.566,7.935,29.483,2.60321425681564,2.05410890350231,1.2673204679543,16.7989931030972,22.0819048026311
999,127.642,7.824,29.412,2.52492192422114,1.9394773170249,1.30185689827726,15.3844697002538,-4.04499565197197
999,127.718,7.735,29.406,2.3387355595663,2.00613290195506,1.16579293290445,14.7397695097324,21.1368445030469
999,127.794,7.938,29.37,3.05639922681754,1.78394131020757,1.713284629561,17.1293355244959,12.1558256056177
999,127.87,7.859,29.357,2.39072397602329,1.82691980298036,1.3086091530253,13.7214116332379,22.4383032760961
999,127.946,7.939,29.362,3.0985550484304,1.76476964730319,1.75578441819046,17.1789697314355,9.29565559292569
999,128.022,8.041,29.284,3.11082606433486,2.23273054728263,1.39328324598816,21.8203602294434,24.4082024035625
999,128.098,7.845,29.306,3.15498823906863,2.31534129133603,1.36264500221826,22.9489402015536,21.9280876656686
999,128.174,8.026,29.301,3.20047812648083,2.40338156293375,1.33165626958297,24.1650368261433,35.1748023458371
999,128.25,8.049,29.214,2.40884787675324,1.75074960879769,1.37589513922981,13.2490056417658,18.7026783157043
999,128.326,7.987,29.17,2.83328753996152,2.0343837503775,1.39270063449719,18.1081216186815,15.9228640855237
999,NaN,8.207,29.095,NaN,NaN,NaN,NaN,NaN
999,128.554,8.426,28.996,3.16006402738389,2.2013937999736,1.43548329582004,21.8546317891799,15.3764131151835
999,128.63,8.206,29.048,3.00797335143069,2.44940895521451,1.22804048096054,23.1464908375068,-1.70241081147694e-15
999,128.706,8.001,29.105,3.02672923950965,2.27835453784852,1.32847157421243,21.6643044938098,8.06819223796724
999,NaN,8.369,28.851,NaN,NaN,NaN,NaN,NaN
999,129.086,8.719,28.599,2.5597283086133,1.75990873247107,1.45446650805534,14.1525236840456,8.7426909832431
999,129.162,8.792,28.527,2.8877683969986,1.87320081962412,1.54162242870365,16.9940374551203,1.06021288822205
999,129.238,8.89,28.457,2.77660824909868,2.07088646465702,1.3407824603067,18.0642848063897,16.7638830827692
999,129.314,8.922,28.515,2.62722967806272,2.22370906291364,1.18146286395054,18.353795150712,31.5494535242295
999,129.39,8.983,28.519,2.47379499515897,1.70002709441431,1.45515033453701,13.2120260800462,10.31467474675
999,129.466,8.904,28.372,2.13736861408783,1.70421476556315,1.25416623378542,11.4433616726455,41.6627654764412
999,129.542,8.833,28.395,2.4622913587583,1.92838816828941,1.27686500013247,14.9170783855866,27.320158011387
999,129.618,8.849,28.347,2.67482714916406,1.76066546997488,1.51921372616129,14.7952545745477,14.3953670346648
999,129.694,8.834,28.209,2.97167970044931,2.03513560810845,1.46018756126592,18.9996334917021,17.6300217977974
999,129.77,8.926,28.135,2.50812794252172,1.90699577624294,1.31522469727914,15.0262043381969,19.2574041992859
999,129.846,9.008,28.047,2.57688254329243,2.14612657216525,1.20071321827612,17.3740004302457,19.1918043829311
999,129.922,8.956,27.994,2.55446879116787,2.16396366366191,1.18045826464809,17.3660256372117,17.5037927368919
999,129.998,8.943,27.955,2.22920045062795,1.8356635306983,1.21438401610558,12.8555918224645,2.92304483039178
999,130.074,9.034,27.925,2.49856468496111,1.71696742807741,1.45521961809078,13.4772885393379,2.14300680233404
999,130.15,9.039,27.895,2.48537911259698,1.85747068168877,1.33804486773236,14.50322165572,0
999,130.226,9.013,27.921,2.35504496297714,1.62093954240551,1.45288883475703,11.9926702572738,2.97242910479264
999,130.302,8.997,27.894,2.46748340399095,1.67599890146023,1.47224643276385,12.9920547678886,-7.13743626198817
999,130.378,8.965,27.811,2.58794567223377,1.42934849098378,1.81057711856718,11.6209907449105,-0.748397443055945
999,130.454,8.88,27.713,2.24744009262077,1.78832427058054,1.2567296264962,12.6265373422579,7.45132711951556
999,130.53,8.806,27.643,2.67646517215569,1.59957955260063,1.67323042345986,13.4498460414014,0
999,130.606,8.655,27.625,2.63669244441866,2.22294237542463,1.18612721299849,18.4135511338656,8.51770729645993
999,130.682,8.572,27.597,2.99756328635115,1.64382414235416,1.82353039422956,15.4800938086271,1.61889764199162
999,130.758,8.624,27.468,3.0246602111233,1.69042814807398,1.78928646838347,16.0628713752548,2.09366515351861
999,130.834,8.583,27.334,2.63827590938517,1.80006857997814,1.46565299718592,14.9196672046039,5.71527749476358
999,130.91,8.577,27.328,3.0439295079089,1.83044589731033,1.662944265319,17.5041634623833,4.23810277267565
999,130.986,8.555,27.328,2.7636191436855,1.93120702362998,1.43103204880173,16.767059185344,6.38394422868972
999,131.062,8.502,27.278,2.98393027795626,1.92336180326248,1.5514139216526,18.0301579351692,5.02191884145508
999,131.138,8.482,27.249,3.01572924780065,1.87798530318579,1.605832187656,17.7923949320476,5.07459774672199
999,131.214,8.491,27.217,3.05184982195046,2.03272643236708,1.50135786761853,19.489108161446,2.58071057593914
999,131.29,8.498,27.154,3.05184982195046,2.03272643236708,1.50135786761853,19.489108161446,2.58071057593914
999,131.366,8.526,27.056,3.03518146070955,2.18612129036233,1.38838657950515,20.84533060195,9.36047433735855
999,131.442,8.458,26.993,2.97681908721561,2.21853071668627,1.34179755314002,20.747594937069,-7.20767068380829e-16
999,131.518,8.417,26.987,2.96370159870022,2.51469998872764,1.17855076628834,23.4137257444159,20.6709290198321
999,131.594,8.496,26.847,3.03338896391283,1.94548830038764,1.55919157329727,18.5398663251381,8.04823051538446
999,131.67,8.523,26.75,2.83499958091405,2.58615677766849,1.09622108195231,23.0333825592677,19.0425913474544
999,131.746,8.511,26.736,3.0685726513456,2.51474986132246,1.22022977256748,24.2427049374572,13.8258995854348
999,131.822,8.546,26.605,2.9675887965712,2.59394880464742,1.14404293224845,24.1832683987272,-1.79282386654683
999,131.898,8.56,26.616,2.87974523147659,2.41894053952565,1.19049856101105,21.8841223168994,1.30605399106539
999,131.974,8.396,26.613,2.9910745921718,2.53680434311369,1.17907185088643,23.8376856809823,4.87425775544891
999,132.05,8.276,26.518,3.2081595413958,1.67234428047751,1.91836069812117,16.8551072171689,3.43740901435212
999,132.126,8.325,26.452,3.16868897555464,2.33568449220284,1.35664255430586,23.251108501681,31.9287452074083
999,132.202,8.384,26.435,3.15926067300563,2.45720274567105,1.28571428571429,24.388007840629,0
999,132.278,8.35,26.456,3.03886259400598,2.55844770393567,1.18777592730596,24.4251635392859,8.95640728396908
999,132.354,8.322,26.418,3.14468675512496,2.6444106027434,1.18918247864479,26.1249912695381,20.6691393542842
999,132.43,8.271,26.417,3.12427605050866,2.69609170009554,1.1588166865385,26.4626865020463,19.1347580326922
999,132.506,8.281,26.338,3.08269536241951,2.4073725740696,1.2805227556482,23.3143756817384,1.33085589243661e-15
999,132.582,8.213,26.334,3.00857765415333,2.41348398448667,1.24657038268818,22.8115880139236,-8.07482507460058
999,132.658,7.984,26.376,3.19820977565175,2.52989237801489,1.26416831144464,25.4190236807231,16.6518134393431
999,132.734,8.03,26.327,3.12741000210949,2.42359521689661,1.29040112816946,23.8119400350976,9.30040470660583
999,132.81,8.191,26.273,3.18966765760073,2.44274239016797,1.30577324503768,24.4778335074088,17.3854427626892
999,132.886,8.179,26.197,3.1262604636056,2.21933472572472,1.40864756783577,21.7970559812712,16.8808361477122
999,132.962,8.095,26.193,2.98406519312323,2.2553916620048,1.32308070628882,21.1436592062455,11.4854754877556
999,133.038,8.069,26.202,2.84216618109115,2.42226722517828,1.17334955926754,21.6282506066812,-5.24316094358781
999,133.114,8.065,26.125,3.09866357800113,2.13180250232913,1.45354158024284,20.7525403896655,28.8247186891806
999,133.19,7.919,26.092,3.12635489793839,2.42759591122356,1.28783990922222,23.8432002796383,4.30961067703494
999,133.266,7.868,26.072,3.1029161726856,2.34437575457081,1.32355752555275,22.8532061348217,11.6464097640285
999,133.342,7.775,26.026,3.05578078321528,2.2488087277092,1.35884423853518,21.5886052979605,26.4103243495707
999,133.418,7.778,25.966,3.0292032689525,2.03136182178927,1.49121797823507,19.3315009620418,3.2320687332125
999,133.494,7.852,25.931,2.95331919961639,1.99821138438651,1.47798137008569,18.5396568015902,12.7252569332161
999,133.57,7.724,25.931,2.69122782169782,2.18845666840752,1.22973776933685,18.5028355330372,14.7980789991108
999,133.646,7.749,25.878,2.89542509507374,1.93112414548031,1.49934694869323,17.5659806849293,5.10241018281747
999,133.722,7.809,25.818,3.04906257233836,2.40133735221931,1.26973520381067,23.0022005662193,32.2453135574091
999,133.798,7.778,25.73,2.94689530867908,2.38418717472636,1.23601676072991,22.0726729051613,37.3198366042004
999,133.874,7.623,25.738,2.68325526451178,1.86237101145817,1.44077374916337,15.6992196531524,10.3539025067442
999,133.95,7.643,25.694,2.63054479016231,2.14577661986579,1.22591735123241,17.7329129670226,15.8341352372309
999,134.026,7.736,25.52,2.31086964612642,1.58892682257569,1.45435876170839,11.535308589461,21.9443739230358
999,134.102,7.713,25.446,2.5995933493376,1.7394925351318,1.49445501882573,14.2061978651208,16.6794674523761
999,134.178,7.662,25.431,2.6050759593094,2.01675964618831,1.29171364779785,16.5053374024235,9.36668082145844
999,134.254,7.609,25.426,2.75080689639993,1.75600823133832,1.56651139061201,15.1752734130018,6.14716633186858
999,134.33,7.583,25.381,2.59894939231256,1.92330892726728,1.3512906613527,15.7035102732073,1.61736432309687
999,134.406,7.642,25.312,3.02805496362683,1.36859400150146,2.2125297643456,13.0193187183749,0
999,134.482,7.648,25.292,2.7844648921598,2.13314567109505,1.30533274398011,18.6600212209472,4.45767688180357
999,134.558,7.64,25.256,2.87833077233646,2.14194605298418,1.34379237438139,19.3686388786216,10.4131142491296
999,134.634,7.729,25.224,2.75298614861222,1.80381892999712,1.526198723625,15.6007989208959,5.0702985962143
999,134.71,7.872,25.136,2.71359331859675,1.56217909520156,1.73705647894785,13.3175843390011,4.42861885640558
999,134.786,7.907,25.024,2.45623841234725,1.81039476671715,1.35674188718587,13.9699122161589,12.3985500926987
999,134.862,7.832,24.957,2.63194479811919,1.84442263224023,1.42697489833034,15.250605661852,-3.11535791849426
999,134.938,7.721,24.883,2.35373351251027,1.96935248717763,1.19518142528335,14.5623216501011,-15.0125805490752
999,135.014,7.7,24.837,2.81024637935051,2.14983784365566,1.30718992953062,18.9801645458025,3.37002804897347
999,135.09,7.8,24.775,2.60452761754751,1.67852061202353,1.5516804493736,13.7342680211754,6.28049365336504
999,135.166,7.814,24.816,2.80082647759591,1.7276434961038,1.621183122509,15.2016316732933,4.76696152640356
999,135.242,7.755,24.796,2.75524053777863,2.00279063450177,1.37570072992879,17.3358421600405,3.79732168429573
999,135.318,7.726,24.695,2.36426896895758,1.69693173983523,1.39326109203847,12.6040793235531,0
999,135.394,7.752,24.693,2.58222789628106,1.67923791995177,1.53773796172685,13.6224955290542,-3.51346506815956
999,135.47,7.776,24.664,2.48100391017683,1.6330938436559,1.51920474124302,12.7288293190384,-5.61122903472242
999,135.546,7.904,24.595,2.429993583474,1.77842994627255,1.36637014495121,13.5766231137573,-4.78921145973037
999,135.622,7.781,24.527,2.10126330326647,1.5162986238004,1.38578461411508,10.0095623581907,-5.60269972135299
999,135.698,7.718,24.478,2.93716276232479,1.86258186077993,1.57693083142928,17.1867300411325,3.17815787855211
999,135.774,7.822,24.389,2.1727603344222,1.61807941807575,1.34280203440575,11.0448934517541,1.62977758952502
999,135.85,7.808,24.363,2.76560619414452,2.04375719146733,1.3531970459558,17.75699654137,-0.0576647565736545
999,135.926,7.758,24.343,2.58533392330924,1.69148990101431,1.52843592016656,13.7383927167825,-1.79670064660706
999,136.002,7.753,24.263,2.80999839544401,2.01272926854125,1.39611344623641,17.7681129633482,1.52683967597869
999,136.078,7.744,24.21,2.65735450475147,2.26940389854775,1.17094824171756,18.945722186663,-16.1417670608382
999,136.154,7.696,24.179,2.68502232397292,2.45355698372468,1.09433868533873,20.6963577330948,-31.1909180952991
999,136.23,7.72,24.13,2.99830776370141,2.02766787773406,1.4786976686991,19.0995398003682,5.13316227210667
999,136.306,7.785,24.048,2.49240433864045,2.16585070729875,1.15077384154007,16.9588691210238,-24.8753606155128
999,136.382,7.716,24.02,2.72164706093312,2.28691958630097,1.19009303048355,19.5538632031448,17.2558024071402
999,136.458,7.706,23.983,2.59820583946049,1.84815962948452,1.40583410545829,15.0856110664726,21.8031372751252
999,136.534,7.769,23.979,2.47383404444093,2.16076044590488,1.1448904709124,16.7929523554744,16.4518767221134
999,136.61,7.758,23.94,2.47838273790204,1.92082363062966,1.29027084964048,14.9556653290943,22.7569248581771
999,136.686,7.706,23.816,2.53082119978792,2.01690831414682,1.25480230411886,16.0360533587826,25.0024936352565
999,136.762,7.627,23.792,2.90376648674163,1.74292371457558,1.66603188794682,15.8997369890345,0
999,136.838,7.699,23.85,2.45264038612683,1.81353432315959,1.35240913546856,13.9736392605795,12.5801441671775
999,136.914,7.696,23.833,2.51597631839021,1.84203622760639,1.36586690352967,14.5597724966625,18.9448838753803
999,136.99,7.56,23.745,2.47374665837011,1.77823235537679,1.39112678435431,13.8195404473835,11.298880047965
999,137.066,7.538,23.688,2.52373980427807,1.5162280377716,1.66448564556768,12.0215086536055,7.36589575250963
999,137.142,7.705,23.64,2.48544943492022,1.59207804635692,1.56113542335916,12.4313747465007,6.54265738891038
999,137.218,7.767,23.59,2.31019087489893,1.65567508810077,1.39531656392134,12.0163577895265,12.295058583098
999,137.294,7.614,23.584,2.18740029236209,1.80335870742371,1.21295906541357,12.3925380111339,4.00779364554503
999,137.37,7.484,23.554,2.48100391017683,1.6330938436559,1.51920474124302,12.7288293190384,5.61122903472242
999,137.446,7.48,23.497,3.01664893739197,1.82293589856042,1.65482995851594,17.2761132469219,2.71982271320965
999,137.522,7.499,23.498,2.43107999674151,1.81392094988632,1.34023480840985,13.8537542449838,10.3614448312226
999,137.598,7.51,23.486,2.86066077572105,1.78812858791899,1.59980708045737,16.0699668324214,6.43215145448858
999,137.674,7.627,23.441,2.42019740590364,1.84767662525644,1.30985983847024,14.0483923669668,6.88834735662321
999,137.75,7.651,23.44,2.45193413140611,2.01015507907038,1.21977361693906,15.484180861873,14.8990944894809
999,137.826,7.504,23.398,2.39643059139242,1.86529474079066,1.28474634007525,14.0430742896033,20.2411307162723
999,137.902,7.493,23.311,2.53949848319424,1.62359759536121,1.5641181598506,12.9531749081677,-6.69179699039134
999,137.978,7.509,23.235,2.75154760292184,1.49842558208109,1.83629246312009,12.9527529539293,2.07611261360234
999,138.054,7.319,23.177,2.33041713474822,1.292201730151,1.80344684608641,9.4604948957081,-5.30982763807757
999,138.13,7.308,23.093,2.65542351065287,1.6789442480852,1.58160314952764,14.0061877527318,-3.69490125270474
999,138.206,7.461,23.014,2.78970435006499,1.4618606975072,1.90832433953663,12.8119148164634,-0.826947039223703
999,138.282,7.428,23.051,2.90203113371349,1.8109786462986,1.60246568320662,16.5106917571965,-3.85208306105997
999,138.358,7.423,23.032,2.70950130712892,1.70543288737298,1.58874695521006,14.5168995313255,-4.46702990605179e-16
999,138.434,7.472,22.951,2.78830503966623,1.53389730777713,1.81779120774841,13.4365088212684,3.06726423749058
999,138.51,7.435,22.9,3.01450718273926,1.37279334520074,2.19589291664176,13.00083842553,0
999,138.586,7.443,22.901,2.60773378155448,1.56301688669192,1.66839770175079,12.8049178284498,5.11569314333233
999,138.662,7.423,22.921,3.042959969415,2.32137642190055,1.31084297260316,22.1917566258327,9.75141590877918
999,138.738,7.269,22.901,2.37434971708493,1.72033662044536,1.38016577038874,12.8324030931506,-11.0211817909917
999,138.814,7.286,22.869,2.95475615583164,1.94329138137037,1.52049053690961,18.0388747598097,-5.37548349659402
999,138.89,7.335,22.82,2.64909167355542,1.61631927776797,1.63896558680761,13.4516021223103,1.2563695505584
999,138.966,7.234,22.822,2.56543736285747,1.59316945680879,1.61027275026737,12.8402435088073,0
999,139.042,7.229,22.769,2.65542351065287,1.6789442480852,1.58160314952764,14.0061877527318,3.69490125270473
999,139.118,7.36,22.677,2.9459996473781,1.93308581492257,1.52398803231408,17.8909621607709,1.25758586182089
999,139.194,7.343,22.708,2.69255045104093,1.88795771543379,1.42617095130347,15.9700393198039,0.603477998397084
999,139.27,7.192,22.702,2.70585114965187,1.82100721102205,1.48590908002676,15.4798033907854,5.85718327671409
999,139.346,7.276,22.663,2.88795457427276,2.02070596553761,1.42918100086096,18.3334143541652,-3.1939428772
999,139.422,7.392,22.659,2.88717641132278,1.88957575185544,1.52794954554628,17.1390797928737,2.55826587493865
999,139.498,7.346,22.687,2.62996483106013,1.99624837103677,1.31745371428618,16.4935593827469,-3.90369990488675
999,139.574,7.21,22.607,2.70950130712892,1.70543288737298,1.58874695521006,14.5168995313255,-4.46702990605179e-16
999,139.65,7.222,22.442,2.9523803247638,1.69256896559449,1.74431907046507,15.6988756216063,-3.9310696763339
999,139.726,7.246,22.421,2.64555697979335,1.83242498709588,1.443746400766,15.2297648454442,0
999,139.802,7.24,22.432,2.88719250190017,1.9773295464864,1.46014735228659,17.9351358163752,2.12491857476151
999,139.878,7.324,22.41,2.74665930997093,1.81127611336442,1.51642220073728,15.6292927604134,0.531987970003987
999,139.954,7.289,22.36,2.60342552551483,1.89044803332146,1.37714736381338,15.4617901555425,-3.94492561564674
999,140.03,7.291,22.325,2.68562750176932,2.01925725380619,1.33000760388854,17.0367715529825,-5.16555242216985
999,140.106,7.445,22.276,2.60342552551483,1.89044803332146,1.37714736381338,15.4617901555425,-3.94492561564674
999,140.182,7.529,22.229,2.76325036959284,1.92969508458277,1.43196217457863,16.7516966551144,12.3117823930818
999,140.258,7.424,22.221,2.68299964050991,1.97705463181419,1.35706904469703,16.6643798909946,8.92301308101306
999,140.334,7.275,22.204,2.92657584001251,2.26425631575887,1.29251084324862,20.8178197313971,12.3096224539597
999,140.41,7.385,22.196,2.68562750176932,2.01925725380619,1.33000760388854,17.0367715529825,5.16555242216985
999,140.486,7.444,22.15,2.63537519610442,1.99697031130721,1.31968671801601,16.5334670841397,0
999,140.562,7.412,22.179,2.88716260677804,2.41618890060071,1.19492420731683,21.9155312087877,6.40548491751559
999,140.638,7.378,22.168,2.57051034003857,2.15176104475795,1.19460771273872,17.3765385711233,10.8964019661346
999,140.714,7.315,22.028,2.99675585572352,2.28447520604561,1.31179180574731,21.5073887055444,8.66330273503819
999,140.79,7.417,22.001,2.99830776370141,2.02766787773406,1.4786976686991,19.0995398003682,5.13316227210667
999,NaN,7.459,22.039,NaN,NaN,NaN,NaN,NaN
999,141.018,7.506,21.976,2.98184372494603,2.32433005879592,1.28288308868265,21.7737158076272,-3.78380624771032e-16
999,141.094,7.627,21.888,3.02574914874236,2.32975161174667,1.2987432366122,22.1458530256061,3.52228181695725
999,141.17,7.524,21.915,2.93825457339835,2.56601795778231,1.14506391683157,23.6863959529137,-4.94182874261616
999,141.246,7.434,21.898,2.66664202268906,2.62353195191026,1.01643207384892,21.978646766855,-77.2113546112809
999,141.322,7.435,21.851,2.67870029959528,2.57375528372526,1.04077505601781,21.6591420777269,11.6738342640456
999,141.398,7.37,21.923,2.79992498334333,2.5247670537306,1.10898349184578,22.2084159421324,3.59753506478309
999,141.474,7.492,21.929,3.00328435453996,2.64967571458827,1.13345355358198,24.9999449078773,-1.55753237995275
999,141.55,7.469,21.817,3.00328435453996,2.64967571458827,1.13345355358198,24.9999449078773,-1.55753237995275
999,141.626,7.449,21.746,2.87250134671523,1.88294718225018,1.52553474350911,16.992146809051,1.9218223551177
999,141.702,7.551,21.725,3.01911631533192,2.25818458653794,1.33696613347298,21.4185051240013,6.65261825304555
999,141.778,7.443,21.757,2.72958527595792,2.62633261422687,1.0393143888827,22.5214457505806,-59.0698981214156
999,141.854,7.456,21.711,3.06531381606524,2.33996534650576,1.30998256903361,22.5337899232464,3.25291833077092e-16
999,141.93,7.499,21.6,2.56624061468234,2.21050239064294,1.16093093838995,17.821252998862,5.84087391310899
999,142.006,7.479,21.513,2.97714883866307,2.30934909376897,1.28917228092364,21.5993164868657,1.03430386052564
999,142.082,7.547,21.474,2.87853401472465,2.48073638019613,1.16035465827976,22.4337488777723,-14.2578523909689
999,142.158,7.549,21.451,2.76730092229917,2.46792513585613,1.1213066725945,21.455480338668,0
999,142.234,7.549,21.419,2.54803816414578,2.21641048220551,1.1496237653642,17.7421397864204,6.16435648897934
999,142.31,7.571,21.369,2.86708457788472,2.12617843968802,1.34846846547151,19.1509396310133,-7.17079799551617
999,142.386,7.518,21.312,2.99681593019732,2.31977136839845,1.29185831458309,21.8401252772215,3.72565818650567
999,142.462,7.469,21.316,2.77770213465703,2.26338323046848,1.22723456516999,19.7512069329482,-2.51679991981554
999,142.538,7.373,21.284,2.50332535083983,2.33859120646796,1.0704416162672,18.3916834082311,-16.4716187330837
999,142.614,7.324,21.225,2.64199399627201,1.43786920521564,1.83743694258741,11.9344135149189,-0.646083443124964
999,142.69,7.424,21.164,2.63537519610442,1.99697031130721,1.31968671801601,16.5334670841397,0
999,142.766,7.413,21.09,2.56025331799594,1.96604481817887,1.30223548025089,15.8134352326236,3.85304476245598
999,142.842,7.206,21.089,2.42879875474664,1.74582699206424,1.39120243058842,13.3211772815639,-3.9175420915893
999,142.918,7.178,21.056,2.63537519610442,1.99697031130721,1.31968671801601,16.5334670841397,0
999,142.994,7.295,20.974,2.74665930997093,1.81127611336442,1.51642220073728,15.6292927604134,-0.531987970003987
999,143.07,7.239,20.975,2.90376648674163,1.74292371457558,1.66603188794682,15.8997369890345,0
999,143.146,7.113,20.983,2.63317317068173,1.7186647293145,1.5321040373779,14.2174090440122,-2.1790781658391
999,143.222,6.974,20.915,2.62417872168043,1.82232938148273,1.44001339623098,15.0234667358678,0.828104331143208
999,143.298,6.945,20.791,3.05246647848119,1.73471804092354,1.75963263566228,16.6352629917321,-3.9345962718957
999,143.374,7.023,20.823,3.09962095656444,2.52661979575346,1.22678566904844,24.6035828861001,23.4097632698197
999,143.45,6.945,20.849,2.63317317068173,1.7186647293145,1.5321040373779,14.2174090440122,2.1790781658391
999,143.526,6.929,20.764,3.04809588650576,1.99562358508145,1.52739018985956,19.1098432839388,2.83503481356079e-16
999,143.602,6.979,20.72,2.77069480513119,2.03256031455276,1.36315502437666,17.6922067114041,-8.24416028450605
999,143.678,6.825,20.688,2.78582545852386,2.5563181897401,1.08978039967986,22.3727147731557,8.70898539610143
999,143.754,6.858,20.627,3.15926067300563,1.75514481833646,1.8,17.4200056004493,0
999,143.83,6.762,20.559,2.91965896746116,1.81006611519801,1.613012333056,16.6026127189906,2.74966592184011
999,143.906,6.548,20.545,3.03858882890182,1.95212317586488,1.55655589077036,18.6349841217261,-7.30222372339506
999,143.982,6.573,20.575,2.89410040394298,2.07583231272753,1.39418795352515,18.873642935846,-1.35879550989101
999,144.058,6.441,20.582,3.09622669282036,2.75238942981064,1.12492318829802,26.7727205202032,1.06909401057597e-15
999,144.134,6.37,20.566,3.12516080050059,1.81638570334454,1.72053809647708,17.8332425258211,0
999,144.21,6.326,20.576,2.9241764510441,1.97036306333181,1.48408001827817,18.1008806822771,0.287537273101316
999,144.286,6.343,20.53,2.99901333372757,1.6892626533805,1.77533868266491,15.9156892121502,2.56888947816906
999,144.362,6.51,20.511,2.77710939498734,1.59556867864504,1.74051385700656,13.9206130885114,0.683319044907107
999,144.438,6.523,20.528,2.99643828743362,2.15526169323535,1.39028977169615,20.2887467130711,3.96024540926285
999,144.514,6.432,20.533,2.97027412094753,1.88955457270448,1.571944078173,17.6321732092906,8.90166850909048
999,144.59,6.371,20.485,2.81018019773022,1.92342569365208,1.46102872962793,16.9808511476319,-2.64504060268563
999,144.666,6.41,20.454,2.87510095325756,2.0886642935967,1.37652611866439,18.8656430799248,-0.424850775670501
999,144.742,6.324,20.43,2.88931531393103,1.91414656956501,1.50945353917575,17.3748074961122,-4.75715736707378
999,144.818,6.187,20.365,2.70022616336731,1.71022961421364,1.57886762159061,14.5078960789764,0
999,144.894,6.318,20.31,2.91158849190062,2.00595159143116,1.45147495300389,18.3484893885716,-2.08251621397192
999,144.97,6.428,20.275,3.04907182323356,2.39845641914564,1.27126421764198,22.9746740654109,-3.40767403138664
999,145.046,6.413,20.262,2.98825672700074,2.3434280588207,1.27516469547801,21.9998340138574,-7.24438624112979
999,145.122,6.429,20.276,3.04231358145971,2.22029973262607,1.37022652246208,21.220980951812,-15.810537310314
999,145.198,6.419,20.227,3.12223065104829,2.3898673597617,1.30644516244601,23.441675695487,-7.54890683781904
999,145.274,6.324,20.143,2.62743926517578,2.00755416135384,1.30877627899409,16.5710424320987,-4.72591759903676
999,145.35,6.433,20.08,2.73192058011098,1.99036925409773,1.37256972518369,17.0825065865222,-6.91507221527118
999,145.426,6.492,20.039,2.92389485788971,1.97553029897391,1.48005568905138,18.1466022058767,-11.7055104630834
999,145.502,6.479,20.035,2.73192058011098,1.99036925409773,1.37256972518369,17.0825065865222,-6.91507221527118
999,145.578,6.519,20.005,2.97388457577653,1.98095416879022,1.50123845499803,18.5075277381864,-8.65137493374954
999,145.654,6.422,19.997,3.02829719446392,1.97429913371217,1.53385935431678,18.7828427176183,-6.82335154683718
999,145.73,6.328,20.001,3.02829719446392,1.97429913371217,1.53385935431678,18.7828427176183,-6.82335154683718
999,145.806,6.338,20.002,3.13024483233225,1.91586990995721,1.63385040709896,18.840576888654,-1.62103705371021
999,145.882,6.358,19.957,3.01548436022751,2.01836390868692,1.4940241188663,19.1208161105585,-5.00809650823322
999,145.958,6.211,19.848,2.70439899195957,1.93181150876898,1.39992901982602,16.4129024065378,-10.808062636554
999,146.034,6.282,19.83,2.94062531496292,1.97227068271273,1.4909846507064,18.2203234938029,-0.927667730595025
999,146.11,6.198,19.803,2.66245934465741,1.61675876616717,1.64678825337021,13.5231567471742,-7.34424823777686
999,146.186,6.136,19.793,2.72174209669332,1.64575527290768,1.65379515502606,14.0722032257003,-9.49648995488664
999,146.262,6.348,19.792,2.89215195335569,1.94682673837727,1.48557234002569,17.6887963542291,-2.58582847247524
999,146.338,6.237,19.698,3.00984399736917,1.75695870395854,1.71309888535672,16.6132810769244,-3.87083484921652
999,146.414,6.203,19.719,2.78623411107906,2.11785024699401,1.31559543222366,18.53799349771,-13.7691893545473
999,146.49,6.47,19.748,3.0877717982255,1.75080017276338,1.76363462047865,16.9836741880698,-7.46440134172742
999,146.566,6.593,19.756,2.80895899238709,1.73277674434832,1.6210738062759,15.2910702089413,-3.5625081744509
999,146.642,6.486,19.715,3.00027105265611,2.58947162125027,1.15864218322945,24.4074000969791,4.24912584191637
999,146.718,6.484,19.695,3.1034934008468,2.07417031649462,1.49625774516519,20.2229782010496,-5.48317550135855
999,146.794,6.572,19.794,3.21206197928767,2.32259714286816,1.38296130654889,23.4373052789866,13.4461375969623
999,146.87,6.394,19.804,2.79970322991996,1.84298600296969,1.51911258436509,16.2100333328392,-8.35738970196875
999,146.946,6.53,19.787,2.72677636737645,1.86307165800501,1.46359178170114,15.9598554373634,-4.01108105299419
999,147.022,6.69,19.817,3.01556529331414,1.60883947876283,1.87437300807229,15.2416268085043,-10.3580471011773
999,147.098,6.35,19.774,3.03677378379974,1.51180798995545,2.00870335649518,14.4231111545962,0.0892176802867215
999,147.174,6.162,19.734,2.78003467899691,1.78244531199171,1.55967459999684,15.5674077238408,-6.87139886957852
999,147.25,6.162,19.712,2.76399045915629,1.88459646226805,1.46662190792289,16.3645769960815,-12.0027165332201
999,147.326,6.209,19.655,2.85104996452915,2.13596012659998,1.3347861362316,19.1314480244022,-31.2074768449229
999,147.402,6.209,19.696,2.35094493137019,1.89510859750345,1.24053309370621,13.996725031419,-22.8843606182463
999,147.478,6.199,19.683,2.64167774749331,2.3082243567438,1.14446316267969,19.156127987528,-17.8189601216022
999,147.554,6.153,19.663,2.76131861029872,1.72765514051697,1.59830428280522,14.9873016791355,-3.36894429737542
999,147.63,6,19.625,2.74277032928558,1.9004098663235,1.44325199415624,16.3751992039105,-10.7889731810748
999,147.706,6.122,19.599,2.82075119412895,2.00164994228197,1.40921303697747,17.7379236712112,7.06179226378983
999,147.782,6.306,19.515,2.937584877899,1.89755633657674,1.54808836042175,17.5119688116464,-7.91910864886255
999,147.858,6.079,19.391,2.74220197937968,2.1807233642061,1.25747356330911,18.7866735698956,10.2511288023371
999,147.934,6.039,19.383,2.77062695756593,1.96179503813493,1.41229175510606,17.075819676984,17.342876893537
999,148.01,6.191,19.36,2.78370769340354,2.46011547579985,1.13153537741901,21.5143879404708,13.0389395078466
999,148.086,6.038,19.353,2.89165189813843,2.52946858933588,1.14318553324975,22.9786851276475,39.0053606756071
999,148.162,5.943,19.281,2.77151636487023,2.07445228868883,1.33602319030532,18.0622051522582,4.79089078500361
999,148.238,6.071,19.243,2.88795457427276,2.02070596553761,1.42918100086096,18.3334143541652,-3.1939428772
999,148.314,6.076,19.272,2.94312000054208,2.22513213889042,1.32267201084502,20.5737590507513,22.8875589377557
999,148.39,5.927,19.297,2.53255356483072,2.19061740053648,1.1560912299019,17.4291033603196,22.020982945662
999,148.466,6.038,19.331,2.98344492550682,2.20793990173278,1.35123466139882,20.6945099149237,36.1077316378344
999,148.542,6.177,19.352,2.82307586048566,1.94397540980644,1.45221788621634,17.2410292328575,10.241357241898
999,148.618,6.12,19.326,2.83294909262698,2.2724329032959,1.24665907121751,20.224589341629,39.657152977304
999,148.694,6.001,19.332,2.93138079437113,2.20346688178915,1.33034937742787,20.2921768335528,1.63548307259884
999,148.77,6.011,19.339,2.90037107942124,1.93672093621401,1.4975678866213,17.6469837605401,27.2316603614282
999,148.846,6.11,19.248,3.01446514236883,2.07684481232798,1.4514638380659,19.6681804889258,23.6341204661129
999,148.922,6.046,19.218,3.02814893039812,2.16079097671948,1.40140761555542,20.556059264804,41.7068997744905
999,148.998,6.069,19.275,2.75787990852477,2.15544013943548,1.27949733238571,18.6750249131271,20.5851126171742
999,149.074,5.998,19.333,3.03520763115771,2.36778982235503,1.28187375522159,22.5777899139456,32.7590312646615
999,149.15,5.824,19.367,2.74909589436606,1.86154036608254,1.47678553978999,16.0772668387665,30.9195724302169
999,149.226,5.914,19.397,2.52532917917652,1.97450821579592,1.27896615419175,15.664870707139,36.477039717687
999,149.302,6.108,19.274,2.94389568011057,2.00374826600429,1.46919437439167,18.5317080001503,3.80567993052291
999,149.378,6.14,19.272,2.99529002674345,2.07283169594094,1.44502326581019,19.5053071722212,14.5760252052451
999,149.454,6.184,19.387,3.21968089062406,2.32039145986075,1.38755936070256,23.4705875197582,42.6236709758853
999,149.53,6.18,19.467,2.82002926194437,2.51107663014792,1.12303592335143,22.2465901417623,30.4793811460635
999,149.606,6.03,19.571,3.06648565147284,1.79910572444018,1.70444994411156,17.3319526943407,14.9798262715236
999,149.682,5.997,19.571,2.95380893872834,1.7862704898119,1.65361794620443,16.5759907838569,3.09420881176735
999,149.758,5.946,19.59,2.70006594002177,1.67076964294531,1.61606116763168,14.1723157286237,-2.75537839043262
999,149.834,6.033,19.58,2.84696280934148,1.64342688287612,1.73233311381587,14.6988058445624,-4.25162276790179
999,149.91,6.039,19.587,2.6833480017343,1.68086454422338,1.59640942570664,14.169665196398,-2.89048360244132
999,149.986,5.976,19.584,2.70411026652316,1.56142522762226,1.7318218116925,13.2646398107274,5.52226980681715
999,150.062,5.98,19.649,2.7356627820842,1.88856343437735,1.44854164402804,16.2309526762488,11.062356130827
999,150.138,6.047,19.679,2.93091770182842,1.50140089479043,1.95212198953533,13.8245233688453,2.3165555468569
999,150.214,6.239,19.594,2.61635895013659,1.62331892967511,1.61173439322871,13.3429252276799,3.75607205152638
999,150.29,6.179,19.669,2.78005049881629,1.80841463461728,1.53728599934972,15.7943068225396,8.70854099645737
999,150.366,6.075,19.739,2.76447772908545,1.57029798842939,1.76047969841093,13.6378227804531,-1.57731639233939
999,150.442,6.059,19.695,2.79854708684383,1.87001409249216,1.49653796625362,16.4409674912803,10.9685979236887
999,150.518,6.121,19.685,2.54956566033316,1.56081611932421,1.63348239985954,12.5016637957195,-3.06862797463099
999,150.594,6.136,19.685,2.69939623943626,1.6438292217924,1.6421391003701,13.9403349131913,-4.75577470097114
999,150.67,6.06,19.716,2.56796126972257,1.70742361792028,1.50399774418634,13.7746199918442,-6.05048097403177
999,150.746,6.146,19.703,2.71272092397715,1.4487456144138,1.87246187114415,12.3465927774272,1.85733878496817
999,150.822,6.155,19.674,2.91182312038856,1.67811250583425,1.73517753444129,15.3509740199523,-1.66538460270715
999,150.898,6.112,19.671,2.58051548972707,1.81772343164336,1.41964142883612,14.7361539021982,-2.38109469992685
999,150.974,6.033,19.66,2.78530067089432,1.73640314315045,1.604063366207,15.1940139137476,-4.2909343093736
999,151.05,6.064,19.659,2.85011282295687,1.65214096061671,1.72510269456245,14.7930942190942,0.774636874533841
999,151.126,6.176,19.666,2.70022616336731,1.71022961421364,1.57886762159061,14.5078960789764,0
999,151.202,6.098,19.676,2.73404512568444,1.60324754776942,1.70531689225927,13.7707037497213,5.44755681614519
999,151.278,6.03,19.664,2.82127055656963,1.67268454369853,1.68667222232558,14.8254762368297,5.93432510108785
999,151.354,6.1,19.633,3.05884379201905,1.73961269967407,1.75834758655886,16.7170538455821,5.97862535281518
999,151.43,6.12,19.672,3.03338896391283,1.94548830038764,1.55919157329727,18.5398663251381,8.04823051538446
999,151.506,6.038,19.695,2.65542351065287,1.6789442480852,1.58160314952764,14.0061877527318,3.69490125270473
999,151.582,6.091,19.659,2.84696280934148,1.64342688287612,1.73233311381587,14.6988058445624,-4.25162276790179
999,151.658,6.113,19.681,2.64693776859897,1.84626531024957,1.43367139809455,15.3528042724127,-2.74179522223222
999,151.734,6.22,19.704,2.65104713471189,1.77510149304817,1.49346228657583,14.7839508957349,-7.83895322529216
999,151.81,6.081,19.682,2.37919408126131,1.78424673225448,1.33344455015764,13.3362784165572,-10.8073894713931
999,151.886,6.025,19.655,2.99292500943662,2.0477706814082,1.46155281771026,19.2542687236517,-4.07238309269048
999,151.962,6.097,19.615,2.91182312038856,1.67811250583425,1.73517753444129,15.3509740199523,-1.66538460270715
999,152.038,6.108,19.564,2.90795482412913,1.81604176195158,1.60125988567804,16.5906483955006,14.7490398635699
999,152.114,6.295,19.531,2.86133172888855,1.61761039929964,1.76886333701081,14.5409243048884,-2.45704182839228
999,152.19,6.179,19.525,2.94393988098393,1.90855254102257,1.54249873540637,17.651553358369,4.3889086930686
999,152.266,6.172,19.501,2.63480190921427,1.65317132881342,1.59378635673861,13.6840832235442,0.745546775856487
999,152.342,6.232,19.482,3.05092070301141,2.11459871089477,1.44278944619258,20.2679001364885,15.6085298659407
999,152.418,6.035,19.458,2.6652432161067,1.92499040970475,1.38454882822792,16.1181535768376,2.26385408934528
999,152.494,5.965,19.34,2.89595068316377,2.25187995354606,1.28601468235617,20.4873727550803,39.7256999364886
999,152.57,6.077,19.274,2.97036623884103,2.06044783870941,1.44161195592389,19.2274414419588,22.6846026628815
999,152.646,6.13,19.275,2.83781967539852,2.1852692721465,1.29861327003012,19.4822731109284,23.4615173806244
999,152.722,6.107,19.247,2.77244831975402,2.1071121055616,1.31575738777083,18.3527426264874,23.3370444720439
999,152.798,6.124,19.216,3.01446514236883,2.07684481232798,1.4514638380659,19.6681804889258,23.6341204661129
999,152.874,6.113,19.223,2.83200072935164,2.15430042278659,1.31458022260816,19.1667951056081,24.6079825677718
999,152.95,6.208,19.207,2.77059329093658,2.09443737727542,1.32283415154706,18.2301411223387,26.6723628890079
999,153.026,6.271,19.212,3.06980140925636,1.98986153311062,1.54272111811597,19.1903550712873,24.774355444984
999,153.102,6.201,19.255,2.88575024784625,2.11920101644982,1.36171614936302,19.2123623044653,40.3153074517563
999,153.178,6.305,19.254,2.95906391259012,2.33096796905738,1.26945713191706,21.6690825451101,32.7467325738785
999,153.254,6.289,19.237,3.05425431488621,2.12435557462347,1.43773215339789,20.3836652952714,19.2893877989893
999,153.33,6.264,19.229,2.97047197954237,1.97813497935086,1.50165282478203,18.4599812414296,29.2060599656396
999,153.406,6.227,19.224,2.90841821030366,2.24737763383383,1.29413862918185,20.5344361560213,16.7100421356016
999,153.482,6.105,19.178,2.74822878602662,2.15251364318536,1.276753248337,18.58440536497,23.6581196828805
999,153.558,6.109,19.138,2.83144904995939,2.13226251295443,1.32790828181665,18.9670284481296,27.4439944077889
999,153.634,6.089,19.086,2.87965671692061,2.02966977977114,1.41878090003652,18.3618306189648,29.0496161900094
999,153.71,6.086,19.068,2.93883309283314,2.122566649289,1.38456575383278,19.5968437721496,40.2152285808355
999,153.786,6.055,19.089,2.97606881385458,2.01193488233535,1.47920732424506,18.8107781715808,14.3564891558526
999,153.862,6.108,19.015,2.82180487435032,1.89471011771092,1.4893069118982,16.7965321772963,21.4418090490794
999,153.938,6.085,18.989,2.81089829143706,1.8277013708112,1.53794177556997,16.1398777840787,23.7551269496843
999,154.014,6.035,18.957,2.96770428230203,1.70470375637822,1.74089150164551,15.8934951675957,8.13693466734782
999,154.09,6.033,18.813,2.64550068029572,1.64156562650126,1.61157168351179,13.643192279462,6.6202599575936
999,154.166,6.019,18.704,2.69180376149724,1.79675092771813,1.49815075644114,15.1943157144442,9.19871897602258
999,154.242,6.06,18.668,2.6495141574406,1.70577270094805,1.55326331343445,14.1983303588882,10.236139759871
999,154.318,6.041,18.648,2.59474207578037,2.00785625389523,1.29229474009735,16.3672865036073,19.2424825043856
999,154.394,5.995,18.621,2.91353807337113,1.58740303993936,1.8354116755896,14.52973782906,9.58141451596831
999,154.47,5.908,18.619,2.74826072616059,1.55765384327224,1.76435909559161,13.4486519842066,13.1514660833171
999,154.546,5.928,18.621,2.85586047339781,1.81574751372033,1.57282907002106,16.2907964194054,4.44597541165047
999,154.622,5.956,18.546,2.99799690753704,1.57949650492333,1.89807125130838,14.8764642342637,8.03847944163758
999,154.698,5.944,18.512,2.7671802236024,1.95399134109339,1.41616810955466,16.9867366074894,5.91204145281674
999,154.774,5.982,18.44,2.86066077572105,1.78812858791899,1.59980708045737,16.0699668324214,6.43215145448858
999,154.85,6.002,18.358,2.68786693466736,2.18730819028771,1.22884692088764,18.4700306706993,5.02843050762413
999,154.926,5.943,18.377,2.62167183716847,1.4964756746651,1.75189739569618,12.3253103392833,2.57458323994346
999,155.002,5.908,18.417,2.82897953080448,2.19130979556884,1.29099935414203,19.4752686812128,23.7616838154626
999,155.078,5.957,18.4,2.74336088010819,1.28261299609137,2.13888436221081,11.0542288207906,5.28878236013221
999,155.154,5.941,18.345,3.02829719446392,1.97429913371217,1.53385935431678,18.7828427176183,6.82335154683718
999,155.23,5.916,18.382,2.38077010565811,1.51903745719289,1.56728861055057,11.3615037560335,-10.0043585031494
999,155.306,6.019,18.362,2.7280863551694,1.7955198426654,1.51938524450926,15.388567543212,9.16785913415993
999,155.382,6.031,18.263,2.63939931626685,1.9121930854275,1.3802995818682,15.8557473120185,19.0300941440257
999,155.458,5.942,18.246,2.58548976662708,1.53009977888154,1.68975239543986,12.4283206143725,0
999,155.534,5.922,18.241,2.58221484325266,1.6056710088002,1.60818426010081,13.0256322290611,2.55243601650555
999,155.61,6.026,18.214,2.65496095277078,1.56180184592321,1.69993457217447,13.0266859336479,-5.17944215890634
999,155.686,6.075,18.198,2.57357552889454,2.07876366489451,1.23803180340134,16.8070661029946,-3.54482429413122
999,155.762,6.037,18.156,2.6847232631783,1.69913197619064,1.58005575835098,14.3310005177006,-4.16835571252227
999,155.838,6.072,18.156,2.94463138913189,1.62194101273932,1.81549844661654,15.0043043736157,-2.91908731095509
999,155.914,5.999,18.167,2.69325955516094,1.71793817520954,1.56772786938764,14.5356886681406,-3.09861528722006
999,155.99,5.983,18.114,2.74687202011104,1.38148525153388,1.98834697443288,11.9216001398191,2.63119769979756
999,156.066,5.999,18.055,2.68528022309464,1.67123214691703,1.60676673677458,14.0986090194041,0
999,156.142,5.836,18.035,2.43091359665063,1.5457053884364,1.57268882856757,11.8044597678523,5.65234400454544
999,156.218,5.852,18.015,2.66751218595571,1.36856284717461,1.94913386072315,11.468880580029,0
999,156.294,5.92,18.024,2.35394463497811,1.75587020532711,1.34061425943472,12.9848975132402,-0.474783428217907
999,156.37,5.901,18.051,2.63979435765771,1.44935405315894,1.82135921302606,12.0197229738827,1.72151540919893
999,156.446,5.93,18.038,2.74613117399638,1.53829636129034,1.78517692890653,13.271229628556,2.26832602237872
999,156.522,5.834,17.975,2.36313662072839,1.65435062137356,1.42843759369845,12.2819199358305,4.081487141859
999,156.598,5.765,17.982,2.63356630860107,2.35642667524906,1.11761012394867,19.4961142270069,10.4020744748267
999,156.674,5.817,18.021,2.45720274567105,1.40411585466917,1.75,10.8391145958351,0
999,156.75,5.738,18.029,2.43091359665063,1.5457053884364,1.57268882856757,11.8044597678523,5.65234400454544
999,156.826,5.787,18.031,2.58794567223377,1.42934849098378,1.81057711856718,11.6209907449105,0.748397443055945
999,156.902,5.865,18.007,2.35394463497811,1.75587020532711,1.34061425943472,12.9848975132402,-0.474783428217907
999,156.978,5.747,18.032,2.42636520231029,1.48706684888868,1.63164500918272,11.3353917432818,1.91979816897674
999,157.054,5.746,18.047,2.42636520231029,1.48706684888868,1.63164500918272,11.3353917432818,1.91979816897674
999,157.13,5.756,18.046,2.63979435765771,1.44935405315894,1.82135921302606,12.0197229738827,1.72151540919893
999,157.206,5.765,18.014,2.58794567223377,1.42934849098378,1.81057711856718,11.6209907449105,0.748397443055945
999,157.282,5.714,17.968,2.36313662072839,1.65435062137356,1.42843759369845,12.2819199358305,4.081487141859
999,157.358,5.737,17.99,2.54940124820883,1.49680346903667,1.70323045138959,11.9881687560344,-0.0413986558020272
999,157.434,5.853,17.985,2.53654840430189,2.22512936714026,1.13995547484139,17.7316149782605,5.4325656458875
999,157.51,5.992,17.925,2.67032661742352,1.70401251916144,1.56708157211052,14.2950947609349,-2.1982298032869
999,157.586,5.897,17.916,2.54123569083289,2.38237313118166,1.06668248460829,19.0197411158775,0.31579071788678
999,157.662,5.74,17.913,2.48702252007181,1.65489343914372,1.50282940354072,12.9300327451756,8.81400968390983
999,157.738,5.874,17.864,2.57140287968039,2.12984113723948,1.20732144511643,17.2054965028549,20.4318080531639
999,157.814,5.758,17.888,2.51599187237516,2.3926003976186,1.0515721199743,18.9116437017422,1.57375719940261
999,157.89,5.699,17.915,2.37205905440041,1.64065185493562,1.44580280530843,12.2262086618692,7.67453522254992
999,157.966,5.666,17.926,2.4918962046853,1.87293138468595,1.3304791756176,14.6622860668554,-1.82541971843571
999,158.042,5.62,17.906,2.1974515938809,1.83917577219166,1.1948023821901,12.6967458676296,8.91127347403452
999,158.118,5.726,17.897,2.93651749949156,2.03979979745356,1.43961064372956,18.8178503423019,6.74386833061835
999,158.194,5.634,17.945,2.30673677485616,1.55979866509255,1.47886828375974,11.3035915575146,2.93512450175316
999,158.27,5.595,17.979,2.41541678701655,1.72136072650843,1.40320198423251,13.0621252301249,5.39214893378129
999,158.346,5.567,17.953,2.35814747776337,1.61259734561922,1.46232876059824,11.9466674717862,0
999,158.422,5.532,17.905,2.10829447087016,1.66571441302137,1.26569984289565,11.0326968763829,0
999,158.498,5.476,17.905,2.10829447087016,1.66571441302137,1.26569984289565,11.0326968763829,0
999,158.574,5.455,17.871,2.19137702028794,1.65002510400383,1.32808707877868,11.3594558408545,4.22509358896882
999,158.65,5.468,17.826,2.73742999456495,2.13143595894373,1.28431257016116,18.3301147050707,36.1549646144389
999,158.726,5.418,17.806,2.80594606242788,2.09660064891456,1.33833120002159,18.4818272716442,24.8919498798168
999,158.802,5.395,17.752,2.26109260614889,1.28921156085456,1.75385691131262,9.15782655373382,7.76775997654876
999,158.878,5.344,17.724,2.31580797054459,2.00668186572481,1.15404838709106,14.5992633615834,24.4731271616406
999,158.954,5.396,17.725,2.92020967259262,1.98385985204121,1.47198385490184,18.2001470279622,12.4300762003073
999,159.03,5.369,17.684,2.32120605819646,1.87810917939108,1.23592711417823,13.6957053311244,10.2286793720822
999,159.106,5.271,17.639,2.88253095837883,2.13205579698428,1.3519960230197,19.3073388749532,3.12186631082832
999,159.182,5.266,17.596,2.54096832451852,2.10674734900186,1.20610965796273,16.817505562759,11.9438164325116
999,159.258,5.257,17.551,2.1974515938809,1.83917577219166,1.1948023821901,12.6967458676296,-8.91127347403453
999,159.334,5.141,17.554,2.92589684292939,2.04177645631197,1.43301527152213,18.7679602387259,5.21062866436984
999,159.41,5.208,17.531,2.90128925871789,2.04069597325727,1.42171557975242,18.6002683689869,0.970883734449241
999,159.486,5.347,17.484,2.67290455129681,2.06562084539751,1.29399572881558,17.3453844777182,13.3930593400476
999,159.562,5.226,17.509,2.22559610990052,1.89359681122641,1.17532734355372,13.2398705780447,-81.3742738661135
999,159.638,5.181,17.515,3.04100352040612,1.93572054628813,1.57099304764701,18.493088814671,2.27523280078341
999,159.714,5.232,17.502,3.03771839467909,1.89745579455156,1.60094290649708,18.1079401563784,5.13901244349431
999,159.79,5.347,17.515,2.93797027360834,1.95556335656662,1.50236516947553,18.0496656218624,10.9036676027947
999,159.866,5.318,17.472,2.82371472932843,1.8851333173595,1.49788596027977,16.7229449854481,0.414707037683629
999,159.942,5.335,17.437,3.00562460297168,1.89140524794495,1.58909604709902,17.8594960262425,7.24656352527535
999,160.018,5.296,17.481,3.04100352040612,1.93572054628813,1.57099304764701,18.493088814671,2.27523280078341
999,160.094,5.041,17.535,2.98393027795626,1.92336180326248,1.5514139216526,18.0301579351692,5.02191884145508
999,160.17,4.965,17.52,2.98979829223742,2.08456653076287,1.4342541953522,19.5797671522258,7.75256617466672
999,160.246,4.937,17.483,3.05726111009908,1.97730025096178,1.54617949833972,18.9913145103014,10.3983379734379
999,160.322,4.91,17.468,3.08634756947476,1.9623518234529,1.57277993303164,19.0270552177296,5.25253193495867
999,160.398,4.954,17.454,3.04100352040612,1.93572054628813,1.57099304764701,18.493088814671,2.27523280078341
999,160.474,5.008,17.43,2.99511040239569,2.10870884721817,1.42035274634849,19.8417205310433,5.10283717790801
999,160.55,4.893,17.402,3.10901761796434,1.94532194181219,1.59820210276768,19.0004786285983,10.2990872308165
999,160.626,4.812,17.392,3.01641998988849,1.97376528606594,1.52825668339762,18.7041160914482,1.28896340244688
999,160.702,4.862,17.462,3.01790713132374,1.99719586314712,1.51107219227273,18.935483626675,5.83283664098033
999,160.778,4.77,17.504,3.03771839467909,1.89745579455156,1.60094290649708,18.1079401563784,-5.13901244349431
999,160.854,4.63,17.515,3.04809588650576,1.99562358508145,1.52739018985956,19.1098432839388,2.83503481356079e-16
999,160.93,4.516,17.518,2.84573726400746,1.87514102389687,1.51761239700976,16.764036929382,4.29466159546735
999,161.006,4.425,17.496,2.99860937070038,1.8837677245314,1.59181481434836,17.7458627462839,12.3969205993979
999,161.082,4.455,17.516,2.80101726900626,2.06708323909257,1.35505780126972,18.1896199285139,5.48655024802545
999,161.158,4.518,17.511,2.92579986593807,2.05982634295794,1.42041093703879,18.9332468128315,13.4650608302544
999,161.234,4.595,17.48,2.96349798563182,2.04131338128736,1.45176042679096,19.0048388569227,-6.47226774333532
999,161.31,4.623,17.474,2.924080689979,1.92826959964054,1.51642731417023,17.7136059736669,7.44934771720015
999,161.386,4.59,17.483,2.97854843689014,1.93601844808399,1.53849176377317,18.1160717044191,10.943351365572
999,161.462,4.414,17.498,2.90514076774319,1.80725863845305,1.60748478714142,16.4944319240983,14.3646343922276
999,161.538,4.474,17.498,2.25190678450398,2.05758657182915,1.09444084411091,14.5565480744477,36.0262372553779
999,161.614,4.566,17.451,2.87919634881861,1.94664147707638,1.4790583590887,17.6078823703924,2.72649214761955
999,161.69,4.401,17.404,2.75119387327158,1.99704296091054,1.37763379512737,17.2607028471143,20.5984580536788
999,161.766,4.627,17.343,2.46516364924089,1.98288824560505,1.24321865072566,15.3565573541445,33.7280170195997
999,161.842,4.747,17.353,3.11883174783915,2.07958713620454,1.49973602622458,20.3760004458288,3.02028259144863
999,161.918,4.578,17.355,2.76899526673253,1.99831679844001,1.38566380910882,17.3834681123211,3.04614232407059
999,161.994,4.432,17.305,2.89881567435542,1.59731500812267,1.81480525733144,14.5465848954362,16.8245018500217
999,162.07,4.303,17.299,3.06510226517375,1.59583226957796,1.92069199476982,15.3667520759833,16.6623069654684
999,162.146,4.315,17.264,2.60690934957356,1.46526264748331,1.77914133964386,12.0002772804222,8.14982394428536
999,162.222,4.299,17.241,2.55899238955179,2.13723306356461,1.19733894874513,17.1818827556064,23.4411412215054
999,162.298,4.311,17.182,2.84955283361623,1.48350754994255,1.92082125482043,13.2805587451626,10.0084783840123
999,162.374,4.4,17.077,2.75229248109171,1.23619433693175,2.2264237902294,10.6888555033471,11.2989352040205
999,162.45,4.364,17.043,2.9440439507099,1.89785743790194,1.55124610095293,17.5532584813871,15.2724467891075
999,162.526,4.279,17.057,2.59656545984799,1.59050940953306,1.63253699996046,12.9743434797756,4.75404280023047
999,162.602,4.155,17.019,3.05419361915367,1.66490269202414,1.83445773364716,15.9747950007305,6.87865004094069
999,162.678,4.093,16.914,2.97674553709183,1.58079115447632,1.88307325016502,14.7831192759266,-0.0184438344107029
999,162.754,4.073,16.884,2.7129038120787,1.58796135428386,1.70841929166605,13.5339384620399,4.03321514822502
999,162.83,4.035,16.923,2.98040112951918,1.3516442110203,2.2050189726107,12.6557235828577,1.82049259616349
999,162.906,4.082,16.893,3.03677378379974,1.51180798995545,2.00870335649518,14.4231111545962,-0.0892176802867232
999,162.982,4.04,16.868,3.01450718273926,1.37279334520074,2.19589291664176,13.00083842553,0
999,163.058,3.947,16.883,2.78400038914534,2.55248770217243,1.09070080407277,22.3245556125571,10.3702488980438
999,163.134,3.886,16.865,2.95202706194444,1.35062393962284,2.18567654203493,12.5257762744274,-2.16990984124913
999,163.21,3.781,16.874,2.64006878970899,1.5944217116571,1.65581588008177,13.2241667044857,1.58211812476189
999,163.286,3.659,16.873,2.8932803448261,1.45770830146103,1.9848143431208,13.2498516702426,2.18450431679931
999,163.362,3.576,16.822,2.84477568676242,1.59219700163183,1.7866983067088,14.2296658551252,0.847010473370138
999,163.438,3.575,16.785,2.62015979156488,1.7716944808102,1.47890046503203,14.5836583877762,0
999,163.514,3.551,16.758,2.70006594002177,1.67076964294531,1.61606116763168,14.1723157286237,2.75537839043262
999,163.59,3.632,16.734,2.96043068757793,2.00923173982194,1.47341425526171,18.6867940934451,4.7618399204674
999,163.666,3.597,16.677,2.95817580021224,1.65498313033859,1.78743562153834,15.3803926878362,5.71887761249905
999,163.742,3.496,16.588,2.72580120237936,1.81510017538146,1.50173595890183,15.5433508516196,13.0209082974469
999,163.818,3.572,16.556,2.98899837124734,1.97260635905694,1.51525333857096,18.5231984624221,9.38349380712777
999,163.894,3.641,16.511,2.85262790362583,1.91901916021766,1.48650308593181,17.1978560567506,12.7995057747875
999,163.97,3.582,16.494,2.72658065424816,2.1803449512392,1.25052719419398,18.6764113264264,5.29576387398569
999,164.046,3.482,16.538,2.41431249253161,2.32210168368303,1.03971006502279,17.6126452466123,36.8698976458441
999,164.122,3.469,16.543,2.43465318502728,2.24850496920459,1.08278754922589,17.1981142353297,47.306096215747
999,164.198,3.452,16.527,2.785761715694,1.92422651921904,1.4477306532625,16.8403081469748,11.8528360282932
999,164.274,3.475,16.538,2.61380797379172,2.29313735836056,1.13983925309228,18.8301431166411,6.37629010253349
999,164.35,3.565,16.481,2.64703294960629,2.11944540864864,1.24892716689223,17.6250945229688,8.92811162865712
999,164.426,3.549,16.425,2.71627126103753,2.30908981585482,1.17633850462935,19.7044282260822,15.0091837138045
999,164.502,3.419,16.477,2.2990214008853,1.63484760468259,1.40626037209852,11.8078319068644,1.41772284002102
999,164.578,3.496,16.453,2.82340669459388,2.25505517490349,1.25203441849919,20.00232526182,7.66696747343049
999,164.654,3.549,16.367,2.75773114083795,1.63172403366213,1.69007202440274,14.136715120075,0.851544703332787
999,164.73,3.537,16.365,2.91545590199617,2.31221287223061,1.26089424421533,21.1779619723276,5.32482570530023
999,164.806,3.506,16.406,2.81155621372084,2.03010057677481,1.38493444407938,17.9313999936962,0.821183533708944
999,164.882,3.521,16.347,2.70955082809275,2.35940434761509,1.14840460933777,20.0839693687517,9.44854410669932
999,164.958,3.557,16.31,2.87625477913,1.36194460687595,2.11187354067769,12.3065599105378,3.07400298124541
999,165.034,3.53,16.334,3.05311983141494,1.64679318059463,1.85397891331595,15.795478356614,3.43955661281555
999,165.11,3.48,16.331,2.58750817284727,2.02705696045411,1.27648518188044,16.4777365694934,5.52640774025511
999,165.186,3.487,16.317,2.75896248061159,2.16574456486323,1.27390945607005,18.7716695471911,1.13565016533654
999,165.262,3.503,16.314,2.98040112951918,1.3516442110203,2.2050189726107,12.6557235828577,1.82049259616349
999,165.338,3.498,16.307,2.77123485848742,1.55135523203906,1.78633159011877,13.5062399363907,1.78489463899149
999,165.414,3.492,16.299,2.74687202011105,1.38148525153388,1.98834697443288,11.9216001398192,2.63119769979756
999,165.49,3.422,16.275,2.63197430437853,2.08170559317275,1.2643355107516,17.2127724218663,-8.8502138943336
999,165.566,3.518,16.261,2.66843141509892,1.99188645665143,1.33965036319632,16.6982322162931,1.11063411585163
999,165.642,3.575,16.24,2.89421553370781,2.01650787253608,1.43526121227975,18.334989461082,-3.63708456724834e-16
999,165.718,3.489,16.2,2.63197430437853,2.08170559317275,1.2643355107516,17.2127724218663,-8.8502138943336
999,165.794,3.416,16.194,2.62654998282811,2.16338794002466,1.21409107180202,17.8513040384847,-17.5739036158776
999,165.87,3.434,16.16,2.60693373128849,2.14940041144869,1.21286555887994,17.6034257114327,-6.91102731786585
999,165.946,3.556,16.167,2.64035490569807,2.2251934349915,1.18657320490799,18.4578005812065,-6.34019174590991
999,166.022,3.486,16.175,2.55487332469056,2.00337087358853,1.27528724629712,16.0797984183188,0
999,166.098,3.448,16.081,2.63689504091864,2.20788337274031,1.19430902622627,18.2902164500919,-3.3869583855572
999,166.174,3.499,16.079,2.71519224670258,2.23283436351935,1.21602940686695,19.0461396744,10.5447503881952
999,166.25,3.505,16.102,2.91790923284174,2.25491335943065,1.29402277060369,20.6705251590641,-0.163327134375087
999,166.326,3.512,16.06,2.84445645227403,2.26429788715094,1.25622007087286,20.2340455466034,3.26336721992127
999,166.402,3.496,16.054,3.0032538096941,2.34784558695375,1.27915303560943,22.1519233603728,3.59991678923441
999,166.478,3.506,15.977,2.81888263027724,2.13517987199859,1.32020850666725,18.908685262195,-7.64423193534734
999,166.554,3.44,15.956,2.66062769073583,2.01219137546857,1.32225379910311,16.8191197477929,8.16909673536833
999,166.63,3.451,15.923,2.6269347766572,1.9425154978106,1.35233658604938,16.0311122490486,5.75134228976595
999,166.706,3.484,15.849,2.47380448728104,1.67916468495966,1.47323518022919,13.0499406799405,0
999,166.782,3.473,15.839,3.10901761796434,1.94532194181219,1.59820210276768,19.0004786285983,10.2990872308165
999,166.858,3.499,15.798,2.92825802283528,1.80496123480431,1.62233845601275,16.6045493593957,-0.336106028013619
999,166.934,3.567,15.744,2.99401864209774,1.76032603367879,1.70083188273977,16.557603737011,-2.93458234529331
999,167.01,3.681,15.605,2.99756328635115,1.64382414235416,1.82353039422956,15.4800938086271,-1.61889764199162
999,167.086,3.764,15.451,3.02662985501531,2.34712678144609,1.28950420528651,22.317509755663,-3.27634678147727
999,167.162,3.645,15.433,3.08269536241951,2.4073725740696,1.2805227556482,23.3143756817384,1.33085589243661e-15
999,167.238,3.676,15.411,3.0922755198056,2.3699465579183,1.30478702546009,23.0232488602847,11.1853632525786
999,167.314,3.8,15.346,3.11883174783915,2.07958713620454,1.49973602622458,20.3760004458288,3.02028259144863
999,167.39,4.022,15.235,2.90661964989339,2.27282747944494,1.27885625995829,20.7541307993114,-11.5795388960819
999,167.466,4.14,15.15,3.0621929379318,2.02582950849797,1.51157485123328,19.4888097531299,-2.50493752927722
999,167.542,4.065,15.191,2.6269347766572,1.9425154978106,1.35233658604938,16.0311122490486,-5.75134228976595
999,167.618,4.1,15.158,3.11883174783915,2.07958713620454,1.49973602622458,20.3760004458288,-3.02028259144863
999,167.694,4.174,15.059,2.77741237173611,1.655499678041,1.67768825846146,14.4450596314227,-2.83592799227119
999,167.77,4.102,15.032,2.4720581461857,1.68059330589642,1.47094370631633,13.0518232470719,-2.59014862728521
999,167.846,4.068,15.051,3.04429457949984,1.78151798669543,1.70882056888281,17.0383195294377,-1.9115753372334
999,167.922,4.029,15.098,2.53884216987826,1.65117591399652,1.53759641741213,13.1697921500345,-9.65990174740045
999,167.998,3.943,15.03,2.58222789628106,1.67923791995177,1.53773796172685,13.6224955290542,-3.51346506815956
999,168.074,4.08,14.918,2.53127526298333,1.88852465696322,1.34034536094099,15.0179933303891,-5.82415986030501
999,168.15,4.113,14.95,2.71586746429323,1.87178673607003,1.45094919840891,15.9703638411438,3.40636318380453
999,168.226,4.04,14.959,2.4943327751761,1.69443217321082,1.4720759051981,13.2778713084402,-10.0476155959524
999,168.302,3.907,14.975,2.6414482437185,1.87244307608866,1.41069615276968,15.5381962341612,0.529564525952643
999,168.378,3.754,15,2.22920045062795,1.8356635306983,1.21438401610558,12.8555918224645,-2.92304483039178
999,168.454,3.789,14.916,3.01370551113532,1.60387211423457,1.87901858532754,15.1851966892228,3.88725083858521
999,168.53,3.893,14.911,2.58616299698067,1.85766198796477,1.39216015278109,15.0928918726643,-7.51890795179113
999,168.606,3.89,14.965,3.02328482411431,1.75129759775665,1.72631129511456,16.6337009298807,-0.205612793359514
999,NaN,3.903,14.949,NaN,NaN,NaN,NaN,NaN
999,168.834,3.972,14.942,2.5408304008511,1.83412091770895,1.38531237298407,14.6404192544024,-4.68904564794189
999,168.91,4.057,14.931,2.57338605941345,1.61393542676452,1.59447894676453,13.0479105686061,-4.21081116662822
999,NaN,3.866,14.961,NaN,NaN,NaN,NaN,NaN
999,169.29,3.829,14.974,2.95475615583164,1.94329138137037,1.52049053690961,18.0388747598097,5.37548349659402
999,169.366,3.785,14.909,2.22920045062795,1.8356635306983,1.21438401610558,12.8555918224645,-2.92304483039178
999,169.442,3.72,14.86,2.75003574782901,1.5220611197745,1.80678404572639,13.1498350237973,0.946432387442431
999,169.518,3.882,14.822,2.6946856170082,1.50282403898654,1.7930812570881,12.7223140044508,3.93174087178699
999,169.594,3.97,14.771,2.86815758841183,1.82679989408372,1.57004475295879,16.4605317212827,3.58504925352217
999,169.67,4.02,14.834,2.31682080906411,1.55159476108273,1.49318679540229,11.2932936919079,3.06862797463099
999,169.746,3.963,14.853,2.17410318099212,1.57694413362579,1.37868116861776,10.7707595835812,4.01729336747406
999,169.822,4.035,14.73,2.74274540124491,1.57611135289961,1.74019773171421,13.5807034360198,-0.274528153630579
999,169.898,4.065,14.704,2.0886799988732,1.58890728281758,1.3145386275588,10.4260627951996,-0.505870412471958
999,169.974,4.107,14.735,2.39613685737411,1.58595556306081,1.51084741160697,11.9385754063992,-10.0125646668319
999,170.05,4.237,14.756,2.0886799988732,1.58890728281758,1.3145386275588,10.4260627951996,-0.505870412471958
999,170.126,4.303,14.729,2.0886799988732,1.58890728281758,1.3145386275588,10.4260627951996,-0.505870412471958
999,170.202,4.283,14.676,2.17867065918437,1.51885749684063,1.43441413280457,10.3958136629732,-7.66516046859925
999,170.278,4.224,14.569,2.19673260905985,1.53284045598278,1.43311236370743,10.5784983762625,0.98584948583588
999,170.354,4.203,14.518,2.09397243475409,1.98702843422787,1.05382107205113,13.071484578218,-18.5692872978195
999,170.43,4.135,14.54,2.12332069809642,1.94184468567475,1.09345547239717,12.9532860666509,-15.264852949967
999,170.506,4.134,14.515,2.12445287182641,1.98396117460297,1.07081373316267,13.241285294368,-55.7238681635527
999,170.582,4.138,14.5,2.20688159345428,2.05898312387418,1.07183083137749,14.2751832554999,-64.6516048740838
999,170.658,4.137,14.53,2.26675536703137,2.05478490977532,1.10315943836634,14.6325795223305,23.8858774859675
999,170.734,4.177,14.519,2.06349012047438,1.84854549819101,1.11627770184381,11.9834649765232,-9.61533618783064
999,170.81,4.182,14.444,2.10533783286108,2.04602196994475,1.0289908240418,13.5326222877742,0
999,170.886,4.159,14.437,2.29987280192763,1.96118468051879,1.17269567969461,14.1700760864146,-2.74862484787771
999,170.962,4.177,14.439,2.22914878517099,1.88329805878689,1.1836409934001,13.1888821619435,23.7574378113742
999,171.038,4.164,14.386,2.19855583559035,1.87805017456332,1.17065873178897,12.9716303201264,16.0026916040417
999,171.114,4.114,14.371,1.95843719091431,1.83670481596138,1.06627759338084,11.3005318918472,-4.15756287839595
999,171.19,4.13,14.385,1.96074108438621,1.88860976970422,1.03819281030897,11.6335524863155,90
999,171.266,4.17,14.378,2.34891732751876,1.90332442907384,1.23411295081299,14.0452807952057,33.1220948477882
999,171.342,4.178,14.389,2.31217126569687,1.99381578415824,1.15967146216221,14.4828789972352,28.3177365863398
999,171.418,4.126,14.373,2.18965749553371,1.92242910224949,1.13900559088058,13.2244126748304,79.7805220425435
999,171.494,4.061,14.301,2.18337214857708,1.96014726005925,1.11388169300662,13.4451712638669,43.4144801363753
999,171.57,4.102,14.265,2.06349012047438,1.84854549819101,1.11627770184381,11.9834649765232,-9.61533618783064
999,171.646,4.178,14.251,2.17214971162453,1.80377612162822,1.20422356498643,12.3089855279194,31.6416865201269
999,171.722,4.127,14.186,2.12437905933009,1.77130091350648,1.19933267302655,11.8215447642514,11.7339494461718
999,171.798,4.08,14.109,2.0162056590708,1.59580003823384,1.26344504998398,10.1079520539137,6.57772765499196
999,171.874,4.087,14.043,2.1538239985921,1.57606778600475,1.366580814428,10.6643644079121,4.58277048421472
999,171.95,4.118,13.998,1.9388184880612,1.58749382617063,1.22130773430347,9.66938984133683,2.97343152698675
999,172.026,4.128,13.969,1.89364369705688,1.42954442852074,1.32464836998202,8.50444147112675,5.36560345420622
999,172.102,4.083,13.905,2.03406831906141,1.55750671653684,1.30597723750702,9.95280136226654,1.82274817230567
999,172.178,4.067,13.886,1.98386895151558,1.30983987925607,1.51458890734212,8.16358768829646,5.92650208387199
999,172.254,4.088,13.825,1.90802097943986,1.50258931901371,1.26982200345486,9.00685799782239,3.9503947119199
999,172.33,4.049,13.734,1.95306766632237,1.66066770168536,1.17607373488402,10.189430279884,13.8129814336711
999,172.406,3.992,13.719,2.25237901600352,1.87329084518209,1.20236482327152,13.2555134907855,22.085802580346
999,172.482,3.99,13.61,2.20228398300555,1.80245941004614,1.2218216791629,12.4706383969182,39.1727634214249
999,172.558,3.973,13.481,2.80285366729555,1.24461567982899,2.25198325291921,10.9593693881314,0
999,172.634,3.955,13.459,2.48379662160059,2.15497923924777,1.15258494205615,16.8154694101222,24.2558982262232
999,172.71,3.966,13.368,2.2320887254917,1.53204679377719,1.45693247396745,10.7431924792347,-1.98624797037533
999,172.786,4.005,13.24,2.17715553543865,1.70955350681453,1.27352289750522,11.6928943838733,-20.4208895954403
999,172.862,4.039,13.246,2.384440241443,1.66737380381663,1.43005739683867,12.4901970309922,-15.2962995781232
999,172.938,4.049,13.306,2.2383172563302,1.93915660890028,1.15427358783548,13.6359186089561,0.732389179201004
999,173.014,4.075,13.236,2.22201340372908,1.61856206326283,1.37283175861034,11.2986330473595,-15.3253339785265
999,173.09,4.005,13.054,2.22559610990052,1.89359681122641,1.17532734355372,13.2398705780447,-8.6257261338865
999,173.166,3.972,12.953,2.36375242696047,2.33108464402706,1.0140139840126,17.3105116238448,45.5456081126316
999,173.242,4.016,12.916,2.24350448614277,1.64967174465156,1.35997024463594,11.6271787978705,-4.20900921035654
999,173.318,4.054,12.792,2.54489372457785,2.11666851574247,1.20231094554981,16.9228059087497,8.59004624414346
999,173.394,4.077,12.68,2.39406160536841,2.1246837374888,1.1267849247992,15.9800998343344,58.0531356239943
999,173.47,4.009,12.577,2.29903643710556,1.97423810318887,1.16451831893634,14.2592031594415,8.41368258660165
999,173.546,3.885,12.436,2.32963467671054,2.13506321429285,1.091131476162,15.6260220523398,2.43963689150336
999,173.622,3.938,12.341,2.81587056391634,2.25340465895788,1.24960714566844,19.9343348201497,7.44588918613572
999,173.698,4.029,12.243,2.3604166218105,1.94271460542906,1.2150094590395,14.4061370542574,16.3833030857449
999,173.774,4.162,12.24,2.26030576437586,1.90631262568287,1.18569521804756,13.5366496724062,17.0294201232147
999,173.85,4.275,12.283,2.4357046852031,2.0645549145097,1.17977229284867,15.7979575765575,29.5698700334537
999,173.926,4.242,12.3,2.63828883636393,1.85954350251074,1.41878306842606,15.4126939700969,20.2491448522758
999,174.002,4.244,12.25,2.84290811393423,1.99576605753782,1.42446961816834,17.8247040533726,25.2635483120394
999,174.078,4.282,12.113,2.27677342579376,1.96719990690088,1.15736759533533,14.0707802856925,-5.97829212157457
999,174.154,4.454,12.007,2.73475129508771,1.81181141536828,1.50940173568331,15.5661317153442,3.12897897066082
999,174.23,4.452,12.008,2.58906170906244,1.85747068168877,1.39386410487434,15.1082527637541,0
999,174.306,4.302,12.031,2.36636593873947,1.7147196548306,1.380030800996,12.7474965805346,8.55136448452618
999,174.382,4.369,12.024,2.22559610990052,1.89359681122641,1.17532734355372,13.2398705780447,-8.6257261338865
999,174.458,4.355,12.015,2.55999598625475,1.8442904372756,1.38806553160705,14.83264052373,7.1467790565237
999,174.534,4.257,11.972,2.28393734103582,1.89366548990425,1.20609334289093,13.587430084801,0
999,174.61,4.313,11.979,2.45184789812818,1.50574650367628,1.62832714015407,11.5983246527909,0
999,174.686,4.385,11.943,2.46985919776674,2.27402067291346,1.08611994041478,17.6447893034151,5.72680767453136
999,174.762,4.489,11.845,2.62350923476183,1.73338071228083,1.51352164944177,14.2865192173172,16.9246970854775
999,174.838,4.52,11.869,2.66631994491194,1.94783467841054,1.36886357680401,16.3160199474245,4.8606755861804
999,174.914,4.469,11.906,2.8656442934566,1.72928952175344,1.65712233689529,15.5682524006991,7.50882197955579
999,174.99,4.499,11.874,2.56656910351387,1.5849581546072,1.6193292523549,12.7796993010403,0.840097202463708
999,175.066,4.491,11.853,2.43635219279085,1.7989415660647,1.35432536484246,13.7691457897531,12.7681102742184
999,175.142,4.313,11.824,2.76259647488005,1.76900833654285,1.56166390955452,15.3531398385312,2.01812941528488
999,175.218,4.253,11.743,2.23222121994012,1.73555037147174,1.28617483919364,12.1709457846913,-3.91661784341564
999,175.294,4.22,11.673,2.34841161631477,1.59745198234983,1.47009840812886,11.7856056462202,-3.24727589375133
999,175.37,4.195,11.606,2.1454902224164,1.54844080935745,1.38558103703474,10.4368879531085,-9.66740426891318
999,175.446,4.284,11.557,2.6002994110402,1.74340024782748,1.4915102910422,14.2419787584467,0.199517770694842
999,175.522,4.26,11.587,2.51551300317149,2.18105245562251,1.15334823639238,17.2362406914049,17.2621379239404
999,175.598,4.251,11.592,2.5655560217677,1.87620023229486,1.36742122594754,15.1220461975433,5.58361423073669
999,175.674,4.206,11.579,2.55048643843828,2.08076563482458,1.22574421441428,16.6723207903266,0.845003448011818
999,175.75,4.144,11.589,2.38528373116821,2.14764884950524,1.11064885291546,16.0935996126401,25.4054899291393
999,175.826,4.22,11.517,2.43794968368559,1.49554502507934,1.63014128147446,11.4544463715604,11.7543454653389
999,175.902,4.228,11.418,2.80844186247834,1.5014407484902,1.87049796357426,13.2471821803737,1.19730505452558
999,175.978,4.285,11.324,2.30417151600123,1.58209549591102,1.45640482635621,11.4524227348916,5.46746980797848
999,176.054,4.382,11.252,2.39948905040554,1.61553426569993,1.48526038806485,12.1782481454682,14.1290148073534
999,176.13,4.347,11.201,2.22010209975427,1.73819715030641,1.2772441258248,12.1233279602067,0
999,176.206,4.37,11.131,2.16872789591064,1.90246917345439,1.13995429002026,12.9620164081184,6.75575572311291
999,176.282,4.443,11.124,2.5662679987854,1.98094074301687,1.29547943714717,15.970678439309,18.557652563834
999,176.358,4.513,11.152,2.5128212162909,1.55656422984244,1.61433827664488,12.2879237844632,11.0744219013073
999,176.434,4.495,11.199,2.50907325593793,2.0176892632986,1.24353799248354,15.9044075885615,20.4294536432931
999,176.51,4.322,11.319,2.24219790938708,1.89695656878266,1.18199749339858,13.3622995619643,11.4849076625031
999,176.586,4.2,11.39,2.25037588621527,1.56437855453765,1.43851108140534,11.0597877378246,7.51890795179113
999,176.662,4.089,11.367,2.16218224757386,1.79652403127348,1.20353650156362,12.2032413580661,-2.00208647035469
999,176.738,4.022,11.374,2.38320364173379,1.994315908226,1.19499806018883,14.931552997721,-6.938764901604
999,176.814,4.013,11.392,2.34211879374379,1.58245088686046,1.48005780981329,11.6436470344261,-10.4609497602008
999,176.89,4.026,11.429,2.31693469121414,2.10023015484377,1.10318132794664,15.287291776046,25.4584370888801
999,176.966,3.981,11.468,2.18430251483088,2.11159115132882,1.03443439486679,14.4901370090623,-12.8205029121527
999,177.042,3.95,11.448,2.22618550859967,2.21985445408992,1.00285201333722,15.5251471330113,-44.999999999998
999,177.118,3.971,11.436,2.04080028611877,1.73665299281834,1.17513417738499,11.1343130655587,-6.63532193820184
999,177.194,3.943,11.386,2.43301752236572,1.59339147811454,1.52694272298024,12.1791673916231,-7.42472112859616
999,177.27,3.895,11.369,2.82625399430574,1.85521339756718,1.5234118069716,16.4723261913904,-1.56307811334717
999,177.346,3.917,11.377,2.31652727880011,2.13839521914019,1.08330174799565,15.5623531439227,-28.0069164451757
999,177.422,3.902,11.375,2.29397976704956,1.93263146219457,1.18697217339341,13.9279917585654,7.79459018656639
999,177.498,3.821,11.411,2.74975768665252,1.91267841947378,1.4376476770251,16.522899269945,6.39939959765243
999,177.574,3.843,11.467,2.01140118672346,1.60662373142281,1.25194290821422,10.1522604866128,35.3630541129326
999,177.65,3.857,11.487,2.43875630797962,2.26413852478716,1.07712327725569,17.3468759505515,-2.60182689783921
999,177.726,3.856,11.496,2.5929433645005,2.15720598079796,1.20199155184122,17.5725391404941,-6.75539051084066
999,177.802,3.845,11.523,2.46774828493429,2.16647469545818,1.13906167014446,16.7959414587065,0
999,177.878,3.885,11.515,2.24236631865085,2.12004497468559,1.0576975231308,14.9348721218011,-78.0717482191136
999,177.954,3.873,11.491,2.19516481413329,1.6007863669138,1.37130404125405,11.0395248784842,-9.17511679359933
999,178.03,3.79,11.477,2.47712638060044,2.27429733637395,1.08918316922882,17.6988594253347,-7.24011913133965
999,178.106,3.737,11.523,2.45552029127872,2.22142873263587,1.10537882904084,17.136644400254,16.7602455836092
999,178.182,3.735,11.492,2.60629983435755,2.24998167053173,1.15836491847581,18.4226978480601,-7.65617503910906
999,178.258,3.676,11.488,2.47712638060044,2.27429733637395,1.08918316922882,17.6988594253347,-7.24011913133965
999,178.334,3.64,11.522,2.25096895284379,1.62891560384338,1.38188187744822,11.5190844212019,82.5041423602702
999,178.41,3.707,11.49,2.24236631865085,2.12004497468559,1.0576975231308,14.9348721218011,78.0717482191136
999,178.486,3.656,11.508,2.26117111514531,2.14361795446371,1.05483867143248,15.2275729122077,-89.0794918965378
999,178.562,3.662,11.491,2.60629983435755,2.24998167053173,1.15836491847581,18.4226978480601,-7.65617503910906
999,178.638,3.728,11.506,2.40306561718133,2.22757266078576,1.07878214681162,16.8169557505248,5.96651625755343
999,178.714,3.676,11.554,2.18228153366512,1.61395389286924,1.35213375258542,11.0650090665479,88.7856460653588
999,178.79,3.638,11.547,2.58698031402592,2.22342207952769,1.1635129190475,18.0702811919186,-0.12615502932464
999,178.866,3.664,11.514,2.21595988384211,1.71465489619425,1.29236494688263,11.9368157557194,81.6032385407577
999,178.942,3.721,11.529,2.31846557694166,2.09942065227606,1.10433589115556,15.291496510454,-82.2452668329624
999,179.018,3.676,11.577,2.63096243999352,2.27200523318279,1.15799136444236,18.7790599394743,15.247416622384
999,179.094,3.673,11.618,2.60629983435755,2.24998167053173,1.15836491847581,18.4226978480601,-7.65617503910906
999,179.17,3.694,11.656,2.29614507476189,1.9830543133561,1.15788309946787,14.3048663966687,9.69951986655721
999,179.246,3.709,11.678,2.15808567643703,1.8974174053263,1.13738056285296,12.8641600603404,81.9464331330596
999,179.322,3.694,11.696,2.64035490569807,2.2251934349915,1.18657320490799,18.4578005812065,6.34019174590992
999,179.398,3.618,11.701,2.69326535006937,2.28596675580228,1.17817345472469,19.3418907864455,-8.20655308048069
999,179.474,3.676,11.796,2.3402132162328,2.15757112004774,1.08465171529596,15.8624556423063,82.4908196844247
999,179.55,3.698,11.889,2.28000345944646,1.45700320620168,1.56485823074493,10.4362839319616,-0.566836763551451
999,179.626,3.722,11.852,2.70955082809275,2.35940434761509,1.14840460933777,20.0839693687517,-9.44854410669932
999,179.702,3.74,11.815,1.72795428977395,1.55190752614225,1.11343895217089,8.42457423889635,90
999,179.778,3.725,11.871,1.84279321408805,1.52980744408692,1.20459161132396,8.8565228388697,-80.2547347460123
999,179.854,3.752,11.889,2.28000345944646,1.45700320620168,1.56485823074493,10.4362839319616,-0.566836763551451
999,179.93,3.729,11.926,2.26790772612591,1.66946838484333,1.35846102071513,11.8946988857361,-5.99250259678655
999,180.006,3.602,12.015,2.80823170933834,1.40411585466917,2,12.3875595380973,0
999,180.082,3.652,11.999,2.50530781676309,1.71276047223147,1.46273098742117,13.4805495700085,-1.44876532725886
999,180.158,3.793,11.962,2.22960592809293,1.60480368097828,1.38933251121021,11.2408692153173,2.8218245351931
999,180.234,3.727,12.018,2.80823170933834,1.40411585466917,2,12.3875595380973,0
999,180.31,3.725,12.031,1.77807762928181,1.57112072576292,1.13172565298468,8.7762734889329,-69.2983585388142
999,180.386,3.73,11.977,2.87625477913,1.36194460687595,2.11187354067769,12.3065599105378,3.07400298124541
999,180.462,3.687,11.944,2.6743128895017,1.66833480997696,1.60298333014981,14.0166846208151,-2.69746675634462
999,180.538,3.675,11.963,1.71968369184568,1.71968369184568,1,9.29066965357294,0
999,180.614,3.667,11.988,2.80823170933834,1.40411585466917,2,12.3875595380973,0
999,180.69,3.672,12.042,2.4739785930713,2.01766095130027,1.22616170545252,15.6817309742952,-88.3023302089451
999,180.766,3.686,12.085,1.82672006886269,1.5561661104449,1.1738593049944,8.93054217861253,-12.6564419009371
999,180.842,3.722,12.095,1.86144310714965,1.71240509452648,1.08703431979941,10.0139668863875,7.13225614903994
999,180.918,3.74,12.062,2.24994014654552,1.60135829680322,1.4050198203844,11.3190336755704,4.69398825754439
999,180.994,3.653,12.064,2.80823170933834,1.40411585466917,2,12.3875595380973,0
999,181.07,3.644,12.052,1.88169883145446,1.53989168339589,1.2219683057868,9.10311776976795,19.6048839962283
999,181.146,3.715,12.062,2.80823170933834,1.40411585466917,2,12.3875595380973,0
999,181.222,3.665,12.087,1.80108696260872,1.63344502264685,1.10263090439997,9.24249186759054,-3.07135907617728
999,181.298,3.663,12.078,2.82125647501542,1.57229466686989,1.79435606725803,13.9356228068193,-0.929374430339805
999,181.374,3.687,12.102,1.89690897387109,1.61118742110097,1.17733601257567,9.60157384464637,6.13238686394619
999,181.45,3.687,12.058,1.71455794663842,1.5174472895768,1.12989621347347,8.17364279866131,0
999,181.526,3.657,12.1,2.28317740103301,1.65968642551171,1.3756679369894,11.9046209496039,-8.85457518879242
999,181.602,3.686,12.181,1.89690897387109,1.61118742110097,1.17733601257567,9.60157384464637,-83.8676131360538
999,181.678,3.702,12.218,2.63480190921427,1.65317132881342,1.59378635673861,13.6840832235442,0.745546775856487
999,181.754,3.653,12.241,2.39317103373854,1.46116661824312,1.6378495127517,10.9855891319256,-0.752135166770297
999,181.83,3.641,12.3,2.79524308435547,2.31001333417152,1.21005495639616,20.2854170648775,12.9122636551879
999,181.906,3.626,12.384,2.63096243999352,2.27200523318279,1.15799136444236,18.7790599394743,15.247416622384
999,181.982,3.731,12.45,2.87461197359626,2.24825525125204,1.27859680167339,20.3036780994548,4.55550983720438
999,182.058,3.784,12.486,2.88615694183107,1.95855397708601,1.47361623707975,17.7584624363624,0
999,182.134,3.725,12.521,2.70973960348421,2.02175782709816,1.34028891451035,17.2110182263672,3.93236410151795
999,182.21,3.758,12.524,2.66062769073583,2.01219137546857,1.32225379910311,16.8191197477929,8.16909673536833
999,182.286,3.805,12.546,2.71612514176211,2.08759200651859,1.30108044736754,17.8133365652766,2.44294006844175
999,182.362,3.83,12.615,2.64282310744665,1.95308387348069,1.35315392407431,16.215818030345,6.82152886030778
999,182.438,3.918,12.652,2.95202706194444,1.35062393962284,2.18567654203493,12.5257762744274,2.16990984124913
999,182.514,3.946,12.663,2.80125726316702,1.90771209493571,1.46838575412053,16.7886471452056,-5.51281924967951
999,182.59,3.937,12.746,2.37220054457561,1.88626864529478,1.25761542529638,14.0573940735241,13.3360229862159
999,182.666,3.987,12.879,2.22133014260056,1.94197179443041,1.14385293801452,13.5520782428907,-66.6168647569954
999,182.742,4.008,12.962,2.76904130775967,1.54378209110024,1.79367368213618,13.4296689043705,0.943256227747552
999,182.818,4.031,13.012,1.79877261266957,1.52934936282879,1.17616854355792,8.64236980522715,8.72359421164109
999,182.894,4.051,12.998,2.14702828806443,1.62351768278192,1.32245451394497,10.9507701218332,4.95166359803439
999,182.97,3.998,12.953,2.24039802100364,1.56423259748914,1.43226654693161,11.0097228138888,0
999,183.046,3.99,12.942,2.49635649035197,1.60614995903001,1.55424870281701,12.5962876075675,2.43135401282228
999,183.122,4.007,12.916,2.1023001840077,1.57342231019684,1.33613218166756,10.3917790675805,9.8791891420884
999,183.198,3.945,12.894,2.21051049660076,1.56274414937015,1.41450569339305,10.8525135273039,-3.7242814831778
999,183.274,3.959,12.95,2.75073689148133,2.05201135209587,1.34050763835775,17.7328558519526,-2.82027471607841
999,183.35,4.073,12.956,2.4231390562667,1.5817909018073,1.53189593738218,12.0414083237223,2.43613987347315
999,183.426,4.008,12.879,2.27677342579376,1.96719990690088,1.15736759533533,14.0707802856925,-5.97829212157457
999,183.502,3.906,12.773,2.57395970726052,2.03521581771523,1.26471093869057,16.4574326395679,5.10126044844745
999,183.578,3.937,12.694,2.70235578102874,1.94175910593572,1.391704961119,16.4849543575308,-0.870323289233079
999,183.654,3.934,12.68,2.88873065658356,1.91886546435604,1.50543678556068,17.4141166622271,0.488055748100647
999,183.73,3.829,12.679,2.64528204917715,1.64251001625513,1.61051197435514,13.6499130255874,0.981369468966014
999,183.806,3.81,12.683,2.5152164748541,1.90020526600924,1.32365514391847,15.0150146072162,-1.18538216512519
999,183.882,3.857,12.683,2.83311197553102,1.81975703913874,1.55686276497212,16.1967179906063,7.0378857113427
999,183.958,3.781,12.673,2.4877869558756,1.93742476727275,1.28406893413342,15.1421626321354,-3.04107017220405
999,184.034,3.794,12.668,2.4929459961057,1.92935343759697,1.29211473000545,15.1103504355281,0.743657948557344
999,184.11,3.834,12.648,2.56562949459533,1.88088101780235,1.36405730628993,15.1602071583535,7.02655750808825
999,184.186,3.821,12.654,2.64808645747103,2.08722176646385,1.26871351191272,17.3640340228715,9.94983175598967
999,184.262,3.844,12.685,2.46349484101271,1.83518217426723,1.34237073330138,14.2030204365548,0.43567575883918
999,184.338,3.842,12.634,2.44129128351264,2.1143135300878,1.1546496055442,16.215818030345,-8.84531240647381
999,184.414,3.863,12.593,2.81018019773022,1.92342569365208,1.46102872962793,16.9808511476319,2.64504060268563
999,184.49,3.902,12.7,2.67703191490392,2.02002521460319,1.32524678184762,16.9887025289595,9.35424423209453
999,184.566,3.875,12.716,2.5100780993843,1.90092993075968,1.32044746035493,14.9900546441367,3.06279187629207
999,184.642,3.862,12.659,2.28198510234462,2.1159382456357,1.07847433971734,15.1693043904829,-7.47605919461842
999,184.718,3.925,12.652,2.43230745991597,1.89455300456435,1.28384239134829,14.4768843388903,0.428677619690521
999,184.794,3.925,12.637,2.48537911259698,1.85747068168877,1.33804486773236,14.50322165572,0
999,184.87,3.983,12.648,2.39537968524394,2.1057849186147,1.13752343084485,15.8466784554415,7.74963768825044
999,184.946,4.021,12.696,2.43592272988663,1.88447635185171,1.29262578832208,14.4212887461463,27.4172395138018
999,185.022,4.004,12.727,2.53730746854637,1.90914447178182,1.32902852877251,15.2181466459043,7.07132558758888
999,185.098,4.036,12.73,1.6539365051036,1.55768359793659,1.06179233529486,8.09371583432663,20.3006473225022
999,185.174,3.994,12.746,2.16697126033372,1.89639301276093,1.14268047063665,12.9101524499237,23.9618017770693
999,185.25,4.009,12.776,2.24732046617306,1.73207870724498,1.29747017659932,12.2287622746555,-10.9725638477088
999,185.326,4.035,12.774,2.35430160233476,1.57682150075523,1.49306792253096,11.6625764607276,6.33455772109336
999,185.402,4.04,12.808,2.2897851814365,2.20344479491951,1.03918427487544,15.8506394507863,19.3704818474389
999,185.478,4.068,12.847,1.90706601353411,1.66210355570435,1.14738098416855,9.95803567416619,82.7558983859838
999,185.554,4.015,12.852,1.94819564147513,1.6191113735544,1.2032499266547,9.90966934404351,22.537744233439
999,185.63,3.981,12.859,2.5513397542254,2.14363930463724,1.19019078849048,17.1818482995002,14.2895304490699
999,185.706,3.966,12.802,1.94089105763968,1.75256165670032,1.10745950090791,10.6862255779508,27.3671161703272
999,185.782,3.946,12.791,1.8110026962214,1.63426827352011,1.10814284629084,9.29805946393101,75.6369346673479
999,185.858,4.041,12.835,2.25366065537151,1.85963686762978,1.21188211236312,13.1663847833984,-15.366628756579
999,185.934,4.098,12.848,2.06839305384653,1.27066121581101,1.62780844186415,8.25681810918734,2.23807349352009
999,186.01,4.101,12.852,1.62302297961044,1.46089803693588,1.11097622049969,7.4489395011931,17.4960100992793
999,186.086,4.147,12.896,1.86115249041893,1.7798178911483,1.04569827041021,10.4065649368182,65.5560452195834
999,186.162,4.205,12.912,1.8277791960008,1.6934009771266,1.07935404590484,9.72374158273017,8.13010235415597
999,186.238,4.182,12.893,1.88762224477518,1.72013472841798,1.09736883605113,10.2006400627385,37.9818782660368
999,186.314,4.211,12.842,1.99124418015125,1.6661683610404,1.19510382426651,10.423012906857,65.0779998124597
999,186.39,4.206,12.789,1.96043211537418,1.8230385769573,1.07536512948958,11.2278742475801,61.8450337629899
999,186.466,4.08,12.784,1.87446813810984,1.72243739047391,1.08826489048412,10.1431157135603,71.565051177078
999,186.542,4.079,12.806,2.27059003738501,2.05072854098114,1.10721140902378,14.6283982893459,-75.9855516636751
999,186.618,4.11,12.827,1.91624521743261,1.62495701719563,1.17925901864142,9.78234182439682,90
999,186.694,4.075,12.833,1.86144310714965,1.71240509452648,1.08703431979941,10.0139668863875,-82.8677438509601
999,186.77,4.051,12.876,2.49832031460502,2.18925109754478,1.14117577349024,17.1827854809681,21.4379402789694
999,186.846,4.054,12.935,2.07535468544953,1.70863859778558,1.21462472411616,11.1401853149065,-78.8296760200029
999,186.922,4.036,12.944,1.80632173829089,1.64647178333955,1.09708636161812,9.34327805329803,0
999,186.998,3.986,12.999,2.47844035959947,2.23839040110638,1.10724222118467,17.4286673189876,23.155943891252
999,187.074,3.972,13.018,2.52647250040703,2.08238477634447,1.21325920603498,16.5281950107664,-3.14042944611738
999,187.15,3.998,12.988,2.42740809603061,2.23101418088919,1.08802898557245,17.0135522649855,-0.200331627896064
999,187.226,4.066,13.015,2.43705659268865,2.19256352538574,1.11151014074262,16.7867905659227,-37.2552792788773
999,187.302,4.013,12.994,2.65751359669525,1.73516799442948,1.53155982891964,14.4866142645795,9.13536131212615
999,187.378,3.912,13.096,2.60320437550248,2.42135599997899,1.0751018749515,19.8023523848549,8.80035634149248
999,187.454,3.954,13.23,2.39457011492402,1.73261579396903,1.38205488098351,13.0340595154749,1.93291142683224
999,187.53,3.991,13.273,2.32611993467269,1.85265583427322,1.25555966285838,13.5386924982353,-10.5112265011217
999,187.606,4.029,13.306,2.18869740208438,1.93425650141484,1.13154454979649,13.2999393464238,-11.1577942879354
999,187.682,4.029,13.319,2.03338733899006,1.83181605113355,1.11003904443996,11.7017778190623,-15.2021428448038
999,187.758,4.02,13.337,2.7109736291686,2.57974292081749,1.05086968445271,21.9710895951643,7.17297368394266
999,187.834,3.897,13.352,2.43091359665063,1.5457053884364,1.57268882856757,11.8044597678523,-5.65234400454544
999,187.91,3.903,13.371,3.06387242054077,2.58691359234115,1.18437369907202,24.9001792087591,12.2108940821678
999,187.986,4.014,13.469,2.83448280593549,2.13420245331716,1.32812273808883,19.0046254322743,20.4657101615773
999,188.062,3.958,13.512,2.99942233508999,2.15246078732634,1.39348523919717,20.282558730156,5.06525201445627
999,188.138,3.948,13.392,3.01332742394182,2.18584925695459,1.37856140552899,20.6926639620015,19.9934431224821
999,188.214,3.953,13.424,2.97692844526233,2.49732211436553,1.19204824565398,23.3556969542091,15.5618142180239
999,188.29,3.919,13.54,2.77771530638969,2.11697405477916,1.31211589491089,18.4736682410003,26.3545907776038
999,188.366,3.909,13.538,2.74588090996592,2.05364585058933,1.3370761610031,17.7156512622671,15.6956806354215
999,188.442,4.019,13.508,2.86121625191772,2.0758395080308,1.37834174600133,18.6592562611179,22.6496817626763
999,188.518,4.009,13.518,2.56813560895063,2.12610278132067,1.20790755344169,17.15347369967,18.4075325645932
999,188.594,4.04,13.581,2.52080880359708,2.25413285328459,1.1183053385358,17.8512769715117,66.6994909988785
999,188.67,4.145,13.629,2.69929634533375,1.78259584008498,1.51425033349403,15.1165723881106,12.4396486913223
999,188.746,4.103,13.671,2.41076366433659,2.23791725743674,1.07723538764691,16.9491738780151,13.8183929922926
999,188.822,4.068,13.698,2.66904226344033,1.71612338837029,1.55527410297402,14.3897693777378,18.3490528021058
999,188.898,4.025,13.699,2.53213122147399,1.99376900931958,1.27002235947992,15.860282624054,27.0532261887018
999,188.974,4.022,13.773,2.59602783238915,1.75776094152448,1.47689470795594,14.335704057427,20.1112091075638
999,189.05,4.081,13.799,2.05990034399049,1.56295996964524,1.31794824179537,10.114488801195,13.9052077219232
999,189.126,4.145,13.775,2.2568366308439,1.8373985710556,1.22827821159528,13.0272686479622,17.0209396472286
999,189.202,4.112,13.835,2.14195868049339,1.60219324300465,1.33689159522138,10.7814173346163,6.14260973365259
999,189.278,4.026,13.897,2.37954833620338,1.92472107878859,1.23630813961941,14.3883901803871,5.76035726250185
999,189.354,4.005,13.844,2.10844583202469,1.3027633683073,1.61844114082224,8.62934553165584,10.4867467106604
999,189.43,4.101,13.847,2.54078114300005,1.74761313716809,1.45385788705917,13.9496217268352,4.59372053454637
999,189.506,4.221,13.938,2.2549556457629,1.32243140216035,1.70515887786631,9.36830518268548,5.90572614797685
999,189.582,4.331,13.989,2.17524922308607,1.47783524479467,1.47191591941515,10.0991521395371,5.54402194160771
999,189.658,4.332,14.097,2.06196880014501,1.54118759907807,1.33790902637581,9.98360680080945,4.96723457580258
999,189.734,4.334,14.175,1.91664707236361,1.53009977888154,1.25262881468072,9.21322707496494,0
999,189.81,4.33,14.224,2.47362173792042,1.56136419977987,1.58426953702997,12.1335358813084,6.02304612662338
999,189.886,4.244,14.269,2.13708327339455,1.82986386084973,1.16789195038923,12.2854225374363,16.6755773050716
999,189.962,4.325,14.319,2.30577553171041,2.16690579331356,1.06408665241718,15.6966483750965,-12.3025619589758
999,190.038,4.353,14.384,2.29374311024331,1.90347809685297,1.20502732026996,13.7164755468342,16.1697882981688
999,190.114,4.311,14.448,2.25190678450398,2.05758657182915,1.09444084411091,14.5565480744477,53.9737627446221
999,190.19,4.388,14.508,2.0196149997037,1.9204035824895,1.05166175387238,12.1845913338711,72.9201527271653
999,190.266,4.415,14.574,2.18970090544922,1.88527363145297,1.16147643976839,12.9690768555913,28.8843144127944
999,190.342,4.318,14.624,2.19357018823117,1.59177577837558,1.37806481165942,10.9694107702865,-2.27939483328054
999,190.418,4.311,14.624,2.01505431001549,1.87444945248204,1.07501128256474,11.8661644267914,-87.9326643131318
999,190.494,4.343,14.591,1.97233260014995,1.82274006633513,1.08207014076099,11.2941815836549,85.0062892124932
999,190.57,4.372,14.586,2.14598169704683,1.90372184489885,1.12725590810292,12.8345125701258,0
999,190.646,4.41,14.661,1.91772857093877,1.62035868140676,1.18352102713076,9.76221057962435,90
999,190.722,4.341,14.762,1.98934798823447,1.59661024610264,1.24598222583784,9.97836862423084,6.37057816201588
999,190.798,4.347,14.816,2.14568836101318,1.78723991252784,1.20055978269775,12.0475676223106,0.625400407382714
999,190.874,4.347,14.792,2.0474522587144,1.59150336567755,1.28648943060371,10.2369649899174,0
999,190.95,4.28,14.788,2.06196880014501,1.54118759907807,1.33790902637581,9.98360680080945,-4.96723457580258
999,191.026,4.299,14.857,2.1292056918561,1.49755490197664,1.42178806870168,10.0172899415213,-0.71013277319952
999,191.102,4.39,14.898,2.22067011260113,1.80054618826315,1.23333137859865,12.561404091374,7.11864023288053
999,191.178,4.41,14.856,2.6761634726232,1.42321174852186,1.88036915476748,11.9655325219879,1.81560440143121
999,191.254,4.295,14.909,2.38693211010506,1.49293880243684,1.59881443647187,11.1952022875617,-2.70502151540825
999,191.33,4.357,14.942,2.82265609441059,1.6799283435175,1.68022410319026,14.8969924681033,-0.456138038302112
999,191.406,4.496,14.914,2.64090127650682,1.49042961160004,1.7719060705401,12.3655520442913,7.04382412232675
999,191.482,4.486,14.952,2.68598473745328,1.56428545703344,1.71706815106948,13.1998629165603,2.48345673548772
999,191.558,4.378,14.952,2.61454834887208,1.63638683746049,1.59775689281979,13.4410292915879,9.88915644592445
999,NaN,4.255,14.952,NaN,NaN,NaN,NaN,NaN
999,191.786,4.359,14.971,3.13692831176435,1.82581296310274,1.71809948508282,17.9932971753077,1.12551684315887
999,191.862,4.319,15.064,3.05781437412983,1.82241636959393,1.67789009424404,17.5068736865314,0.609746413117753
999,191.938,4.088,15.056,2.96049206244745,1.85582142200954,1.59524619520867,17.2603642791254,-1.81895094600674
999,192.014,4.084,15.038,3.16180623949398,1.7836128268889,1.77269763472661,17.71681750922,5.50930229669352
999,192.09,4.245,15.082,3.01134822923412,1.75802215878926,1.7129182440499,16.6316446475923,-3.06428462880985
999,192.166,4.24,15.061,2.90365254038227,1.63532152540839,1.77558510376553,14.9175558400727,-3.15086336742951
999,192.242,4.193,15.144,2.77720134441135,1.74765998778429,1.58909705767901,15.2480456257209,-2.74227130167028
999,192.318,4.332,15.219,2.79891719607287,1.92425349052968,1.45454702815814,16.9200719739412,2.97779816291043
999,192.47,4.272,15.268,3.0811312878589,1.98933927062319,1.54882142697243,19.2561266078441,-9.61916709897546
999,192.622,4.041,15.339,3.0621929379318,2.02582950849797,1.51157485123328,19.4888097531299,-2.50493752927722
999,192.774,4.699,15.227,3.12385436417405,2.00736944853098,1.55619303983138,19.7000787109781,6.97675296884585
999,192.926,4.835,15.221,3.11883174783915,2.07958713620454,1.49973602622458,20.3760004458288,3.02028259144863
999,193.002,3.816,15.465,3.10990087653207,2.04539124252287,1.52044303890546,19.9835578286126,-5.42766900859527
999,NaN,3.756,15.559,NaN,NaN,NaN,NaN,NaN
999,193.382,4.042,15.474,3.12223065104829,2.3898673597617,1.30644516244601,23.441675695487,7.54890683781904
999,193.458,4.514,15.302,3.06233498656048,1.97794120740556,1.54824368646291,19.0289991725245,6.01581559726815
999,NaN,4.732,15.321,NaN,NaN,NaN,NaN,NaN
999,193.686,4.153,15.542,3.1029161726856,2.34437575457081,1.32355752555275,22.8532061348217,11.6464097640285
999,193.762,4.127,15.619,2.97139080680484,1.94680822762983,1.52628839586445,18.1732592083276,27.7496583640797
999,193.838,4.572,15.5,3.18083848013363,1.97132338912824,1.61355488281416,19.6992351324772,25.4596554936302
999,193.914,4.655,15.48,3.11844755103639,2.17230287552169,1.43554915208934,21.2818164823461,20.8772743517446
999,NaN,4.393,15.591,NaN,NaN,NaN,NaN,NaN
999,194.142,4.22,15.651,3.03032222255642,1.92658930200285,1.5728947624728,18.3412034278689,29.6356910729114
999,194.218,4.209,15.645,3.04364046376718,2.12444495175704,1.43267560839829,20.313684553549,19.4865676138385
999,194.294,4.36,15.644,3.02779559156445,1.77876558368673,1.70218921443766,16.919796797023,23.5388008881957
999,194.37,4.344,15.642,2.84882542188638,1.62945523916335,1.74832996538716,14.5833783700774,14.2862361600415
999,194.446,4.236,15.631,3.08567097456616,2.02436216309894,1.5242682514094,19.624007421113,23.5916196500912
999,194.522,4.316,15.664,3.00324155515985,2.2150799449981,1.3558163270547,20.8991942367081,35.4463217854317
999,194.598,4.368,15.655,3.16048843274637,1.99814899943781,1.58170808765292,19.8395559601959,18.7130854840649
999,194.674,4.415,15.685,3.12832213930373,2.23462781725079,1.39992982954648,21.961729676763,25.6029710909802
999,NaN,4.396,15.748,NaN,NaN,NaN,NaN,NaN
999,194.902,4.251,15.734,3.05552126924241,2.02903828684279,1.50589631011686,19.4771507598593,17.2574383504384
999,194.978,4.391,15.751,2.98521362271718,1.85901853049297,1.60580089641471,17.4344803067379,25.0386739991725
999,195.054,4.268,15.704,3.13372365179307,2.11493348764994,1.48171262599619,20.8212731677176,31.9385954256281
999,195.13,3.924,15.693,3.03636688657864,2.15910093396192,1.4063107651975,20.5957240576489,8.83452083177654
999,195.206,4.014,15.755,3.03245520486991,2.02238427790666,1.49944559893868,19.2667271611039,12.6531986487702
999,195.282,4.257,15.732,2.86641319914123,2.01033252329293,1.42584033533221,18.1032507300215,30.0979338297664
999,195.358,4.266,15.781,2.78539805308496,2.11195757461689,1.31887026830557,18.4808665136442,29.4464185053612
999,195.434,4.101,15.813,3.03245520486991,2.02238427790666,1.49944559893868,19.2667271611039,12.6531986487702
999,195.51,4.332,15.745,3.29558519223374,2.10248361539781,1.56747247307808,21.76782491078,25.3366326537227
999,195.586,4.481,15.733,3.23707782069838,2.03657770316815,1.58946934146569,20.7111396761581,33.206070090613
999,195.662,4.42,15.752,3.04575262050402,2.02816235303007,1.50173018247463,19.4064999853074,26.8842731699411
999,195.738,4.278,15.807,2.69204055958237,2.04419418175572,1.31692017500521,17.2883529158477,26.7286737087046
999,195.814,4.254,15.794,3.11277546983441,2.13522202449204,1.45782285595098,20.8804910842491,34.0577552673852
999,195.89,4.424,15.769,3.06168903619307,1.98083624530697,1.54565479274063,19.0528314638913,28.5102225598491
999,195.966,4.462,15.839,2.90725584214474,2.01094967103266,1.4457128808459,18.366835065855,24.5514232853206
999,196.042,4.446,15.881,3.30073788676856,2.12441606684586,1.5537153659684,22.0292893920649,30.5750907810564
999,196.118,4.344,15.955,2.73343296995961,1.85408928768312,1.47427256503668,15.9216820091969,18.5473909004678
999,196.194,4.312,15.975,2.48304942771939,2.1593800245595,1.14988996817543,16.8447401948278,49.7838270072992
999,196.27,4.397,15.938,2.80751887548872,2.10453341025645,1.33403388219273,18.5621544596956,34.6322407598855
999,196.346,4.449,15.912,2.53939355190256,1.94725172877632,1.30409105015834,15.5346682544776,28.8515349938439
999,196.422,4.428,15.895,3.11137783253648,1.92597495797743,1.61548197688089,18.825792255825,28.8928688668275
999,196.498,4.375,15.95,2.59725072130691,2.11695214483234,1.22688211334726,17.2732790396693,27.3707800656286
999,196.574,4.462,15.934,3.18414048579863,1.73824377988917,1.83181468712153,17.3881259551486,32.003448837531
999,196.65,4.487,15.902,3.28025923739997,1.94483580536022,1.68665099046364,20.0419964715628,31.277683672894
999,196.726,4.506,15.925,3.14445500873697,2.02088803878081,1.55597685195563,19.9635380221017,29.2445258305804
999,196.802,4.358,16.025,3.11339328484438,2.12421397602977,1.46566839309824,20.7769655156895,24.5888533201045
999,196.878,4.366,16.034,2.56024336106736,2.04298613204756,1.25318685276703,16.4322313203535,15.4178819997921
999,196.954,4.528,16.007,2.88146516452463,2.01677353510486,1.42874998822057,18.2566201628574,11.7348408309034
999,197.03,4.51,16.029,2.8202742186556,1.84770430857548,1.5263666407911,16.3709424411829,48.2459697887353
999,197.106,4.478,16.026,2.9555948847729,2.12363857801725,1.391759838688,19.7185685733622,8.73561903900153
999,197.182,4.386,16.037,2.48306477294559,2.1418138641047,1.15932799509799,16.7078145763092,27.5349091553682
999,197.258,4.421,15.955,3.19216372978914,2.09580743779656,1.52311880959123,21.0177590390442,34.1638840956398
999,197.334,4.477,15.919,2.26987890015927,1.69334651697399,1.34046922907164,12.0753130718601,54.2662782650263
999,197.41,4.527,15.985,3.17582105086479,2.04159059621545,1.55556214686328,20.3692272032197,35.7099994403032
999,197.486,4.525,16.134,2.62773875696502,2.06877622988603,1.27018994079886,17.0783369122901,11.9278452968757
999,197.562,4.561,16.102,3.04204720242811,1.99995311452327,1.5210592590083,19.1132982074897,40.2074542340257
999,197.638,4.6,15.99,2.49973038775209,2.24970138938834,1.11113874914383,17.6672078704306,-3.31158417024623
999,197.714,4.499,15.97,2.39853428110499,2.03852122113822,1.17660500966762,15.360701140262,31.6433532579512
999,197.79,4.439,16.002,2.0186086153669,1.73829069028162,1.16126067213756,11.0236241967946,54.5502226858758
999,197.866,4.465,16.004,2.64181213559193,2.05823786894943,1.28353101235105,17.0823402480999,26.0250494812575
999,197.942,4.42,15.979,2.36806543613353,1.70123444518409,1.39196889813577,12.6563285127567,-3.44871377887587
999,198.018,4.501,16.026,2.35522634094234,2.09844153356297,1.12236929324562,15.5267083722347,77.2620454964093
999,198.094,4.582,16.02,2.84157842397612,1.96307829841272,1.44751150592094,17.524560748718,25.2441721329226
999,198.17,4.613,15.97,2.51135114668201,1.85450966153471,1.35418606803252,14.6314178955125,13.186453498215
999,198.246,4.698,15.943,2.86283530024662,2.00677050758907,1.42658828671248,18.0486177086648,26.9349063874052
999,198.322,4.593,16.023,2.59158230148963,2.23534950216469,1.15936335636998,18.1995359205047,30.9618696507803
999,198.398,4.473,16.138,2.63271626616151,2.02834215403727,1.29796457709133,16.7762599091618,8.12419928828674
999,198.474,4.462,16.124,2.94674466412446,2.17109399184615,1.35726259442999,20.098840511951,6.79514960837757
999,198.55,4.493,16.081,2.39684569827363,1.95368916804436,1.22683062253596,14.7111091469121,13.3845960227426
999,198.626,4.603,16.04,3.00924929560764,1.90470590032411,1.57990233300352,18.0067762192613,43.6852429755255
999,198.702,4.652,16.053,2.96130832579979,2.14922866294836,1.37784702802977,19.9947567131537,11.4189421828865
999,198.778,4.616,16.143,3.00273114131413,1.94472058081021,1.54404245573579,18.3452456320556,9.58402298520636
999,198.854,4.529,16.259,2.93723148891242,2.09491119103942,1.40207923919442,19.3309708051076,5.59920472496986
999,198.93,4.559,16.268,3.05334955882545,2.2634109070616,1.34900364282037,21.711498745367,18.6105545339967
999,199.006,4.587,16.191,2.89714736176483,2.06335449916791,1.40409578816105,18.7799446486507,17.0745527065957
999,199.082,4.562,16.187,3.12047760772974,2.03419797100942,1.53400880946768,19.9417909833911,18.9995729120069
999,199.158,4.642,16.256,3.09216047027298,2.12811600683892,1.45300371800034,20.6731756634884,15.9754597778745
999,199.234,4.606,16.303,2.86230371611563,1.8456208982539,1.5508622159749,16.5961780796295,4.66502758301896
999,199.31,4.561,16.32,2.85738221327864,1.83500888793636,1.5571489773502,16.4723811140761,7.54630440680405
999,199.386,4.577,16.441,2.51144743572693,2.06786639942473,1.21451145800599,16.3153517740964,17.0765141850363
999,199.462,4.577,16.572,3.09576214384873,2.12394788407869,1.45755089710762,20.6567176843572,35.1503564477485
999,199.538,4.574,16.684,2.84122730625633,2.41264001430545,1.17764245366471,21.5351736981658,17.5292145796078
999,199.614,4.59,16.825,3.0423063975483,2.04670439429616,1.48644152327358,19.5617608592344,27.3739023886017
999,199.69,4.606,16.749,2.89024632560081,2.32293996034792,1.2442191253053,21.0922405379213,18.7345814621508
999,199.766,4.562,16.653,3.01648881110027,2.46763104459384,1.22242294597034,23.3847007555495,15.1503551518478
999,199.842,4.55,16.695,2.93863476370667,2.16437627174026,1.3577282296409,19.9815074238862,19.1892289784641
999,199.918,4.627,16.668,3.05076821508338,2.10521404246096,1.44914871055918,20.176941921869,29.3048659479061
999,199.994,4.668,16.683,2.62494238177686,2.13796144863499,1.22777816384518,17.6306984505241,31.0444874781753
999,200.07,4.556,16.753,3.22844610561034,2.35565448438315,1.37050918418358,23.8921374307526,24.1364753226966
999,200.146,4.428,16.831,3.02959305751279,2.30547980863904,1.31408353530591,21.9429742073919,18.2830533249586
999,200.222,4.374,16.845,2.60629983435755,2.24998167053173,1.15836491847581,18.4226978480601,7.65617503910906
999,200.298,4.411,16.894,2.53580569103781,2.46966749997173,1.02678020060062,19.6745284178307,15.4007229880685
999,200.374,4.541,16.859,3.12111420710412,2.43938139382386,1.2794695470771,23.9187918920402,10.8132536186969
999,200.45,4.62,16.809,2.89138463026048,2.28711662997804,1.26420515349418,20.775144469479,6.61001026581036
999,200.526,4.578,16.886,2.9881079291277,2.53776573351842,1.17745617322404,23.8230675192303,16.7974538536468
999,200.602,4.448,16.887,2.70979004235728,2.33069458654065,1.16265342443658,19.8413346757858,21.5548872646356
999,200.678,4.41,16.877,3.08240740497169,2.61976783469895,1.17659563727177,25.3689631503312,17.7996099794881
999,200.754,4.496,16.843,2.81459869218909,2.18714826742932,1.28688060800617,19.3394704981792,-6.28804443726704
999,200.83,4.458,16.887,2.86841048956532,2.47876333510723,1.1571941737799,22.3370717033468,4.2913748749226
999,200.906,4.435,17.01,2.51489343120229,2.42424899454702,1.03739072878205,19.1534354935644,-73.5118654161365
999,200.982,4.433,17.017,2.70544996761743,2.36788779694385,1.14255834719418,20.1256770261434,15.9168191303068
999,201.058,4.42,16.937,2.4748972578408,2.34685908463463,1.05455724804461,18.2471087616404,80.7260209482886
999,201.134,4.487,16.892,2.74393032973252,2.32364026679956,1.1808757013459,20.0305026020388,28.6655697329941
999,201.21,4.574,16.915,2.79102763211296,2.45501742041879,1.13686673214598,21.5262602737735,21.8304853424695
999,201.286,4.566,16.927,2.81518345713918,2.4714775832896,1.13906898293291,21.8581423611514,22.7254149388333
999,201.362,4.542,16.832,2.43637481601242,2.15061053242006,1.13287588770004,16.4609821047591,10.5112265011217
999,201.438,4.621,16.8,2.78557761386081,2.33812336827598,1.19137324046111,20.4612687064134,10.065177184859
999,201.514,4.687,16.859,2.86904164993829,2.32182935027553,1.23568153258026,20.9274841879821,-2.765036392839
999,201.59,4.721,16.87,2.83720766414463,2.25664099563502,1.25727028341353,20.1142327208206,-0.06119155469216
999,201.666,4.731,16.92,2.51263187264309,2.32650012902554,1.08000504332467,18.3646145772632,16.1995886522594
999,201.742,4.76,16.922,2.58447794322059,2.47353682935688,1.04485120760969,20.0835778425225,-27.3498757800698
999,201.818,4.738,16.999,2.95504401922468,2.47220107057119,1.19530893113881,22.9507888538972,1.9143150433887e-15
999,201.894,4.728,17.034,2.76572849415996,2.35382654416613,1.17499248235377,20.4519099973899,28.2027317819106
999,201.97,4.756,16.994,2.50973795991753,2.42283702527786,1.0358674288584,19.103038632996,-23.1985905136482
999,202.046,4.766,16.955,2.9532346037819,2.52759290675017,1.16839804222231,23.4506534684828,11.0007030948759
999,202.122,4.83,16.987,2.68505607644591,2.49434487786718,1.07645742987305,21.0406781622922,35.1381324666709
999,202.198,4.864,17.127,2.61903052461954,2.47754876868944,1.05710553823122,20.3850905456471,45
999,202.274,4.829,17.198,3.04417004486176,2.63087978169914,1.1570920366782,25.1605299448874,3.14079232633418
999,202.35,4.863,17.282,2.58507627061739,2.50304919347183,1.03277086098008,20.3279048345233,-7.89620176442865
999,202.426,4.964,17.272,2.84059310386237,2.27424049384995,1.24902934036394,20.2952912986957,7.53076396843722
999,202.502,4.935,17.324,2.86809329163799,2.00259223152637,1.43219036131581,18.044118622853,22.1771810018533
999,202.578,4.925,17.461,3.1056730815539,2.00758341524784,1.54697087949917,19.5875090354852,12.6468201280613
999,202.654,4.895,17.492,2.18623181290179,2.16114440214503,1.01160839170759,14.8432796131127,-62.1434384886039
999,202.73,4.795,17.543,3.06800624380231,2.16036042086619,1.42013629492999,20.8224737834686,17.2542614938342
999,202.806,4.863,17.523,3.02025149348948,2.27419944998164,1.32805040187388,21.5785138427465,7.71788345503496
999,202.882,4.852,17.576,3.06894324102893,2.03886448107599,1.50522178865431,19.6574459046467,12.8035363088646
999,202.958,4.87,17.628,3.11375156321423,2.15713170856362,1.44346844972558,21.101362292344,14.338476885472
999,203.034,4.899,17.628,2.31595389181598,2.16200727048941,1.07120541333412,15.7302973283504,-10.8579147977657
999,203.11,4.83,17.599,3.05345972900552,2.12249486530541,1.4386181935786,20.3605130645831,13.5428519919916
999,203.186,4.855,17.589,3.04809588650576,1.99562358508145,1.52739018985956,19.1098432839388,0
999,203.262,4.848,17.692,2.8712504149477,2.11502917836358,1.3575464794151,19.0781960271775,8.55665049966697
999,203.338,4.714,17.757,2.98888853461532,2.13264208033895,1.40149561999653,20.025232451256,4.96901687393033
999,203.414,4.668,17.809,2.61542643073223,2.25044936917165,1.16217963690288,18.4910523255244,-5.73211841127428
999,203.49,4.734,17.795,3.02612457548101,2.17987965120205,1.38820717639725,20.7237904646312,-0.0659480643459889
999,203.566,4.741,17.802,2.99823321276962,2.29959036005707,1.30381187225676,21.6603646086788,12.7374274912138
999,203.642,4.721,17.833,2.97379349492908,2.42966472688581,1.22395220296123,22.6990158750513,-8.22887343722772
999,203.718,4.707,17.915,3.00092558499279,2.17567426332011,1.37930830712376,20.5115732963375,-6.42904508649909
999,203.794,4.787,17.947,2.96455516258731,2.33077178900496,1.27191996083534,21.7074675962715,-2.84060732687499
999,203.87,4.776,17.851,2.90401153911497,2.36322277188927,1.22883528952853,21.5602043698484,15.684405597219
999,203.946,4.783,17.836,3.08188551273022,2.26373013649332,1.36141912988988,21.9175005716326,10.0547170691558
999,204.022,4.766,17.865,3.04172858857922,2.26777954887788,1.34128054470034,21.6706115198517,6.41169601706759
999,204.098,4.676,17.87,2.80785695346486,2.2470147944929,1.24959433304423,19.8212383250087,-0.309455908127683
999,204.174,4.81,17.853,3.03574845196526,2.11266056622036,1.43693146949599,20.1486234697982,10.8017120589185
999,204.25,4.816,17.802,2.97285959145855,2.11445530807993,1.40596946177978,19.7479846406855,8.24963288693671
999,204.326,4.848,17.819,2.99404307654896,2.22602677709709,1.34501664910492,20.9381497385598,0.586850274525375
999,204.402,4.815,17.868,3.0635227589219,2.14752392806622,1.42653719424701,20.6685017164736,7.42336401473612
999,204.478,4.708,17.902,2.97451185444389,2.0927831129383,1.42131873869511,19.5564399612164,-6.43283053521211
999,204.554,4.713,17.942,3.03574845196526,2.11266056622036,1.43693146949599,20.1486234697982,10.8017120589185
999,204.63,4.688,17.86,2.92967162005804,2.22031304185674,1.3194858404327,20.4353945281379,11.4959114207893
999,204.706,4.663,17.776,2.99830776370141,2.02766787773406,1.4786976686991,19.0995398003682,-5.13316227210667
999,204.782,4.573,17.824,3.08538054296549,2.24483452128547,1.3744356270852,21.7592008755654,4.59550702221011
999,204.858,4.499,17.901,3.02715247838976,2.09683327469042,1.44367819555739,19.9410521625591,-3.69090921095994
999,204.934,4.567,17.913,2.93878660683918,2.34442448552978,1.25352154653644,21.644829701716,8.75528233921049
999,205.01,4.706,17.913,3.00809385191892,2.2342976270042,1.3463263871216,21.1145718272404,-9.65414622599111
999,205.086,4.697,17.938,2.93406264951364,2.12877076648099,1.37828961939564,19.6222205668536,16.6254976680804
999,205.162,4.707,17.929,2.5768249996302,2.30675431642109,1.11707821734051,18.6739477740463,-25.3232961795452
999,205.238,4.73,17.929,2.97285959145855,2.11445530807993,1.40596946177978,19.7479846406855,8.24963288693671
999,205.314,4.702,17.85,2.86662423492605,2.08497988287793,1.37489299463609,18.7768401831545,-0.829744968212546
999,205.39,4.667,17.825,2.56876550760634,2.27454908601896,1.12935153758424,18.35564489552,-16.4800210674442
999,205.466,4.669,17.912,2.87683410653207,2.21785891225243,1.2971222338081,20.0446559757804,-0.802696347262894
999,205.542,4.668,17.879,2.83675537573694,2.11440061240782,1.34163571420201,18.8433899292908,3.07421830065271
999,205.618,4.541,17.874,3.00769441759322,1.98734620798224,1.51342247541607,18.778336316334,-7.1138326325386
999,205.694,4.64,17.884,2.81718937839014,2.35397982953038,1.19677719539006,20.8338077469216,0.50945777192475
999,205.77,4.834,17.855,3.0621929379318,2.02582950849797,1.51157485123328,19.4888097531299,-2.50493752927722
999,205.846,4.799,17.894,2.97285959145855,2.11445530807993,1.40596946177978,19.7479846406855,8.24963288693671
999,205.922,4.701,17.848,2.932935571218,2.0289226370105,1.44556303809568,18.6946734349985,13.789141417413
999,205.998,4.729,17.791,2.95955025575347,2.32873510141417,1.27088317342588,21.6518834761952,-0.656659736538558
999,206.074,4.727,17.838,2.97513376989429,2.15828213315986,1.37847305696708,20.1727258185623,2.64344904588803
999,206.15,4.766,17.847,2.99404307654896,2.22602677709709,1.34501664910492,20.9381497385598,0.586850274525375
999,206.226,4.9,17.872,3.03574845196526,2.11266056622036,1.43693146949599,20.1486234697982,10.8017120589185
999,206.302,4.839,17.95,3.17483710178917,1.99883664892733,1.58834245084156,19.9364865147993,24.8914975515502
999,206.378,4.869,17.889,2.95229798366528,2.16669708030743,1.36257994276079,20.0959370068438,-17.0904860046736
999,206.454,4.926,17.798,2.93135051873254,2.09636377912315,1.39830240720846,19.305643079639,19.3941260885378
999,206.53,4.851,17.777,2.62726791185992,2.001789609651,1.3124595607817,16.5223822319298,21.0977911419156
999,206.606,4.921,17.798,2.9824465974417,1.8635404899293,1.60041953129489,17.46068920453,-2.72784719921194
999,206.682,4.939,17.866,2.92945915068943,2.11142785820339,1.38743037765074,19.4318239197356,22.5949526891122
999,206.758,4.911,17.864,2.89266538976581,2.06057938145937,1.40381167345134,18.725672429071,45.1070610640517
999,206.834,5.024,17.88,2.90537058630561,2.11597408842756,1.37306529517319,19.3135342153734,-5.4009472412049
999,206.91,5.043,17.902,2.92795131675145,2.08127987966301,1.40680325859179,19.1445080052243,35.4299701670639
999,206.986,4.938,17.891,2.85494324003935,1.88178930412058,1.51714287767915,16.8778975651275,39.6004113845742
999,207.062,4.989,17.899,2.9433553761114,2.02901016952922,1.45063608862756,18.7618991740026,30.8496221169968
999,207.138,5.084,17.937,2.30137311305933,1.96986949457418,1.16828709688547,14.2421108731484,64.2479947297842
999,207.214,5.041,17.939,2.51709526880256,2.12229698385065,1.18602405222082,16.7824624019373,59.6827811721197
999,207.29,5.053,17.858,2.47683577843791,2.0958875899855,1.18175983782367,16.3085395577777,51.0418672092635
999,207.366,5.101,17.852,2.29320509298625,1.90292747350055,1.20509327072133,13.7092913642502,71.9921828744934
999,207.442,5.153,17.868,2.3212648815721,1.93302576607303,1.20084528737958,14.096529893415,51.5001167372645
999,207.518,5.154,17.813,2.25831530412574,1.88607831095175,1.19736030630995,13.381172559443,52.7140610890045
999,207.594,5.181,17.766,2.04683300084138,1.9171492725746,1.06764404322707,12.3278747188487,90
999,207.67,5.136,17.748,2.23665396302852,1.88052279368264,1.18937881026609,13.2137861298696,81.5283958062254
999,207.746,5.092,17.795,2.53638814189477,2.0605624028109,1.23092032468164,16.4191760010434,72.8565615113955
999,207.822,5.245,17.796,2.30676960376812,1.86313842983738,1.23810961484459,13.5020346024678,79.564452777844
999,207.898,5.372,17.802,2.3877727155638,2.07975224617639,1.14810440520197,15.6010726782302,43.9415880565252
999,207.974,5.364,17.785,2.30520118519746,2.13420806915138,1.0801201712793,15.4559414709008,1.67503819875074
999,208.05,5.294,17.723,2.20826902792746,1.73699456219834,1.27131602826245,12.0503680842833,-84.9960100992793
999,208.126,5.304,17.758,2.15563742975081,1.92992312100842,1.116955077788,13.0696993614115,-70.992805417211
999,208.202,5.303,17.656,2.10617378200375,1.75514481833646,1.2,11.6133370669662,90
999,208.278,5.32,17.629,2.28691464695771,2.01225447302198,1.1364937574338,14.4571514348224,85.5098120399777
999,208.354,5.232,17.714,2.14792383436136,1.89248262877664,1.13497677690698,12.770286820803,-83.0732879422753
999,208.43,5.338,17.662,2.32149725715019,2.14103440838991,1.08428769199276,15.6149894247125,64.5742507242042
999,208.506,5.386,17.646,2.22618550859967,2.21191515335635,1.00645158347131,15.4696215052861,-45
999,208.582,5.243,17.549,2.08801690792282,1.92128205688043,1.08678311986795,12.6030311774192,88.9523737176881
999,208.658,5.279,17.44,2.10617378200375,1.75514481833646,1.2,11.6133370669662,90
999,208.734,5.298,17.526,2.06406876294995,1.95325371795828,1.05673356408993,12.6658019758321,62.2812623244409
999,208.81,5.383,17.615,2.22879571597368,2.11165156290616,1.05547513383614,14.7857171935807,41.1226138868312
999,208.886,5.405,17.558,2.19213411620797,2.0783183777466,1.05476337970161,14.3129472817246,8.13010235415594
999,208.962,5.37,17.412,2.13522582724482,2.00399839776166,1.06548280159791,13.4428408365151,-45
999,209.038,5.445,17.365,2.19213411620797,2.0783183777466,1.05476337970161,14.3129472817246,8.13010235415594
999,209.114,5.511,17.483,2.13522582724482,2.00399839776166,1.06548280159791,13.4428408365151,45
999,209.19,5.422,17.556,2.33374868684127,2.06436668577395,1.13049135258948,15.1352919001143,54.0902769208224
999,NaN,5.459,17.6,NaN,NaN,NaN,NaN,NaN
999,209.418,5.507,17.696,2.28691464695771,2.01225447302198,1.1364937574338,14.4571514348224,-85.5098120399777
999,209.57,5.556,17.758,2.24304544628689,2.00071938158169,1.1211194667958,14.0985394828848,16.1940574267005
999,209.722,5.698,17.823,2.42857174262302,2.06443659330677,1.17638475819351,15.750790636917,9.89943817726248
999,209.798,5.822,17.856,2.45720274567105,2.10617378200375,1.16666666666667,16.2586718937526,0
